,question_text,topics,answer_text,q_token_count,a_token_count,tf_type,tf_type_zero_shot,tf_score
1379,i snap easy and push people away i need help before i push my boyfriend away,angermanagement,death of someone with whom we had fond involvement is sad   accepting that a person is permanently gone from this earth is unsettling and can feel painfulthat you had no current contact with this person doesnt exclude the meaning or feelings from within your relationship with this person     relationships dont require a time measurement in order to affect us   your question acknowledges the process of adjusting to life without the chance to see or hear from this person againit is normal to grieve so be gentle and not critical of yourself when you feel yourself missing this person,1,1,T,F,0.8543358445167542
1620,my boyfriend of five years told me he cheated on me during our relationship after we broke up weve since gotten back together and are trying to make it work i dont know how to trust him now but i really want to make it work and it seems like he does too but my trust issues are getting in the way and causing problems,intimacy,hi michiganthis is a common issue how do you trust after you know someone is capable of hurting you i totally get that its hard and i believe its worth it if you truly love and want to be with someone you can be stronger in the scarred places i would suggest that you each have a separate job to do to rebuild this trust it is definitely possible to rebuild it because anything is possible if both people want it enoughyour boyfriend came clean to youthis is pretty crucial he chose to honour your needs rather than keep the secret you can use that as evidence in your proof that he loves me file work on that filethicken it up having a thick he does care about me and wouldnt hurt me again file will help you other things that he can do to help you thicken that file because after all his behaviours caused this problem answer all your questions dont brush you off if youre feeling insecure treat you as though youre a priority avoid questionable contact with other women have open communication give you passwords to devices so there is transparency he can help you to understand where those behaviours came fromwhy he cheated in the first places although people arent always good with those why questionsyou can focus on telling yourself that people change that he deserves a chance to show you he can be loyal or at least youve decided to give him that chance and that you want to be a trusting person if you act like a trusting person you will likely feel more like one dont go snooping dont interrogate him its normal you might feel scared and try to tell him that when you do let him know what happens that leads to you feeling scaredthis is a start for you a good therapist can be helpful too,1,1,T,F,0.8158920407295227
1295,i was the one who ended it and im so glad i did it was the best decision i made in my life but how do i stop the nightmares and flashbacks it is creating a wall in my current relationship,trauma,ending an abusive relationship is often very difficult especially if you were very close initially without the presence of abuse  if the abuse included verbal or psychological condemnation you will often have a negative selfimage that you may know is not true but often feels very true this negative selfimage and fear of being abused again can activate protections in you that were needed at the time you were abused but now create a wall in your current relationship  the fact that you were able to end the relationship and know that you made the right decision is a great acknowledgement that you have solid internal resources to draw upon in healing from the abuse  good for younightmares and flashbacks are a strong sign of memories including associated beliefs emotions and physical sensations that have remained unprocessed and therefore unhealed  there are likely reminders called triggers of the past abuse that are being activated in your current relationship that are allowing these unhealed memories to come to the surface and affect both your sleep and your waking experiences  this is certainly not something you are purposefully doing but is the result of what happened to you  however you likely feel as if you are not in control    the goal is protect your current relationship evaluate your selfimage for flaws in beliefs and feelings and begin working on healing your memories of abuse in many cases my use of emdr eye movement desensitization and reprocessing would be helpful in reducing the emotional strength of your abuse memories reduce or eliminate triggers bring healing and allow you to enjoy being in the present with your current relationship  i would recommend discussing with your current partner your harmful past experiences your decision to pursue counseling and your strong desire to be healthy for your current relationship  with a good support network in place healing is very possible,1,1,T,F,0.8678484559059143
422,a girl and i were madly in love we dated for over a year and were even talking about marriage and future plans together she moved away for school and we attempted a long distance relationship we eventually broke up its been a year now and i still havent lost my feelings for her i still love her the same way i did ive suffered from depression ever since the breakup and have been unable to connect with anyone else its damaging me and my life,depression,hi boise im sorry that youve lost this love the fact that you were planning marriage and a future tells me that you meant something very special to each other at that time its different nowyoure not together anymore but you cant accept this right good for you for identifying that this situation is damaging your life youve been grieving for longer than you were together oh but really youve not been grievingyoure stuck still loving her instead of moving forward unrequited love is a recipe for eternal heartache lets look at some possible blocks to moving forwardit could be that theres something unfinished for you maybe you felt hurt and you didnt have the chance to say so or you felt you hurt her and you didnt have the chance to make it right maybe theres a burning question you need to ask or something else you need to say maybe you want to tell her youve never stopped loving her and see if she feels the same way if this is the case you have two choices right you can reach out and say what you need to say or you can stop ruminating on that question and let it go if you reach out theres no guarantee it will go well or that shell even respond maybe write her a letter and dont send it or send itit might be worth the risk use the next paragraph to help you decide do you know how she feels how did it end did she end it was it ended just because of the distance or are there more differences between you that didnt work sometimes people are so in love that they cant clearly see that the other person isnt in love with them anymore use the information you have about what she wants for her lifecan you honour what she says she needs if shes asked for distance you would do well to honour thata key to moving forward look at your thoughts and where theyre getting stuck write it down what bad thing can happen if you let it go or if i move forward that will mean  keep goingwhat would be the worst part of that  this kind of exploring can help you identify your stuck placeit is possible that youve turned this ending into some kind of negative meaning about you or your future as in if this person doesnt love me then im unlovable or no one will ever love me as much as she did so your need to cling to her in your heart is your way of rejecting that negative message about yourself or the future can you find another way to reject that message try saying these things to yourselfi know she loved me there is evidence of thati was a good partner there is evidence of thatits part of life to fall in love and then have to move forwardi can do this and learn from itmany people like methats how i know im lovableits normal to feel sad im grieving a lost lovei want to move forward and not stare in the rearview mirrori know more love awaits me if i can get fear out of the wayif this person loved me others can too but not if im clinging to some old memorythese are the kinds of things a therapist would explore with you i wish you well,1,1,T,F,0.7262284159660339
1364,when i got home my boyfriend and i got into an argument he got upset and he started hitting his face that is the first time he has ever done that but i would be lying if i said that didnt scare me i locked myself in the room,angermanagement,sounds scary to watch  i agree with youmaybe he felt so overwhelmed by anger hurt and frustration that he went back to an old behavior from his past in which someone hit him for having strong emotionsnow that the incident is past bring up the topic to him so the two of you can discuss itjust the fact of you having empathy and caring what he was feeling at the time may be restorative to himat the very least you may find out exactly what the answer is to your question as to why he did this in the first place,1,1,T,F,0.9642948508262634
1361,i have a child with my baby mother she works i take care of our young son she says she is not cheating i have not found anything but she always putting me down telling me to get out and telling me she doesnt love me but then the next day after our fight she says she does im having a hard time because before our child she said she was raped by a family member but she never went to the hospital or the cops now me and my family dont talk shes always telling me im annoying and just belittles me nothing i do is right she says i work you watch the baby on her days off she never cooks or cleans i have no friends or family and a couple months ago she was confiding to some guy but says hes not any thing to her what do i do i dont want to leave,domesticviolence,it sounds like you are in a tough situation you have to ask yourself why you dont want to leave her is it because of the child or is it because you want the relationship to work you must consider that being in an abusive relationship is not healthy for you or your child so if the abuse continues it would be more beneficial for you and your child to move outon the other hand if you are just wanting the relationship to work out despite its current state you need to evaluate whether the relationship is worth salvaging it seems as though you are very unhappy and undervalued in this relationship although your question revealed just a short bit of information i didnt read about any positives in the relationship sometimes its extremely hard to leave a relationship even though you know that the relationship itself is harmful for you however with time and focus you can do it each day will get a little easier and you have to trust yourself that you are making the right situation for you and your childhowever if you really feel that you want to stay in the relationship you have to be upfront with her you need to tell her exactly how you feel and give her specific examples of how she is hurting you this gives her a chance to render the situation if after this there is no improvement i suggest that you start reconsidering your decision to stayi also think it would be valuable for you to start engaging in things outside of the home that make you happy are there any hobbies you enjoy are there any groups in the area that you can join such as playgroups that will allow you to engage with other parents start looking into these options and finding an avenue for you to do something for your own benefitit is certainly not healthy for you to isolate yourself from friends and family you need to have additional support networks besides the one with your girlfriend especially since this has not been a healthy environment latelythank you for reaching out i wish you the best of luck with your relationship,1,1,T,F,0.5295085906982422
615,i dont understand why this is happening why do i feel this way,anxiety,social anxiety has skyrocketed since covid  plus could be trauma or ptsd  maybe you are a known person and feel safer not going so much out in public  i understand as a known person in my field depending on where i am it can be a bit much  or maybe the things you found joy in before are not as much of an interest  it could be your age or menapause hormones and injury  so many things could be in play depending on the client and their lifestyle  always best to get a check up  see if there is under lining medical issues and then go from there,1,1,T,F,0.5932016968727112
848,my exwife married and used me to have a child she now uses that child as a pawn i know my child misses me but i need to move on and not live in the past how do i do this do i see my child as much as possible or very little is it more confusing for the child,parenting,as you will see in the two verses i will list below jesus and the apostle paul are telling us that we have to learn how to let go of our past jesus says that anyone who is trying to move forward in his walk and call for god  but keeps looking back  is not fit for the kingdom of god  seek deliverance from parts of your past youre struggling to let go ask the holy spirit or your higher power to help  find how to incorporate visitation so this child see you and also maybe seek some legal advice on this matter,1,1,T,F,0.7320024371147156
1915,ive been bulimic for about  years now im in my early s i am about to start back to school to become an rn and i really need to get better once and for all    i lose control of myself and become angry and anxious and just eat and purge over and over can someone please point me in the right direction for help,eatingdisorders,eating disorders usually result from a sense of insecurity about who the person is whether they are good enough compared with anyone else and whether the way they person lives is effectiveif you have a style youre already happy with to reflect on these sorts of topics keep following your own logic with the aim to free yourself which usually takes place gradually from these sort of selfdoubtsthe other approach would be to find an unperson or an online discussion group where youd be able to offer and receive the support from other people who live with a similar problemgood luck in your studies,1,1,T,T,0.9311643242835999
1630,my boyfriend recently got a kitty i hate cats in general and he knows it it grosses me out and makes me very upset when he pets his cat i want to throw out the cat i feel very jealous,intimacy,sorry for you and sorry for the cat because youre each in a tense positionwhat was the context of your boyfriend adopting a cat since he was aware that this would likely cause problems in the relationship with youif you dont already know his answer then find out  doing so will tell you a lot about your boyfriends expectations about you  does he expect you to accept without question whatever he does  does he care about your views  does a cat have some deep meaning for him that having one is essential to his life and he never told you soplease dont be mean to the cat  its not the cats fault for being in your boyfriends carethere are plenty of other cats on this earth so throwing out the cat will not solve anything between you and your boyfriendwho knows your boyfriend may come back home with three more catsstart with a conversation about your feelings and his interest in your feelings,1,1,T,F,0.788641095161438
2826,"ive worked with this guy for about three years now and i knew the first time i saw him that i was attracted over time he became a very dear friend and we talked about our relationship problems family dreams and so on there was always flirtation with us and one day pretty recently it progressed to making out we agreed to keep it quiet and we did but in the back of my mind i hoped it would become something more it didnt and three months later im still not over it

im trying so hard to maintain the friendship because thats what he wants were no longer in the same office which i thought would help me get over these feelings but we still talk about work and hes constantly touching me so im still very drawn to him hes a hugger and such a sweet guy so i find myself fantasizing all the time about what could have been and what could still be but hes clearly not interested hes younger than me and prefers model types but i see him checking me out a lot which gives me hope how do i get him out of my system and still maintain the friendship",workplace relationshipssocial relationships,it sounds like a tricky situation if you want to maintain your friendship and continue to have regular contact with him getting over him may not be possible what makes it even trickier is that his actions hugs and touching may be misleading and are allowing you to believe that a romantic relationship is possible some ways in which we naturally get over others are when we fall in love with someone else or when we suddenly see the person we like in a more negative or unattractive light if you truly want to force yourself to get over him cutting contact or setting strict boundaries may be necessary if you dont see him over time you can begin to forget about him if you set boundaries by discontinuing to allow the hugs and touches you will not feel mislead or have the idea in your mind that he is being flirtatious or interested it would be difficult to continue the relationship as is and expect your feelings to change thus being proactive by talking to him about boundaries or cutting contact with him are two things you can do that will likely help you to get over him good luck,1,1,T,F,0.6447027921676636
269,i dont know if i have depression but i have been very sad there are nights that i dont sleep i dont eat all day sometimes i dont have energy to anything anymore,depression,these symptoms are all classic to the diagnosis of depressiona diagnosis itself doesnt help anyone get better  often people say the word depression as though it means something terrible   the diagnosis of depression can be depressingforget matching symptoms with a diagnosismore important to improvement is to know the reason for your sadness  when people become sad there is a reason for it and knowing this reason is the first step to changing the situation which creates the sadness in youthink of depression as a way to slow down and examine aspects of your life and relationships  if you continue at the same pace of living and didnt stop and examine your life then you may not notice what needs changing,1,1,T,T,0.5042861700057983
1324,my mother has quite severe undiagnosed ocd diagnosed posttraumatic stress disorder and maybe other mental health issues she is weeks away from moving in with me my husband and our three children i love my mother but once she gets within her own area she begins to tape all cracks and crevasses she cannot tolerate any smells,trauma,one way to handle the situation is to develop willingness to tolerate her unusual habits  would you be willing to talk with your kids that grandma is sensitive to smells and her way to address this is to tape up cracks and crevassesas long as her behavior isnt aggressive harmful to anyone unethical or immoral and youd like her to live with you then someone both sides need to be happy with the living conditionalso if you havent already done so negotiate with your mom that the common family areas are off limits to taping the the cracks  as part of adjusting to living with your family it is reasonable to expect she respect common areas and to limit her taping habit to her private sections within the houseapproach the matter fairly and with the expectation to satisfy all the people who are affected,1,1,T,T,0.7600851655006409
1736,i dont love my sister i would never wish her harm but if i could i would wish for us not to be related is this cruel why must blood mean we have to be friends am i being unreasonable and is there a way to fix this i do care about her like i do every human being but id rather be with my friends than be with her at all its not just a teenager phase i still love my mom and dad and im very close to them however its my sister i dont love or have ever really liked at all,familyconflict,not liking someone is not cruel  even if it is a family member there is nothing wrong with you for not liking your sister some people are fortunate to have siblings that they get along with really well other dont we all have different personalities and we are not going to like everyone  even if they are related in fact sometimes being related makes it harder because you know all of each others flaws and imperfections with that being said  it may be worth it to make an effort to talk about the things that get in the way of having the kind of relationship that you might ideally want with your sister sometimes it is hard to like someone if we have a lot of old frustration and resentment and being able to talk about it in a constructive and kind way can lead to more understanding and respect and sometimes actually liking each other,1,1,T,F,0.6648553013801575
2753,i am currently living in a hotel and i dont have a family  i met a guy a month ago  he is a bisexual  he has a lot of gay friends on social networking sites he would not help pay for the room  when i asked for the tv remote control he threw it elsewhere and asked me to get it i slapped him and asked him to leave my room  we recently just got back together  one time i was sick  he came to visit and feed me but left no money  then he texts me and brags about his house and car knowing that i have struggles living at a hotel  he says that he has a whole house where he can put me in and orders me to text him whenever i need someone to have sex with  he left his bath soap so he could come and get it  i think that he is trying to find a way to come back  please help me  whats going on  i am a good loyal woman  why is he treating me like this,relationshipshuman sexualitylgbtq,i am less concerned about this man as bisexual and having gay friends than about how you feel is treating you  you are in a vulnerable position because of social isolation  if you have friends to talk to please reach out  while this man has money it is not his job to take care of you financially unless the two of you have decided that together  it sounds like he sometimes cares for you and other times you feel disrespected  i would suggest you look for a man that is consistent in his love and care  this is not your fault  but you are in control of removing him from you life or choosing not to because he meets some of your needs  take care,1,1,T,F,0.5035125017166138
3974,"my mother is combative with me when i say i dont want to talk with her about my depression  

she hasnt been supportive of me in the past and she isnt someone that i feel comfortable opening up to she constantly tries to instigate conversations where she asks me questions that i dont want to or cant answer i tell her i dont want to talk and she starts arguments with me 

how can i get her to understand",family conflictdepression,your situation sounds extremely frustratingyoure doing the right move to state you dont want to discuss your depression with heri guess you could ask if she would like to know your reason to not speak w her about your depression  if you feel she can handle a reasonable conversation and you would like to tell her your true reason then schedule this or bring up the topic at a neutral time not in the middle of an argumenthaving an unsupportive mom is difficult enough to accept  you may feel greater success and peach of mind to meditate on accepting her lack of understanding than to engage in arguing when she starts this,1,1,T,T,0.814728856086731
1040,whether its to a guy or girl i always feel insecure talking and i am afraid of embarrassing myself and not being good enough even when i am walking i worry about my appearance and facial expression and such,selfesteem,hi im glad you wrote because i think a lot of people have this same issue to different degrees and we dont talk about it much you have some social anxiety that is a bit beyond what the average person might feel most people have some amount of worry about what others might think of them and this probably prevents us from making complete fools of ourselves so thats a good thing but your alarm system is out of whack and you are spending too much time worrying about how you come across as you age you understand this more and its truethat other people really arent thinking about you much or monitoring you at all theyre too busy having the same thoughts youre having am i good enough do people like me judge methink im weird were all concerned about how we come across far more than how others come across like many people you lack compassion for yourself acceptance of yourself and confidence in yourself my gut says that these things came from somewhere in your past our sensitivities usually come from as well as genetics a specific time in our life when we experienced or felt something that was overwhelming and we end up with an alarm system that overreacts at times without more details its difficult to go further here i recommend you see a therapist who does cognitive behavioural therapy which can help you understand the roots of your fears and learn how to manage them more successfully,1,1,T,F,0.683292806148529
2008,im having relationship problems and i want to fix them to make things right before i lose her how can i learn how to listen and get myself together,relationships,what an important question and the fact that youre asking it is a big step in the right direction to answer in detail would require having quite a bit more information about what relationship problems have occurred  that woke you up to the fact that youre not listening as well as you could and that youre running the risk of losing hergiven that i dont have all that information ill offer one simple suggestion your girlfriend is the expert on what she needs and wants in relationship you could simply say to her that you know you still have a lot to learn about how to have a good relationship and you realize youre not yet understanding what she needs and you really want to then take a deep breath settle down and listen dont argue dont interrupt dont judge listen let her know what you understand and that youre open to hearing more learning more if youre not quite getting it yet and then listen some more be present and curious about this person you love dearly and dont want to lose this is the first step toward intimacy,1,1,T,F,0.8114950060844421
1777,my mom is always bossy and treats me like a child even though im in my s she argues with me over stupid stuff,familyconflict,this sounds like a pretty difficult dynamic and i am sorry to hear how it is impacting youi would encourage you to try and observe the relationship from an outside perspective to begin with  try to see what it is that causes your mom to be upset such as you responding in a tone of voice she doesnt like and see if there is something you could change on your end  if you are able to change something like your tone of voice start there  you could also try asking what you could do to help perhaps she is frustrated that the trash wasnt taken out  you could also sit down and try to hash things out with her if you feel like that could be beneficialultimately you are only in charge of you  the things you say your behaviors are all controlled by you  so it is important to recognize that no matter what you cant control what she says or does  obviously the things we say or do can impact others which is why you are frustrated over her behavior  but remember that you are able to only control yourself  seeking therapeutic intervention could also be beneficial for you and even having her join in to help  i hope you are able to figure something out and i wish you well,1,1,T,F,0.7384512424468994
880,my dad is always and i mean always cussing and screaming at me for no reason at all he makes me feel stupid he also compares me to my other siblings in a negative way and demeans me is this abuse,parenting,oh my goodness my heart goes out to you  i pray you have other strong and supportive loved ones or friends surrounding you if you are in school please consider speaking with a counselor on site who can help give you some good coping mechanisms as well as other resourcesi believe most therapists would agree that this type of behavior is indicative of emotional and verbal abuse and quite often the two overlap because someone who is being yelled at and demeaned is also frequently having hisher emotions preyed upon as well healthy place offers us some great examples of emotional abuse which certainly fit the criteria of what you describeyelling or swearing name calling or insults mockingthreats and intimidationignoring or excludingisolatinghumiliatingdenial of the abuse and blaming of the victimand abuse survivor and author kellie jo holly offers some other great examples of verbal abuseemotionally abusive statementsyoure so cute when you try to concentrate look at you trying to thinki cant believe i love a stupid jerkaw come on cant you take a jokesexually abusive statementsyou should know how to please me by nowi hoped you were less experiencedstop acting like a whorefinancially abusive statementsyou are going to nickel and dime me to deathin what world does buying that make sensefine you handle your finances let me know when things go to hellsocietally abusive statementshow dare you spread around our private businesslet me do the talking people listen to menyou took a vow in front of god and everybody and i expect you to honor itthreatening and intimidating statementsif you dont train that dog im going to rub your nose in its messi will take our kids if you leave meyoure scared this isnt angry you will know when im angryspiritually abusive statementkeep your stupid beliefs to yourselfgod will find a way to get you back and it aint gonna be prettyi can feel myself being pulled into hell just listening to your nonsenseits been my personal clinical experience that children who are experiencing the types of things you describe often say they feel misunderstood lonely or scared and dont want to make things worse by standing up for themselves even if you feel you cant defend yourself outwardly that doesnt mean your fathers awful and toxic behavior is something you should ever internalize ie believe to be true which is why i hope you are surrounding yourself with people who will speak life and positivity back over you  we are all worthy of respect love and kindness dont ever forget thatmy love and light to you hontamara powell lmhc,1,1,T,F,0.9606456756591797
2209,i dont feel like myself anymore for example i could walk up an entire flight of stairs before realizing that my legs are moving i feel like im watching my life be lived by someone else,behavioralchange,you may be experiencing a form of dissociation called depersonalization  people with this type of dissociation may feel disconnected from their bodies feel that they are watching their bodies from a distance or may not recognize their image in the mirror  dissociation sometimes occurs after someone experiences something traumatic  i would suggest working with a therapist who specializes in dissociative disorders as dissociation does not typically resolve on its own  on my website i have some information specific to dissociation that you may find helpful  best of luck to you,1,1,T,F,0.6939206719398499
2096,we went out had great sex and i was really liking her then one day she says we should just be friends but i cant stop thinking about her shes always on mind and i want her back,relationships,it can be really difficult when someone you care about doesnt feel the same about you the most important thing to remember is that you can not make her feel a certain way  there is nothing you can do to force her to want to be in a relationship with youin the end if she just wants to be friends then shes probably not the right match for youremember every relationship ends  until that last one that doesnt  and that is how its supposed to be,1,1,T,F,0.6448109149932861
2103,he is in his late thirties and i am in my mid twenties we have been together for about  months i really like him he says he cares about me and is willing to fight to make things right he has been very apologetic and expressed he did it out of fear i dont know if its worth giving him a second chance,relationships,cheating is often a sign that something is amiss in the relationship his fear may be full of information while its possible to repair relationships after a betrayal its also challenging to do especially so early in your relationship i cant tell you if you shouldshouldnt give this relationship a second chance but i will tell you to tune into your own intuition and follow your own fears in doing so they often are incredibly informative when we dont push them away with denial,1,1,T,F,0.5029881000518799
1568,my boyfriend wont touch me intimately he wont kiss me while we are having sex and he wont have oral sex with me i know he has done this things with other women in the past i dont know why he wont do them with me what should i do,intimacy,first off dont blame yourself or be too quick to jump to any scary conclusions  human sexuality can be incredibly complex at times eg what turns us on at one time may not be what turns us on the next time there could actually be a number of things going on including him having performance anxietymaybe he had a bad experience with a previous partner thats left him scared to try again we call this operant conditioning  it could also be that he puts you in a different category than previous lovers  sometimes i refer to this as the hookerhousewife mentality where a partner somehow gets the idea that when we truly fall in love we treat that one differently almost up on a pedestal  drives many partners crazy until theyre aware that this is going on and give their boyfriend girlfriend permission to enjoy both the naughty and the nice with them it could also be that hes not even aware that hes not doing these things if you havent asked him yet you might try gently approaching the subject when youre not already in the bedroom or trying to get in on and inquire what he most enjoys about sex with you or has enjoyed in the past or thinks he might enjoy  you can also share your favorite highlights of sex with him  give him an ego boost and tell him what he does well while then asking him if hed be down to go downtown  baby it really turns me on when you kiss me during sexif you continue to get the impression that its somehow only about you or that hes just really hesitant to talk about sex in general you might see if hed be cool to chat with a counselor who specializes in sexual intimacy,1,1,T,F,0.7432579398155212
1146,she said she needed space after three days of dating and she got a boyfriend a week later i still really miss her and she told me she still likes me,relationshipdissolution,given the short amount of time you know this girlfriend there is no history on which to make a judgment about the likelihood of what she will do nextcertainly she is confusing by telling you she likes you and is with someone new  and not giving you any explanation as to why she made her decisionid suggest two possibilitiesspeak with her and ask her if she considers opening your relationship with heror simply wait and see what she does when you contact her in a friendly waypay attention to your own satisfaction levelif you get more answers from her which arent agreeable with you then it is time to put the hope for this relationship behind youthen youll have clear space to find someone who is as interested in you as you are in them,1,1,T,F,0.6300409436225891
2630,i have been with this guy on and off for  years at first we used to do things together and our sex life was ok then things started to change wed break up and reconnect and he cheated on me numerous times  weve also had two beautiful baby girls during this time now we argue and he says i am not affectionate at all or i dont know how to please a man when i work parttime take care of a  year old and a  month old and cook sometimes he cooks but he also spends a lot of time on the internet in addition i have  boys and he has  son i feel somewhere i have lost something its not that i dont care i truly love this guy but im just tired of being the one who is always being judged please i am in need of a christian counselor to help us because i really need to speak to someone,relationships,i dont think youve lost something i think youve found something  your breaking point and its about time your boyfriend seems to be a very selfish and immature man who reconnects with you when its convenient for him obviously he has his own issues but i want to address yours i agree you need to talk to someone the fact that youve put up with his repeated cheating and then letting him blame you for it by saying youre not affectionate enough etc tells me you probably have low selfesteem and have likely told yourself over the years that you dont deserve any better you do you may truly love this guy but based on his behaviors he does not love you not in the way you deserve  and although you may want to believe he can change he has proved over and over again that hes not willing to so you need to do what is best for you and your children what would you tell your daughters if someone was treating them this way would you want your sons to treat women this way thats what youre teaching your children when they see thislike i said i agree that you should talk to someone you can ask your boyfriend to go too but my guess is he wont even if he does you should still see someone individually to work on you i understand its not easy to just kick him out especially since you have children together but a counselor can help you talk through all the details while helping you raise your selfesteem and selfworth,1,1,T,F,0.5922699570655823
2090,my boyfriend says im nuts i need to get help because i get an overwhelming feeling that he is cheating on me whenever i try to talk with him about it he always turns it around on me by telling me what im doing wrong i know that accusing him does not help when his whole demeanor shifts towards me i cant help but think that something is wrong am i wrong for feeling this way i try to talk with him to make it better i let him know when i am feeling down but i am not confident in these things  two weeks ago a girl texted his phone  times trying to hook up with him he texted her back with sorry ive been working i just read your message the girl was trying to get him to call her at a time when he was at home with me he texted her back with dont text me anymore i dont feel like i am way out of the line but i cant talk with him if all that he will say is that im crazy and i need help what should i do how will i go about checking if there really is something wrong with me,relationships,trust your intuition that your boyfriend is involved with other peopleyou gave examples which strongly suggest thisquite commonly a person twist someones words to convince then of having problems in seeing or understanding their own and others behavioryour intuition is again working quite well in telling you that your problem is having a boyfriend who manipulates you not that youre seeing things incorrectlyone way to check if youre totally misreading him is to examine whether you feel similarly in other relationshipsif no one else who knows you tells you that youre crazy then this strongly points to your boyfriend twisting words so that you feel wrongalso a consult with a therapist would clarify the dynamics between you and your boyfrienda therapist session would also allow you to think out loud in a confidential discussion what to do with your newfound clarity,1,1,T,F,0.5073165893554688
407,i have a lot on my mind but all i want to do is stay locked in my room and not socialize with anyone why do i feel so alone,depression,it has been said that depression is often the result of a blocked goal  often people struggle with both anxiety and depression but have difficulty determining which is the most important issue for some depression is the result of frequently blocked goals and when their predominant issues are evaluated they discover that they are anxious worried about a lot of areas in their life but seem to find no relief  when there is no relief and there have been numerous attempts either in their mind or in practical application to resolve the anxiety depression is often the result  in this type of case depression is not the main or underlying issue the anxiety is the underlying issue  having a lot on my mind sounds like anxiety unresolved anxiety can lead to feelings of depression which are often associated with emptiness  in the question above i would want to evaluate all of the issues surrounding having a lot on my mind and determine where these might be coming from has there been ongoing rejection from peers from family if so why does this seem to be happening  isolation is often a protective measure that one implements to avoid further pain where does that need to protect originate  are there unmet needs from childhood are there traumatic life events that have created a need to selfprotect as a defense mechanism we can feel alone even when in a crow of people or at a party  this has nothing in this case to do with being around people it has more to do with how we view ourselves  if there is a prevailing message or script that has been internalized that says you are worth nothing or you dont deserve the company of others then being around people will not alleviate the problem but only exacerbate it i would want to evaluate how one feels about themselves and what negative messages one has received and has repeated to oneself over time the developmental needs meeting strategy is a therapy aimed at addressing unmet childhood needs if there is specific trauma that is associated with socializing with people then emdr can be very helpful in desensitizing and reprocessing the trauma  looking at whether this individuals issue with emptiness is straight depression or whether it is depression as a result of unresolved anxiety is key to determining a treatment strategy,1,1,T,F,0.5330653786659241
979,"tonight my husband seemed to put our son down through an incorrect approach his approach was perfectly wrong i found myself defending my son i told him that what he did was not the way to encourage our son
 instead of watching my husbands harsh behavior i decided to sit beside my son and together we worked on his science assignment in order to encourage him to study my husband got upset and he was swearing at me he threatened me i knew that he was not joking his words scared me a lot",parenting,i have had these many cases but in situations like this if it does get out of hand the police do need to be involved sit down and talk to your husband when he is calm and collective,1,1,T,F,0.6340237855911255
1245,in particular during family gatherings such as funerals where there are different customs,spirituality,i think the best thing you can do is be respectful of each family members wishes although everyone may not agree with one another the most important thing you can do for each other is to respect their faith and beliefs instead of trying to sway them in a certain direction there are many families that are united despite their differences for example a mother may be catholic and the father jewish by introducing the children to each faith until they are ready to decide for themselves can be beneficial also its not uncommon for views to change as one ages or faces different life experiences so dont get too discouraged if your child wants to explore different avenues creating a loving and accepting environment is most essential,1,1,T,F,0.7244155406951904
1410,i have been having horrendous nightmares this whole month,sleepimprovement,one of the ways to decrease nightmares is to document your dreams in addition to keeping a dream journal its important to work with the content of the dream and revise the endingits important for you to work with a therapist that is trained in dream work  the researcher  montangero  pointed out that in  using the cognitive approach to dream analysis the therapist follows the basic tenets of cognitive behavioral therapy and that they help the individual to enhance their cognitive skills in order to be able to alleviate their psychological distress for example in the treatment of nightmares one of the methods that is used with the cognitive approach is imagery rehearsal therapy the basic premise of the approach is that those who have recurring nightmares and are experiencing insomnia later come to understand that the insomnia is brought on by anxiety unlike cognitive experiential dream theory the approach does not integrate other theoretical orientations the approach to nightmares and the treatment of them is aligned with cognitive experiential dream approaches as the individual has the opportunity to revise their dream if they have an unpleasant dream although the scary dreams  may not disappear altogether they may lessen in frequency,1,1,T,F,0.5655956268310547
3709,"every time i send a message to someone or a group message on instagram imessage or snapchat people will read my messages but then they wont answer me 

could it be that there is something they dont like about me i dont understand why they wont answer my messages how do i get people to respond to me",social relationships,im sorry that you are having a difficult timei wonder about how your friendships are in person if you get along well with people and have effective conversations with them facetoface there could be some kind of technologyrelated problemhave you tried gently talking to people about how you send a message and they didnt answer if you can phrase it in such a way that they recognize that you are asking for information and not blaming them for not answering you that could be effectiveid also encourage you to consider how much this is bothering you if it is causing a significant amount of anxiety say more than  if  is really anxious i would suggest talking with a local therapistin the meantime consider talking about this with someone you trust to whom you can get more details to get a more specific answer,1,1,T,F,0.7932798266410828
1615,i love him so much and i dont know what to do,intimacy,does he tell you a reason as to why he feels you dont love himask him this so you will clearly know his definition of love,1,1,T,F,0.5027075409889221
2026,i really like this guy and i think he likes me back but his sister is my bestfriend im afraid that if i tell her i have a crush on her brother she would loose it i once told her i thought her brother was cute and she got really angry ive gotten to know her brother better lately and ive realized he may actually feel the same way i dont want to lose her friendship what do i do,relationships,do you and the brother to whom you feel attracted ever see each other or are in surroundings in which the sisteryour friend isntif yes then this gives you the chance to find out whether you and the brother actually do like each otherif no then definitely have a private and direct conversation with your friend about the fact youre attracted to the brotherfind out the reason your friend becomes angry to hear you like the brotheranything is possible from shed like to warn you about qualities in her brother which you may not know and if you did wouldnt like or react negativelyor if protection isnt your friends reason then maybe shes fearful to lose your friendship if you start a relationship with the brotherfriends are people who care about each others lives  let your friendship with this girl work on behalf of each of you,1,1,T,F,0.6630991697311401
414,i was in a situation with a guy hes my brothers friend and kind of like a brother to me he invited me over to hang out and then came on to me i was instantly terrified to say no and i gave in i dont know whats wrong with me i cant figure out why im afraid to say no this is giving me a lot of guilt and depression,depression,hi tennessee there is nothing wrong with you there are many good reasons why you didnt say no you didnt say no because you were caught off guard and unprepared there is no place in life that teaches girls or boys how to manage it when someone crashes a sexual boundary you also live in a culture where girls are encouraged to be cooperative and not upset people and to put the needs of other people first you instinctively want people to like you and people can be very coercive sexually you said it yourself you gave in he wore you downtheres nothing wrong with you it wasnt your job to say no women arent the gatekeepers of male sexual urges it was his job to get your consent first he pressured you into it a good therapist would help you to dig deep and uncover all these barriers to saying no and more if you said no what might happen then what might that mean about you what are you avoiding feeling unloved unwanted cold what would you have to believe in order to be confident enough to say no that you didnt have to do anything you dont want to do that youre special or that sexuality is special would you need a better understanding of what sexual assault is i love that you want to do some work here to strengthen your sexual boundaries and i urge a widespread conversation about what consent it men and women of all ages could use more of this training,1,1,T,F,0.7131566405296326
946,we have tried gentle talking counting to calm her and talking about it sending her to her room and then trying to talk when shes calmer and now calisthenics however nothing is working,parenting,theres two things this post relays  one which im sure youve already looked into  is working with the school to address this problem sure sometimes kids dont get along but most schools look at bullying seriously and this sounds serious the other though is additional tools to consider to help your daughter if you havent already read greenes explosive child you might give it a shot while its a little preachy many of the tools are wonderful and can help parents navigate tantrums httpswwwamazoncomexplosivechildunderstandingfrustratedchronicallydp another tool that can redirect a child thats losing it is a task if her tantrums say involve throwing things maybe shes in charge of throwing all the sticks and acorns off the driveway into the garbage bin ie hey jenny you seem really angry right now lets use all that energy and get some work done go with her throw with her even  if possible  making a game out of getting the acorns into the bin from a distance i wish you all the best,1,1,T,T,0.5109954476356506
2280,i need help knowing how to deal with stress what can i do,stress,what are five ways to reduce stresshere are  important and effective ways to reduce stress and anxiety  practice deep breathing exercises  just lie down on the floor  focus on an object to help calm your breathing  take a break and listen to some music  smile even when you dont feel like smiling ,1,1,T,F,0.9137445092201233
424,ive been having this ongoing problem for most of my life now i am a young adult and right now driving and even being a passenger gives me terrible panic attacks and anxiety i cant ride in the backseat or the front seat with the safety belt on i have to lean the seat back a bit because the pressure on my back terrifies me i miss so many opportunities to go places with friends and family because of my fears of having a panic attack my family offers little to no support they think its fake or all in my head it makes me feel guilty and at times depressed to the point where id rather never wake up anymore i am not selfharming i just feel meaningless this constant fear has taken over my thoughts and my life i was such a happy person i want my life back i want to travel with my friends and family again but i dont know how ive almost given up hope on getting better and just accepting the fact that ill live with this anxiety forever,depression,not having support from your family for such a significant problem is a problem itselfhow about your friends are any of them nurturing or treat you kindly when you bring up that youve got this problemare any of your friends willing to accommodate the fact that right now youve got panic attacks from driving and being a passengermaybe being and feeling accepted while youre in this current phase of your life would help diminish the panic attacksif no support is coming to you then a next step would be to evaluate the relationships in your life and to develop standards and expectations of others especially that they are considerate of your great need at this timeits possible you are bearing the emotional burden of a lot more people in your life than yourselfif no one wants to show they care about this situation then release yourself from trying to please and satisfy everyones wish that you be better while they ignore your need for their supportbe realistic in what youre able to give back to people who want to be blind to your emotional needthinking this way will at first raise your anxiety level from fear of losing everyone  eventually youll stabilize within yourself and know that all youre asking for is some support for having a tough time hopefully the others will be more responsive to youif they dont you still know that youre being reasonable for what youd like,1,1,T,F,0.9511308670043945
369,i always feel like im doing something wrong everything i do is crappy i want to cry all the time i cant eat or sleep,depression,you are describing some of the most common symptoms of depression low self esteem difficulty sleeping changes in appetite sad mood feelings of hopeless and feelings of worthlessness a full assessmentevaluation with a mental health professional is warranted to understand if indeed you meet criteria for a major depressive disorder ie are delressed one thing i often tell patients is that do you think you are depressed people often answer yes or no but many individuals respond with a question how would i know to that i often explain that if i stopped watching movies or better stopped enjoying watching movies that would be a clear indication for me that i am delressed it would be a sign that i have lost pleasure or interest in the activity that i typically enjoy most  ill ask you to think of one activity which you really really enjoy  it could be anything from reading to being with friends to skiing to watching tv  i would like to now ask you if you have stopped enjoying that activity or cant find the motivation to engage in it this is another symptom of depression loss in pleasurable activities the good news is that there are many effective available treatment if you are indeed in a depression or simply you want to modifydecrease your depressive symptoms ie you want to stop feeling so tired and so worthless treatment includes one or more of the following psychotherapy medication exercise any one or combination of both of these can help to improve your mood the even better news is that feeling that you are doing something wrong can diminish with appropriate treatment over time  i hope you find this information helpful the most important next step is to get evaluated by a mental health professional typically a psychologist or psychiatrist and for both you and the professional to better understand your symptoms and your mood in the context of what is going on in your life,1,1,T,T,0.610822319984436
350,i am a teenager i have been experiencing major episodes of depression if thats even what it is for several years its always getting worse i have been having panic attacks feeling like i cant control my fears and i cant even bring myself to care if i live or die anymore the problem is that i dont know who to ask for help when i try to talk to my parents i freeze completely and cant do anything but make a joke because never once in my life have we talked about our feelings,depression,"i understand that talking about our feelings can be awkward and using jokes is a way to relieve that awkwardness but there is a right or wrong way to talk about your feelings the important part is to recognize that you need help addressing those feelings and reaching out which you are doing already  having small conversations with your family is helpful you can explain to them that you have been experiencing emotional discomfort and would like to talk to them about it   since you been experiencing anxiety panic attacks and have thought about dying  it is very important that you ask them to help you make an appointment with a mental health professional  those symptoms indicate that your body is having a hard time managing intense feelings and it will be helpful if you understand why they occur and how to cope with them you may contact your school counselor or you may schedule an appointment with a local therapist  you may contact the texas crisis hotline  where you can talk or chat with mental health professionals or schedule a teletherapy session   the national crisis hotline is also available for calling and texting i am a licensed professional counselor in texas currently providing services in west houston  you may reach me at  to schedule an appointment   cómo hablo de mis sentimientos de depresión y con quién hablosoy un adolecente  he estado experimentando episodios de depresión severa si es lo que creo por muchos años  siempre se pone peor  he estado teniendo ataques de pánico sintiendo que no puedo controlar mis miedos y sintiendo que ya no importa si quiero vivir o morir  el problema es que ya no sé a quién pedirle ayuda  cuando intento hablar con mis padres me congelo y solo puedo hacer bromas porque nunca en mi vida hemos hablado de nuestros sentimientos entiendo que hablar de tus emociones puede hacernos sentir inadecuados y bromear es una manera de manejar ese sentimiento incómodo pero no hay forma correcta o incorrecta de hablar sobre tus sentimientos  lo importante es reconocer que necesitas ayuda para manejarlos y ya tu estas en ese proceso  tener pequeñas conversaciones con tu familia te ayudara a explicarles los sentimientos que estas experimentando  es importante que les pidas hacer una cita con un profesional de la salud mental ya que has estado experimentando síntomas que indican que tu cuerpo ya no puede manejar tus sentimientos y necesita nuevas herramientas  puedes contactar a tu consejero escolar o a un proveedor de salud mental cerca de ti o por teléfono  mientras tanto puedes llamar a la línea de crisis de texas  para hablar con un profesional de salud mental  la línea nacional de crisis también esta disponible en todos los estados unidos y proveen servicios en español 
yo soy una consejera profesional licenciada en texas y puerto rico veo clientes en el este de houston y proveo servicios de tele terapia  para una cita puedes llamar al ",1,1,T,F,0.8571202158927917
1907,my husband and i wouldve been married for five years come june  our infant daughter just had her birthday shortly before he told me he wanted a divorce he has four other children three of which are from his first wife he decided to end that marriage when his youngest was an infant the children do not have a good relationship with him now he has another child from a woman he was dating he decided he didnt want to be with her anymore when the child was an infant    it seems to me that there is a pattern he easily detaches from relationships at the same time in the childs life but wants a relationship with them when they are older ive tried to research online but im not getting any answers he also has an unhealthy dependency on alcohol and does not believe in mental health disorders such as depression and bipolar disorder he also does not believe in therapy or seeking help from professionals is there a detachment disorder or some form of mental block he could have where do you recommend researching this,marriage,this sounds really difficult and i can understand your motivation to get to bottom of why this behaviour has occurred  especially if your husband who sounds like he is an exhusband continues to have a relationship with you and your children with that being said  relationships and mental health are very complicated and you are unlikely to find the answers you are looking for in order for someone to be diagnosed with a mental illness or in order for them to identify what leads them to fall into particular patterns in relationship  they would need to be willing to seek help and honestly talk about their challenges something that you say your ex is not willing to do  while it might be a relief to understand what is going on with him  it might be more comforting for you to get support for yourself in processing your feelings and everything that has come up for you as a result of his choices,1,1,T,F,0.8866031765937805
2721,my doctor thinks that seeing a psychiatrist will help with my depression and anxiety  now my anxiety is worse what do i do  writing on here has taken every bit of strength i have left,anxietydepression,did you take the medication the way the psychiatrist prescribed it  did you follow up with herhim to report how it was going  different medications work differently with different people   its not always the first one that helps  and some of the medications take some time to have an effect  give the doctor the chance to help you i suggest you find a certified cbt therapist to help you examine your thinking  wwwacademyofctorg has listings of the finest cbt clinicians  in the meantime do some anxiety fasting by taking a few minutes to do something nice for yourself right now  i hope you feel better soon  mark wwwmarkmorrislcswcom and wwwlivingyesorg,1,1,T,F,0.544437050819397
453,i start counselingtherapy in a few days im freaking out but my main fear is that ill cry and embarrass myself is it something to worry about,anxiety,oh crying in therapy is very normal i have a stack of kleenex boxes in my office cry away therapist are very used to it first time being in therapy is scary but youll soon know if you are a good match,1,1,T,F,0.9840838313102722
2749,"my boyfriend says im nuts i need to get help because i get an overwhelming feeling that he is cheating on me  whenever i try to talk with him about it he always turns it around on me by telling me what im doing wrong i know that accusing him does not help  when his whole demeanor shifts towards me i cant help but think that something is wrong  am i wrong for feeling this way  i try to talk with him to make it better  i let him know when i am feeling down but i am not confident in these things 
two weeks ago a girl texted his phone  times trying to hook up with him  he texted her back with sorry ive been working  i just read your message the girl was trying to get him to call her at a time when he was at home with me  he texted her back with dont text me anymore  i dont feel like i am way out of the line but i cant talk with him if all that he will say is that im crazy and i need help  what should i do  how will i go about checking if there really is something wrong with me",relationships,trust your intuition that your boyfriend is involved with other peopleyou gave examples which strongly suggest thisquite commonly a person twist someones words to convince then of having problems in seeing or understanding their own and others behavioryour intuition is again working quite well in telling you that your problem is having a boyfriend who manipulates you not that youre seeing things incorrectlyone way to check if youre totally misreading him is to examine whether you feel similarly in other relationshipsif no one else who knows you tells you that youre crazy then this strongly points to your boyfriend twisting words so that you feel wrongalso a consult with a therapist would clarify the dynamics between you and your boyfrienda therapist session would also allow you to think out loud in a confidential discussion what to do with your newfound clarity,1,1,T,F,0.5073165893554688
1719,my mother has alzheimers and she has become so nasty and mean to everyone and she always asks for unrealistic silly or meaningless items i get so frustrated and angry but then i feel guilty because i know it probably isnt her fault how can i cope with feeling like this,familyconflict,there is some great advice here that can really help but you need some direct support  please find a caregiver support organization a grief group and an individual therapist to help you during this trying time  your mom may not know what she is saying or mean the awful things she says but that doesnt make it hurt less  please take care of yourself and gt some help,1,1,T,F,0.946378231048584
651,i have a fear of talking with people i dont like to go out to social events im always worrying about someone judging me,anxiety,thanks for reaching out and asking this question  social stuff is hard  even for people that dont have diagnosed social anxiety  some research outlines that our fear of public speaking is greater than our fear of death  thats hefty  shame is often the culprit for social anxiety because we think other people will see the flaws in ourselves that we believe are there  ive had experiences where i thought the person thought something awful of me just to find out it was exactly the opposite  thats how powerful our minds can bewhat are other things that people may think of you  maybe you are very kind and easy to talk to  maybe you think differently than other people and some people enjoy hearing your perspectives  its even a possibility that they are worrying about the same things as you even if they seem very confident  confidence can be easy to fake if its how you cope with fearto work through some of that its much better to force yourself out there and have conversations  avoiding people sends the message to your brain that not only are those situations dangerous socially but that you cant handle them  the more you avoid the harder it gets and the more anxiety is created by just the thought of being around people  take it moment by moment too  thinking about all the conversations you are confronted with in a day is overwhelming  just focus on getting through each conversation and give yourself credit for doing thateven if you felt awkward embarrassed etc  social skills can be taught at any stage of life and theres always room for mistakes  no one in society communicates perfectly and you dont need to put that pressure on yourselfthe last thing id say is keep at least  people in your life that feel really good to talk tolike its not a task  talking to acquaintances and random people is not to fulfill a need for close connection unless you end up finding a great friend but more to feel like you are definitely able to handle conversations without the threat of crippling anxiety  you may even get to a place where you enjoy it sometimes  reach out to people in your life if you need extra support,1,1,T,F,0.7664370536804199
1899,i love him but he doesnt show me love he talks badly about me to his friends,marriage,what you are describing is a state of abandonment like no other a direct lack of respect the challenge here is you cannot control another person no matter how hard you try the only person that you have control of is yourself so then the question that this reality poses is what are you willing to change if you love yourself and know that you have tremendous value if you can see what you bring to a relationship and that you deserve respect and love and tenderness then you will get to a point where you will settle for nothing less than that the change that might be necessary in yourself is to change the way you see yourself the way you treat yourself and what you accept your husband also needs to change and that is something only he can do for himself but reaching out to get help as well it would be helpful for you both to get help because there is damage on both parts you have much more power than you realize and talking with someone can help you to hone that power and make a difference in your own life sometimes the differencechange can be walking away from a bad situation or it can simply be changing your attitude and raising the bar sometimes our loved ones come with us on the elevation and sometimes they get left behind  you must do some deep introspection through therapy to get to the point where you can answer this question for yourself,1,1,T,F,0.7937700152397156
393,i used to be the funny guy of the groupthe class clown if you will i used to laugh uncontrollably all the time and be able to be social without it feeling awkward now i cant laugh at all and im dead inside,depression,if you look back to when you feel as though you were the funny guy i wonder what is different now it may be that responsibilities have changed or any number of other thingsi dont know whether youre also saying that you feel sad or if youre saying that you feel as though you dont have any big changes in your feelingsa lot of us tend to be really busy and sometimes we over schedule ourselves to the point that we dont have time to have positive time for ourselves sometimes even if we are spending time with friends were thinking about work and all of the other things we need to doi wonder if it feels awkward when youre with friends that you trust in an environment that you are used to maybe if that is more comfortable for you it can be a stepping stone to focusing on how you feel better in those momentsit sounds as if you may have had an experience or more than one where you felt misunderstood or criticized and now reacting to people feels awkward if so try going back to people you trust who do you have support from,1,1,T,F,0.7667915225028992
2732,"sometimes i cant stop thinking about life after death i was raised in a religion that teaches that we will live on forever either in hell or in heaven 
when i think of living forever even if it is in heaven which should be good i feel overwhelmed i dont like the thought of living forever and ever and ever sometimes i just cant get the thought out of my mind and the thoughts lead to panic and anxiety 
am i crazy i dont think these thoughts are normal",anxietyspirituality,many people generate intense anxiety with obsessive thinking  while the nature of your obsession about the afterlife and eternity appear very powerful and unique to you the pattern of obsessing about one thingarea is common  i suggest that you consider counseling to help you with your anxiety  if you are so inclined there are also medications which may bring relief  obviously i cant diagnose you from one paragraph so it would be wise to visit an experienced mental health professional either a counselor or an md in your area to help you with disengaging from your selfdestructive thoughts  cbt cognitive behavioral therapy is a very effective counseling approach for obsessive thinking  if youd like a see a top notch cbt therapist visit wwwacademyofctorg  and of course i suggest you pick up my book living yes a handbook for being human which includes cbt concepts and many more tools which will help with obsession and anxietyas for believing yourself insane or crazy this is not a mental health term but a legal one or a slang  so as long as you dont commit a crime no professional can legitimately call you insane or crazytake it slow  mark wwwmarkmorrislcswcom and wwwlivingyesorg,1,1,T,F,0.7866443395614624
2106,im currently dating someone else and i really like him but i love and miss my ex so much what do i do,relationships,finding the right person is a tricky thing to do why did you and your ex break up  months ago in relationships with others you get to see a reflection of yourself sometimes you may enjoy that reflection other times it may not feel so good im not sure where you are in your life and relationships and what you do from here depends on what you desire more of in your life but im not simply talking in the moment desire im referring to the direction you want your life to go if one of these guys was to support youwho would help you reach your dreams and who would you enjoy spending time with its complicated and no one can answer the what to do question but you slow down tune into your heart listen,1,1,T,F,0.890970766544342
3591,"she refuses to talk to me and told my mom her grand mother that she is remembering things from the past i dont know what to do my daughter blames me and swears she hates me

my parents say i should just let my daughter live with her dad but i dont see how i could fix things if i only see her every other weekend what should i do",family conflictparenting,sorry to hear about your high degree of stresshow old is your daughterwho abused yours daughterthe answers make a difference to your decisionobviously if the father was the abuser then unless your ex demonstrates to you and you believe he will not abuse her your daughter should stay with youif someone other than the father was the abuser and the father has a good relationship with your daughter then it is possible that the time away from your household will give each of you time away from arguing with one anotherwhat does your daughter tell you she wantsher wishes must be considered toorelationships can be fixed   sometimes being apart helps this process because the two people each have time to reflect more deeply on what they value about the other,1,1,T,T,0.62042236328125
1159,my husband used a lot of negative words to hurt me and i moved out he is seeing a counselor and wants another chance to make things right im not sure if i trust that he will not go back to his old ways,relationshipdissolution,i am glad he is seeing a counselor  that is something that most men struggle with doing at times  time will tell if his actions are of good intentions  however remember that a person can only do to you what you allow them to do in relationships   what part did you play  did you down play his disrespect at one time  did you give up the power of your own voice  did you lose yourself in the relationship and it became just one sided  did you allow him to make you doubt yourself   in others words if you do decide to give him another chance what would you do different  not saying that you are the blame or cause of the negative words at all but dont allow such disrespect from him or anyone else in the future  if you do decide to give it another try go in with a voice with the demand of respect with your needs and wants expressed and expected  with an increase in your self worth and confidence you will know what to do if his actions are true or if with dishonest intentions   seek counseling as well if you need that additional support to find self,1,1,T,F,0.7805790305137634
2039,my boyfriend is in ireland for  days and i am an emotional wreck,relationships,it sounds like you and your boyfriend are very close  do you typically spend most of your time together  if so it may be important to reflect on how you feel when you are apart  if any separation is difficult you may need to examine why  think about what it is that you miss and what you are anxious upset or worried about  if you examine the causes of your distress you likely will experience some relief   it is important to learn how to be happy when you are alone it will only improve the way you feel when you are with your boyfriend,1,1,T,F,0.8498696088790894
2318,"ive been bullied for years and the teachers have done nothing about it i havent been diagnosed with depression but i have been extremely sad for years
   how can i deal with being bullied at school when the teachers wont help",childrenadolescents,thats a very difficult situation that you are in but you are not alone i have several schoolaged clients who find little to no assistance from their teachers at their schools regarding bullyingthere are a few options that are available to you to help deal with being bullied at school one option that i would suggest is for you to talk to your support network friends and family can sometimes be good sources of support another option would be to speak with us about your counselor if you have one and third there are some excellent online sources of support regarding the bullying at school wwwstopbullyingorg,1,1,T,F,0.5028618574142456
1625,we got into arguments and we would break if off but start it back up again we clicked or so i thought we are both married with problems in our marriage we never have sex we just send a lot of pictures back and forth and talk about doing things together his wife found out and he lied to her and didnt even refer to it as an affair i cant stop thinking about him we just click ive been married for  years and ive never liked anyone other than my husband now i like him and well never be together,intimacy,if you will never be together and in order to maintain this affair you need to deceive both of your spouses it seems unlikely that maintaining the affair will bring anything but heartbreak for everyone involved there is obviously something that you are getting from this that you are not getting in your marriage maybe this is a cue that there is work to do on your marriage to try to make it more fulfilling and if that is not possible then maybe you want something else for your life  if you and your husband are willing i would encourage you to do some therapy or counselling together  you may enjoy this article to learn a little more about some factors that lead to connection or disconnection and that predict separation and divorce,1,1,T,T,0.6652579307556152
1341,an organization admitted to implanting thoughts in my head with technologies the study was to implant a fantasy other people are having but to me its a nightmare i lost my kids my job and all that i was an unwilling participant i no longer trust a therapist im too afraid to go under hypnosis or anything,trauma,given your experience of being imposed upon against your will and all the personal and professional loss that has come since your fear of what will happen if you undergo treatment and trust a therapist is understandable there is no technique or pill that can guarantee these thoughts will go away or be reversed however there are things that you can do which may help you to change your relationship to the thoughts and to the distress that they cause i understand that working with a therapist sounds risky given your experiences and at the same time a good therapist may be a beneficial resource in helping you deal with the intrusive thoughts cope with and alleviate the stress that they create and perhaps even lead to the alleviation of the thoughts themselves a therapist may also be able to help you discover strategies to work towards any goals you have around reconnecting with your children and working again if therapy feels too unsafe at the moment i would recommend looking into workbooks on how to deal with intrusive thoughts and coping with stress some popular approaches that you may want to look into are mindfulness techniques acceptance and commitment therapy or cognitive behavioral therapy you may even be able to find some of these resources at a library if affordability is an obstacle,1,1,T,F,0.6433669328689575
1009,my grandma had a stroke and passed away recently i lost my home and job im looking but havent found a job ive been binge watching television and binge eating,selfesteem,helloi write to respond to your recent inquiry for possible increase in selfesteem and positive behavioral change regarding motivation for a new job first of all please try to allow yourself some time for grief of the loss of your dear grandmother it appears you were close to her in many ways and she had a great influence in your life the grief process of anger denial despair and acceptance may be a part of what is keeping you feeling stuck in a cycle of not feeling motivated to find work at this time  perhaps your mind is constantly fighting this grief death can be a traumatic experience for some people and is considered a great loss thus the grief process may continue to be a part of your world for a time but hopefully not keep you stuck on a longterm basis  i would try to reach out to a counselor to discuss this grief process at a deeper level to discern whether her death is part of why you feel this way  grief and loss can also have an effect on your selfesteem  can you begin to see how this cycle is what you may be experiencing one positive i see is that you are continuing to look for a new job  take time to give yourself some credit for the  time you are spending looking for work  also i would recommend you set some shortterm goals first for example make a list of  potential new employers and send them each your resume then followup the next week with an email or phone call to make sure the hiring manager or human resources received your resume and have any questions  it is also a good idea to ask for informational interviews in order to get your foot in the door so to speaki hope that this information is helpful to you  please let me know if you have any questions or concernswarmlydenise,1,1,T,F,0.8998233675956726
1062,i like getting attention from men i dont have sex i lead them on to thinking i might want to i like to tease i like for men to chase me and i like to feel wanted,selfesteem,hi michigan good for you for recognising a destructive pattern this behaviour although it might get you the attention you want initially will ultimately drive men away because its not respectful of them my gut says that you learned early on in life that your value is in your sexuality alone thats a powerful thought you are certainly acting as if this is true if you believed in your value as a person you would be less afraid of deeper relationships and intimacy in general if i were your therapist id have many questions for you and i would need to understand a lot of things about you and your past to help you sort out where this idea about yourself came from id suggest reaching out to a qualified therapist who can help you get to the root of this behaviour good luck,1,1,T,F,0.6549344658851624
1851,she treats me like im not in her presence shes always yelling at me for no reason she gives more respect to my brothers than me but only my brothers fight her while i respect her,familyconflict,attention is not equal to love and being valued it may be precisely because your brothers demand so much more your moms attention through fighting with her that she pays more attention to them it is a common situation in families where the squeaky wheel gets the grease and the siblings or family members who dont demand as much attention end up feeling invisible it sucks to feel invisible and it is important that there is attention for you and that you know how much your mom loves and values you  this sounds like an important conversation to have with your mom and if she is not able to really understand or help you address this concern you may want to suggest doing some family therapy where a skilled therapist can help you and your family work this out,1,1,T,F,0.8231735825538635
113,i dont know how else to explain it all i can say is that i feel empty i feel nothing how do i stop feeling this way,depression,why do i feel emptyfeelings of emptinessa lack of meaning or purposeare experienced by most people at some point in life however chronic feelings of emptiness feelings of emotional numbness or despair and similar experiences may be symptomatic of other mental health concerns such as depression anhedonia or schizophrenialike i say seek to get a check up physically and mentally to see if there are any medical under lining issues,1,1,T,F,0.507144033908844
1638,i crave attention companionship and sex she has had a hysterectomy and she has a bad knee,intimacy,hi hamptonalthough id bet your wife also wants the attention and companionship it seems that there are a few barriers in your sexual relationship right now i also would bet that there are things that your wife would like from you this is a very common issue two people with different sexual drives or needs if you both want the relationship to improve a couples therapist who works in sexuality is a great idea its a complex picture that youve only given us a glimpse ofin the meantime you can try a few things have compassion for your wife shes in pain and this may preoccupy her sex may be uncomfortable for her she needs understanding you need understanding too right  help her to see that youre not just angry but lonely and hurt it might affect how you see yourself as a man showing her irritability or anger might push her farther awaythere are many ways to be close intimate and sexual that dont involve intercourse you might want to explore some of these things and reassure her that you wont pressure her to have intercourse find out what your wifes wishes and ideas are you might be surprisedthese things take time to address especially if theyve been years in the making i do recommend seeing that therapist relationships are very complex and it takes time to explore all the layers and barriers to change best of luck,1,1,T,F,0.5695854425430298
2056,ive been with him for a couple months we will talk everyday and he will get mad over something i will say and not talk to me we have our great moments but i just need to focus on my personal situations and i feel he is slowing me down with that i still wanna be with him but not now,relationships,it sounds like youre pulling away instead of being honest if you really want to be with him why not now if you dont have time for a relationship why are you dating at alli dont understand the whole phasing out thing that people do these days or ghosting where you just stop talking and disappear i get the sense that this relationship isnt working for you but for some reason youre stopping yourself from being honest with yourself and him and just ending it in the early stage of a relationship the first year if it doesnt feel fabulous its a good idea to move on its not personal you dont owe this person anything they deserve someone whos totally into them and so do you and youre doing him no favors by hanging on to something thats not amazing or giving him hope that it might work better in the future sometime you dont have to slowly bow out it actually creates more hurt than gentle honesty maybe people dont know how to say itive decided not to continue with this i wish you the best life is too short,1,1,T,F,0.5731727480888367
2181,i suffer from checking and cleaning ocd can counseling help me to get over it,behavioralchange,absolutely  exposure techniques in counseling have shown to be extremely effective for working through compulsions  first thing i would say is to make sure you feel a good connection with your counselor and you feel its a good fit  its hard to get through that anxiety already but having a counselor that feels right for you will help to buffer that a bit and help guide you through the exposuresnot sure what kind of access you have in your area but some counselors that specialize in exposure therapy will actually come to you to support you through an exposure  its very treatable so just take it a step at a time and hang in there,1,1,T,F,0.6898995637893677
503,ive hit my head on walls and floors ever since i was young i sometimes still do it but i dont exactly know why    i have anxiety and i had a rough childhood but now ill start to hit my head and sometimes not realize it but i dont know how to stop or even why im doing it    how can i help myself to change my behavior,anxiety,one step towards change would be to decide why you are hitting your head is it a sensory sensation you like the way it feels are you trying to hammer out  thoughts and feelings you do not want to think or feel also consider other ways to alleviate that desire the feeling the result you get from banging your head  perhaps every time you do not hit your head you give yourself some micro reward also when you do hit your head you could find an activity that would deter you   working with a therapist or counselor who has knowledge of behavior modifications  when i am helping clients work in this area there are many helpful steps toward extinguishing a behavior,1,1,T,F,0.588208794593811
2300,my best friend and i were pranking her friend and i told her to tell him that she likes him she said no but i forced her after she told him he told her that he likes her too their friendship is ruined because of me she wont forgive me and i feel really guilty i feel like crying,socialrelationships,in order for your friend to forgive you shed need to trust you understand the damage you introduced into her relationship with her friendits possible if you offer your friend expressions of your empathy toward her  over an extended time possibly shell forgive youyoure certainly learning relationship lessons on how to treat people and the effect of betraying another person which will last forevermaybe this was meant to be the outcome,1,1,T,F,0.7822603583335876
750,im concerned about my boyfriend i suffer from anxiety but i always have this feeling he wants to hurt me because he told me he was interested in bdsm intercourse we havent tried it but ive had this feeling he always wants to,anxiety,"hello thank you for your question there are few things
that people find more personal than their sexual relationships when we feel
connected to our partner sex can be best thing since sliced bread however if
we feel disconnected in some way sex can feel degrading and even painful 
i dont know the specifics about your relationship or how
comfortable you are in talking to your boyfriend but this is one of those
situations where communicating your fears is a good idea the only exception to
that would be if you believe he is actually a threat to you in some way if you
believe that then you should do whatever you think is safe it sounds like
there is a part of you that is already afraid of him and if that is the case
then remaining safe is your top priority 
assuming you are able to share with him your feelings
telling him what you are and are not interested in sexually is very appropriate
and sexually healthy sex is something that is supposed to be enjoyable for
all parties all parties should feel respected and able to say no to
absolutely anything they are not comfortable with 
i call the respectful agreement between sexual partners sex
trust sex trust means your partner respects your boundaries it means they
wont degrade you sexually with hurtful words forced sex or forcing or
coercing sex in ways someone is not interested in having  your personal safety and mental wellbeing is
what is most important 
now if there is a part of you that is curious about bdsm
and may be interested in participating in it there are many websites that you
can explore to learn information i will warn you some websites and articles
are better or worse than others but you may at least feel more informed 
many people engage in bdsm and have happy relationships but
again it completely depends on what each person in the relationship wants it is
also important to know that bdsm is not just one thing and people practice it
differently based on comfort if it is something you are uncomfortable with
then you shouldnt feel obligated to do it
 
i hope this was helpful be well
 
robin j landwehr dbh lpc ncc",1,1,T,F,0.8910573720932007
2306,im having a quinceañera and the girls dont like their dresses they never told me and now its a week away i dont know what to do,socialrelationships,how did you find out that the girls arent happy with their dressesdid you hear this directly from one of them or is this third hand information that someone else told you about one of the girls in your partythe answer matters because gossiping instead of directly telling you about a problem is a problem in itselfi suggest a conversation with the entire group of girls in which you tell them how you actually are feeling about their opinions about the dressesone topic you may consider bringing up is what everyone expects to get out of the party  are they coming because they like one another and wearing a dress in which the girl is happy is only one way of having fun togetheryou may learn a great deal as to the difference in values about a quinceaña among you and your friendsi hope youll have a fun party,1,1,T,F,0.850095808506012
2288,i am a young adult and i was sexually assaulted by an older man when i was a teenager which has really intensified the guiltshame however ive been attracted to much older men since i was even younger than that,humansexuality,sometimes the reason for being attracted to older men is because of growing up with a father who was distantif you grew up having enough interaction with your dad to know youd have liked more and didnt receive this then maybe your longings of childhood are still active within youit is ok to like older menjust be sure youre not idealizing them or anyone elsebecause regardless of age a relationship is based on who the two people really are not how wed like imagining them,1,1,T,F,0.7125446796417236
983,i have been in a relationship with my boyfriend for about six years now in the past our relationship was difficult and frustrating we argued a lot and due to that there was a lot of tension between us we stayed together because we love each other and wanted to make it work i used to party a lot and several times i got into situations where i would end up kissing someone else these situations were never more than just kissing i have come clean about these situations with my boyfriend and he decided to forgive and move forward with me i love him so much and want to work things out too but im having a difficult time understanding how he can forgive me i cant seem to forgive myself im overwhelmed with feelings of guilt and unworthiness,selfesteem,hi cerritosthis is an interesting twist because its more common for the person in your position to want to move forward and for the person who was wronged to struggle with forgiveness you are lucky to have a loving compassionate partner and your boyfriend is lucky to have a partner who takes full responsibility for their actions my hunch is that you learned some things about yourself when you were younger that are playing a role here your sense of worthlessness seems out of proportion to the mistakes you made you dont have to be perfect in order to deserve the love of a good man you only have to have the maturity to recognise when youve hurt someone and work hard to make it better who in your life overreacted to small mistakes you made were you shamed as a child did you learn that you deserved to be punished did something bad happen that you thought was your fault is there a mistake you made long ago that you need forgiveness for there is a younger person inside you waiting to be forgiven for something they werent entirely responsible for the bar is too high for you if i was your therapist i would work with you to find the source of the shame and address that wound if you want to move forward and be with your boyfriend your job will be to forgive yourself forgiving doesnt mean it was okay forgiving simply means that it happened that you cant erase it and that you dont want to carry it around or punish yourself for it anymore you have done many things here that you can feel proud of youve come clean youve been honest youve taken responsibility for your actions youve not tried to minimize what you did and youve chosen to be more loyal and aware of how you impact your boyfriend these are all things you can use to build your sense of worth you are acting very honourably its time to put your past mistakes away on the shelf knowing that youve learned from them and are a better person now its not our mistakesnot our worst moments that define usits how we handle them afterwardsi wish you growth and happiness,1,1,T,F,0.926829993724823
383,im depressed and recently went through a break up its like every guy i like only wants me for sex i think im ugly and sometimes i just want to die i have a son and i got really big when i was pregnant i have stretch marks on my stomach,depression,if you are currently feeling as if you want to die please call  and talk to someoneone way to work on not always thinking so negatively about yourself is to surround yourself with people who are more positive toward you do you have friends or family who are supportivecan you find one part of you that you do not think is uglyif your stretch marks are still bothering you talk with a pharmacist or your primary care physician sometimes there are creams or lotions you can use to decrease stretch marks and they should be able to guide you in the right directionyou mentioned mostly physical things here i wonder if you can find one small thing each day that is going right and build from there perhaps your son makes you smile,1,1,T,F,0.8333536982536316
1794,they broke up recently she was a huge part of my life,familyconflict,the possible pathways for you depend on whether youd be wiling to be straightforward with both your mom and her gf about your own emotions about their breakupstart by talking with your mom because she has the more potent and the more long term relationship meaning in your lifeopen the conversation as your genuine need for a positive settlement to the end of their relationshipdepending on the outcome of the talk with your mom come to your own conclusion as to whether youd like to find ways to maintain some level of connection to the ex gfholiday and birthday cards occasional emails with the person may feel supportive for youonce you have some idea of your preferences for contact or not and what type then speak with the ex gf to find out her reaction to how open she is to your remediesat the very least you will have done a thorough job in examining what is possible for your own relationship with each one,1,1,T,F,0.8731175661087036
2030,i was talking to my fiance about changing my hair he recommended a very specific hair style then i found out his ex has that exact same hair i feel like he must know she has that hair style am i nuts or does this show that hes still in love with her,relationships,maybe your finances hair preference for you reflects he still is in love w the exthere are other many reasonable options toomaybe he doesnt know a lot about hair styles or didnt want to even think through the question carefully and also didnt want to tell you this directlyhe may have tried to take the easy way out of involving himself in your questionthe key whether or not he loves you is how you feel most of the time in your relationship   if most of the time you trust the sense you are loved and you love him then this gives you some reassurance about how the both of you feel toward each otherit is possible too that your finance has some remaining feelings for the ex   whether or not this makes any difference to you depends on how stable and reliable you feel is the love between the two of you,1,1,T,F,0.8425332307815552
267,in the last ten months ive been kicked out moved around three times worked many jobs stopped school to make money had dad and mom get sick was cheated on while pregnant lost my baby had relationship issues and was betrayed i cant get a job i have no friends i feel lonely and isolated ive been dealing with all this by myself,depression,good for you to realize your strength to identify this long list of difficulties and recognize the difference between these pressured events and who you truly areselfcare is the overall way to stabilize from so much upheaval and stress whatever is your favorite way to rest and relax would be a beneficial way to regain your emotional and physical strengthusually upsetting incidents are necessary so we place ourselves on a new track in life  they are not meant to harm you so much as to nudge you to invest your life with different activities and people,1,1,T,F,0.6151856780052185
1825,im in my midtwenties now and my boyfriend of seven years and i want to start a life my mother is  codependent on me and is extremely manipulative she suffers from type  diabetes which she uses to guilt me if i ever leave her the problem is that i will feel guilty,familyconflict,focus more on your own life and less on the very heavy descriptors you wrote to describe your momall the words you wrote represent psychological conditions which are either lifelong or take a lot of motivation and effort to changesince the only person who can change how your mom handles her life is your mom and you are the only one who can do the same for yourself devote more energy and time to living your own life fully despite the emotions you feel regarding her,1,1,T,F,0.7263962626457214
2108,i find myself lying about small everyday things that there is really no need to lie about how do i figure out what triggers me to do this and how do i help overcome this problem i would like to become more honest and open no matter the situation,relationships,well lets start with the awesome realization youve already had you want to notice that you have triggers thats huge really i find that when people lie its most often as a defense mechanism which is likely a flag that something doesnt feel safe what exactly doesnt feel safe could be lots of different things but the key to notice is that its that feeling of insecurity that is very likely triggering you it could really help to explore this with therapist perhaps even someone with a trauma specialty  thats not to say this is related to a trauma but more so to suggest that therapists specializing in trauma are very skilled at helping to identify and assist in repatterning your triggers,1,1,T,F,0.7555645704269409
340,im a teenager my dad has been jail for the last five years its tough but my mom really tries to give a normal life to my two sisters my brother and i i feel like i took upon a parent role when im the second youngest and im not stable my mother and sisters say im overdramatic im just so hurt and i keep breaking down,depression,each person handles themselves differently in any situationsince you are willing to speak about how you feel keep looking for blogs and forums on whatever topics you feel most describe your current circumstanceyour mother and sister even though they are family seem to prefer the opposite method to yoursfind your own path of supportive other people and possibly a therapistthis way youll have understanding and validation which your mom and sister dont want to give you right now,1,1,T,F,0.9367991089820862
248,i suffer from adult adhd anxiety disorder and depression it has been difficult to find a doctor in my area and my primary physician wont help i am unemployed and overwhelmed what would you suggest i do,depression,telehealth has become very popular during the pandemic one of the benefits of telehealth is that you can see a therapist who may not be in your area at all although depending on where you reside they likely just need to be licensed in the state where you reside telehealth offers access to a much larger pool of mental health providers some therapists offer sliding scale fees a reduced fee for those who are unable to pay full rate,1,1,T,T,0.5659897923469543
1607,i am married but i had sex with my friend i feel guilty but i feel not guilty too do i need to feel guilty its my body and i have full rights to do what i like,intimacy,i dont think theres anything that youre supposed to feel some people feel tremendously guilty when they cheat and others not at all it could be that your partner doesnt know about the cheating and you havent had to face hisher emotions and reactions when something we do is hiddena secretits easier to avoid feeling guilty i wonder if youre avoiding your own emotions but lets put that question aside for now there are better questionswhat do you want do you want your marriage if not this may be why you dont feel guilty do you want to be able to sleep with your friend its unlikely that both are possible keeping the marriage and the affair yes you get to do whatever you want with your bodyandthere may be consequences affairs almost always get discovered who do you want to be what kind of partner do you want to be what might your partner feel if they knew how might you feel then would you care has something happened thats affected how much you care about your partneri suggest that these other questions might be a place to start exploring it with a therapist is something to consider maybe i wish you the best as you sort it out ,1,1,T,F,0.8267186284065247
1508,im always questioning her about things such as who she is texting and talking to on the phone why she is always on social media checking her phone records and going through her phone i do this knowing that i have never found any reason for her to be cheating and i have no reason to,intimacy,understand the reasons you feel mistrustful  even though you arent finding evidence of cheating your weak sense of faith in your wifes behavior is worth examining bc trust is fundamental to a good relationshipit is possible you dont have faith in yourself to accurately tell whether someone is telling you the truth or whether you are interpreting evidence accuratelyanyone who has themselves had their trust severely violated will feel uneasy to naively trust what is on face valuethe work requires observing your own confidence in gradually feeling safe that what someone tells you is true is actually trueexamine as much evidence as needed of whether what the other person tells you theyre doing does in fact take placewhen the facts line up and show you no reason to be fearful then you will be one step closer to trusting yourself to trust someone else,1,1,T,F,0.7581650614738464
1595,my wife works late most days so im lonely i love my wife with all my heart however i dont feel the intimacy we used to have we dont have sex anymore which bothers me tremendously i have become close friends with a coworker which i know is not helping nothing will happen with that but theres the thought,intimacy,first things first  friendships that develop in times of struggle may be a great emotional support but also become confusing theres sexual attraction and entertaining a tough is only going to make it a stronger target  careful with that friendship you do not want to fill your marriages void with another person  even when you are in a friend zone and not having intimacy with this person you may be developing a special bond sharing interest and activities that may lead to a deeper connection  ask yourself how you would feel if your spouse was having a friendship like thatthen try to refocus on your marriage i suggest being transparent and talking to your wife about your feelings and concerns  ask her what you could do to reconnect make some suggestions and dedicate time to practice them  make time in both of your schedules make an effort to have lunch together or to text during the day  remember that a marriage is like a very good friendship with benefits but sometimes the responsibility kills the funcómo puedo volver a enamorarme de mi esposami esposa trabaja tarde casi todos los días la amo con todo mi corazón pero no siento la intimidad como antes  ya no tenemos sexo lo cual me molesta tremendamente  me he acercado a una amistad del trabajo lo cual no ayuda  nada pasara pero hay pensamientos al respectoprimero lo primero las amistades que se desarrollan en momentos de crisis pueden ser un gran apoyo emocional pero también pueden convertirse en algo nebuloso cuando hay atracción sexual entretener pensamientos al respecto solo lo va a hacer un reto más grande  ten cuidado con esa amistad no quieres llenar el vacío que deja tu matrimonio con esta nueva persona  aunque no estés teniendo intimidad con esa persona puedes estar creando una conexión especial compartiendo intereses en común y actividades que los unen más aun pregúntate como te sentirías si tu esposa tuviera una amistad asíintenta reenfocarte en tu matrimonio  sugiero que seas transparente con tu esposa y le dejes saber tu preocupación y como te sientes con el distanciamiento  pregúntale que le gustaría hacer para reconectarse sugiérele algunas ideas y dediquen tiempo a las mismas  hagan tiempo en sus agendas para ustedes hagan un esfuerzo para almorzar juntos y comunicarse durante el día aunque sea con textos  recuerda que el matrimonio es como una muy buena amistad con beneficios y muchas veces las responsabilidades matan la diversión,1,1,T,F,0.912155032157898
93,there are many people willing to lovingly provide me with a home i have food clothes and a university education but i never feel like i belong even when i have a good time with people who are supposed to be close i feel like im just out with friends and i never go home,depression,i truly understand what you are saying i wanted to share this blog post about this very concern are you finally ready to be free ,1,1,T,F,0.7716856002807617
2205,ive developed a really intense and unexpected attraction to an actress after seeing her in a ballet uniform while guest starring on a television show i try but i cant get her out of my mind what should i do,behavioralchange,why not make good use of your unexpected attraction to study the features you consider attractive in someoneattraction based on physicality is normal  as long as you have no negative thoughts of doing harm to the person or yourself which are connected to the attraction you feel and so long as your attraction isnt stopping you from doing your daily life responsibilities such as work to take care of your daily needs and any responsibilities you have for other people then eventually it will lose its power on you,1,1,T,T,0.8417844772338867
3904,my boyfriend is in recovery from drug addiction we recently got into a fight and he has become very distant  i dont know what to do to fix the relationship,relationshipsaddiction,i would first suggest you sitting down with him and voicing your concerns about how distant he has been or more importantly you have felt that he is  this will give clarification to the situation as we need to remember that everyones perception can be different remember that relationships take work and take communication,1,1,T,F,0.7529593110084534
1826,my mother and i have an okay relationship i know she loves me unconditionally and i love her the same however more times than not im afraid to tell her anything personal because she either doesnt listen she turns it around and makes everything about her or she ignores things  even when they are about my mental health,familyconflict,how can i get my mother to listen to me without her freaking outcommunication with our loved ones can be tricky but it is the key to maintaining a healthy and functional relationship with them at times it seems difficult to communicate with our family because many feelings and undercover messages are attached especially with our mothers who often provide advice and feel responsible for us it may feel like they are making everything about themselves as they express their worries and concernsso what to do first will be important to practice active listening skills to ensure that you are receiving and understanding the message without filtering it trough your own emotions or preconceptions of the person who speaks  second learn and practice assertive communication skills  those will help you to communicate a message clearly and in pieces  it also emphasizes using istatements to express how you feel at times when emotions become affected by the interaction  third you should practice by writing your istatement or role playing with your counselor   the trick with communication skills is that we need to practice them as often as possible until you to master them  you can also contact a family therapist to improve those skills if it becomes challenging or contact a mediator if more issues arisecómo puedo lograr que mi mamá me escuche sin alarmarse tantola comunicación con nuestros seres queridos puede ser dificultosa pero es la clave para mantener relaciones saludables y funcionales con ellos  a veces nos parece aun más difícil comunicarnos con nuestra familia porque hay muchos sentimientos y mensajes envueltos en la comunicación  especialmente nuestras  madres  pueden hacer parecer que están convirtiendo el asunto en algo personal cuando se sienten preocupadas y responsables por nosotros y nuestras accionesy qué hacemos  primero debemos aprender a escuchar activamente para asegurarnos de que comprendemos el mensaje y que no lo estemos filtrando a través de nuestras emociones e ideas de la otra persona segundo aprende y practica comunicación asertiva  esto te ayudara a comunicar un mensaje claramente y en pedazos  también te ayudar a aprender expresiones del yo para identificar sentimientos afectados durante la interacción  tercero es importante que practiques estas destrezas ya sea escribiendo o con tu consejero  el secreto está en practicar las técnicas de comunicación cuantas veces sea posible hasta que las uses espontáneamente  si tienes dificultad aprendiendo estas técnicas o el conflicto con tu mama es uno muy difícil de resolver puedes contactar un consejero o mediador familiar para que te asista,1,1,T,F,0.7779300212860107
1347,i have an emotionally abusive relationship we have been together for a year and a half he got out of prison exactly a year ago and a half ago and we have a infant i love my boyfriend and i dont want to leave without fighting for this first hes an emotionally disconnected person we never say i love you to each other every fight is worse than the last one and i dont know what to do he doesnt let me speak because hes louder than me and that makes me feel frustrated i have another problem english is my second language i pay half of the bills and every time i want to speak to him he kicks me out of the house he apologizes sometimes i feel like im the only one fighting for this he agreed to have counseling,domesticviolence,im glad that you are reaching out for help all of this sounds overwhelming and confusing all of what you discribed is common in an abusive relationship unfortunately there isnt anything you can do that will change his behavior he has to make that decision for himself it is difficult for abusers to do this because they have to admit that thier behavior is fully thier responsibility abusers a lot of times will say theyre sorry or make promises to change and then turn around and become abusive again i would strongly discourage any couples counseling because in an abusive relationship this can become very dangerous for the victim individual therapy for both of you you be a safer rout i would also encourage you to reach out to a domestic violence non profit near you because they can help you safety plan and provide counseling if you want it here is some information on the cycle of violence that might be helpful for you  httpwwwbfwcorgpdfcycleofviolencepdfi hope you are safe and i wish you the best,1,1,T,F,0.6882526278495789
1414,im a teenage girl and my dad is an alcoholic i hate being at home with him because he just stresses me out he can be picking me up from basketball practice or piano lessons and half of the time i dont even know if hes sober or not i refuse to get into the vehicle with him and walk home sometimes ive either been barely sleeping or i over sleep so im always tired i live in a small town so theres no one i can really talk to because im not really that close with my family,sleepimprovement,"hello and thank you for your question you are clearly a
resourceful young person to reach out like this to find help good for you i
have a few ideas and perhaps some other counselors will add some thoughts too

first good for you for taking care of yourself and making
really good decisions  such as not getting into the car with dad when he is
intoxicated it is really important that you consider your safety above all
else 
to answer your heading question yes it is quite common for
people to blame themselves for other peoples actions there are various
reasons why we do this for one thing someone may tell us that their behaviors are our fault and depending on things like our relationship to that
person past experiences and our selfesteem we may actually start to believe
it what is important to remember is that your parents have the responsibility
to be sure that you are safe and
cared for not the other way around 
as for the other things you mentioned i am concerned about both
your physical and emotional safety and wellbeing it sounds like your father
has an alcohol abuse problem and living with someone who is struggling with
addiction can be hard for anyone let alone a teenager who is also trying to
deal with things like school 
you may want to see if your school has a counselor or
someone you can talk to about what is going on i will tell you that in some
states what you have told me may be something that a counselor would have to
report to child protection services but not necessarily if you are concerned
about that ask the counselor what they are obligated to report 
if you dont know a counselor think about any other adult
that you would feel comfortable talking to they may have some ideas 
sometimes individual states have nonprofit chat lines or
hotlines for teens to call if they are struggling with things you may be able
to find something like that in your state i do warn your about doing random
searches not every website is good so be careful 
this is clearly a tough spot for you to be in so one of the
things that i encourage you to do while searching for support is to focus on
taking care of yourself sometimes things like this can really bring us down and
we stop doing the things we enjoy try really hard not to let that happen if
you have interests do them if you catch yourself thinking too hard about
things try to find something fun to do to distract yourself try to take care
of yourself in other ways such as eating well exercise can really help when
we get stressed 
i hope some of this was helpful good luck
 
robin j landwehr dbh lpc ncc",1,1,T,F,0.6891863942146301
2682,"i regret ever hurting her and they mean the world to me but it feels like nothing i do seem to work
ill always love them no matter what and when im with them nothing else matters i love them more then anything i dont want another guy raising my kids",parentingrelationships,how you you expressed your regret and taken responsibility for the pain thus far repair is a very essential skill in and part of developing healthy relationships your love sounds deep sit with that also sit with how shes been hurt you get to feel your hurt too and your kids in feeling all this you may also find our way to the repair if feeling all this is tough to take on seek out a local therapist to support your process,1,1,T,F,0.970528781414032
1892,ive only been married three months every week we argue about something and it seems to be getting worse,marriage,one key factor to consider is are you able to repair after your arguments it seems from your question that repair is lacking after any disagreement or argument when couples are able to repair after an argument they have an opportunity to learn more about each others needs moving forward im also curious if youre having the same type of arguments over and over if youre stuck in a particular pattern and can start recognizing what happens between you when this pattern happens then you can start to name it once you name it then you can take a break to cool off and come back to each after your nervous system has had a chance to calm down about  minutes the key here though is to make sure you have a plan in place  when things are good between you  an agreement between you that when you both start to get escalated youll name it or have an agreed upon code word to signal you dont want to continue this cycle and then agree to cool off and come back together at a later time that way when this is enacted during an argument nobody feels abandoned during the cool off time rather both partners know they will return at a time when they can truly hear each other and hear their needs,1,1,T,F,0.6650505661964417
1349,he is verbally abusive when he gets mad he just yells at me at times i feel scared,domesticviolence,im sorry you are experiencing this and im glad that you are looking for help and support im not sure of all the details so take from answer what you can if you are feeling unsafe or scared in your relationship please know that there are non profit domestic violence services that can help and provide you some more support they can also safely plan with you if you choose to leave it seems that you might be feeling defeated and if thats the case a lot of domestic violence non profits provide free counseling if you are needing to talk to someone what you are going through can be overwhelming and your are taking the right steps toward healing,1,1,T,F,0.6492483019828796
1622,ive been getting told lately by my partner that its embarrassing that im so antisocial around his family and friends i believe its because im not as social as him,intimacy,hi buffalo i think youre right your partners reactions are about him i have to say its a cruel thing to say to someone you lovethat youre embarrassed by them the subtext says youre not good enough and i love that you can reject that false messageyou dont have to be different for anyone if he cant accept you for who you are what is he doing with you your social habits unless they are extremelike you refuse to go anywhere arent a reflection on him its just you being you also and im sure youve found thisthe more he judges you the more difficult it is for you to be the confident outgoing person he wants you to beso his method of trying to change you doesnt even worki think thats the cruxhes trying to change you what does that make you want to do,1,1,T,F,0.6570361852645874
3715,"i dont remember when the voices in my head started but i remember hearing them when i was little 

i know its not normal to hear voices that arent your own i fight the voices and i want them to stop  theyve been here so long and i want them gone how can i make the voices stop",anxiety,this isnt something you can do on your own if you havent already you need to see a medical doctor asap to rule out medical causes for this many diseases illnesses and conditions can cause hallucinations in the elderly sometimes its something as simple as a urinary tract infection some medicines may have that side effect as wellhowever you say youve been hearing them since you were little i have no idea how old you are now but something that has been going on for many years does lead me to think it could be a type of schizophrenia a psychiatrist could diagnose that after taking a complete look at your history medical history etc there are medications that they can put you on that will help one thing that i find encouraging is that you recognize youre hearing voices this means you are not so far into a delusion as to believe it is real a lot of people that hear or see things that arent there are not able to have the awareness that these things are not real they fully believe what theyre hearingseeing its completely real to them because you have the awareness that you do i feel this is a very good sign that with treatment you can live a normal life assuming you are not already receiving treatment for it if you are and are still hearing the voices please know that medications often need to be changed and adjusted and the voices may never completely go away but medicines certainly help dull them a lot always talk to your doctor when it seems your symptoms are getting worse so that they can make the necessary medication adjustments for youif at any time the voices are telling you to do something please go to an er as this is an emergency sometimes people hear voices telling them to harm themselves harm someone else or do other things that are against the law do not try to deal with something like that on your own there are people who can help,1,1,T,T,0.5838544964790344
1795,my mother has alzheimers and i can see that she has lost some of her intellectual abilities even though i know this disease is not her fault im still finding it difficult to separate my own feelings of disappointment and frustration when my mom seems to ignore my opinions and wishes and seems,familyconflict,good observation on your part to distinguish that your feelings in relation to your mom are not necessarily connected to the way she handles her part of the relation toward youhas your mom usually ignored your opinions and wishes in relating to youif prior to the onset of alzheimers she never examined her way of relating to you and if both of you have never had an open conversation about your sense of feeling hurt by her attitudes and manner with you then the relationship between you and your mom will change in ways other than rational dialogueshe may continue ignoring or overlooking your wishes because shes been stuck in this attitude for most of your lifethe good news for you about this is realizing that who you are and your way of relating to your mom has very little to do with the way she relates to youthis is a more profound disappointment because it shows that her disconnect from you has been for longer than when the alzheimers beganyou can however feel a little more free knowing that youre not deserving of being ignored,1,1,T,F,0.6628140807151794
732,why am i so afraid of it i dont understand,anxiety,your fear is somewhat reasonable  no one wants to be raped and i imagine everyone is afraid of what being raped would feel likedo you mean that this fear is on your mind more often than you would likeif this is the case then try understanding the reason behind your fearis it because you personally know or know of someone who was raped  one general direction of what would help is to regain confidence in your decisions of keeping yourself safe  the more you trust yourself to avoid social situations with lots of drinking isolated physical surroundings and being in isolated locations with someone with whom youre not very familiar probably your fear will decreasethe other general direction to understand is if in your family history people have been violated severely either emotionally mentally or physicallyin families in which people have suffered severe violations of themselves often the emotional patterning of expecting to be hurt by others plants itself very deeply and transmits to the younger generationits possible then that you are suffering from fears established in other family members who have not yet been able to fully understand and accept their own sufferingthe good news is that individual therapy with a credentialed and licensed therapist is ideal for a safe place to open and clear this type of emotional burden,1,1,T,T,0.5477322340011597
1610,as i was growing up my mother and father always fought with that i grew trust issues i think its going to affect my relationship now and end it sooner then i want to i try not to let it affect me but i cant,intimacy,if you thing your trust issues are going to end or affect your relationship it will because you are being baggage from your parents into this relationship  dont allow their problems to become your problem  you didnt mention that your partner in your present relationship have done anything to make you not trust them  like in the court of law if no evidencefind not guilty  dont make them pay the consequences as if guilty of your parents unhealthy behavior,1,1,T,T,0.7905321717262268
3731,"i know i need to deal with my depression but i dont know how and i dont want to tell anyone 

how can i deal with depression without telling anyone",depression,helloit is completely understandable that you would not want people to know about your depression i would first like commend you for realizing that you need to help with your depression by reaching out here that is a great start and youve taken the very first courageous step depression can feel debilitating and overwhelming depression is also a very personal thing and no one has know but you and the therapist the best way to begin learningand dealing is to pick up the phone and call a therapist or email a therapist and schedule a session the great news is that with professional help you can feel better and you will learn how deal with and manage the depression there are many ways to help with depression that a therapist can teach you and help guide you do not have do this alone asking for help and going to therapy is a strength this can be done in a private and confidential settingdepression should be treated by a therapist in a safe confidential office setting the therapist can then discuss your depression with you in more detail to figure out the underlying cause how long youve been feeling this way and identify what brings on these feelings there is hope and depression can be treated with great success you can feel good again depression can be managed appropriately by seeing a licensed therapist often times therapy will offer relief because you would have someone there simply to listen to you validate your feelings and listen to your story the therapist will be able to offer professional insight and perspective on the situation and help you think outside the box the therapist can do many things with you provide insight and offer many ideas to help you learn new coping skills and ideas of things you enjoy encouraging you to re engage in hobbies you once enjoyed or even discover new things you may enjoy there are creative ways to learn to cope tooyour therapist will also be there to support you without judgement at your pace through the entire process but the first step is finding a therapist and beginning to identify the cause your depression healing is possible and getting your happiness back is also possiblefeel free contact me for additional help or informationlaura cassity lmsw lmac,1,1,T,F,0.7204551696777344
1057,ive been with the mother of my child for years,selfesteem,i would think that you hold little self worth and feel that you are not worthy of better  i would suggest that you get to know yourself   what do you need in a relationship  what is holding you to this relationship other than your child  what have gone on in the relationship that makes you think or feel you deserve such disrespect  just a few questions to ask yourself,1,1,T,F,0.5811740756034851
1385,were in an eight year relationship my boyfriend drinks a lot he experienced childhood trauma i dont know how to deal with violent outbursts,angermanagement,you shouldnt need to educate yourself on violent outbursts  he is the one in the position to change his violent outbursts   they are his behavior not yours  all youre trying to do is have a relationship with this guythe one task to do is during a quiet time to tell your boyfriend the way you feel about his outburstshis answer whether he denies having a problem blames you for his problem tells you the problem isnt so bad why are you complaining tells you a lot about his willingness to changewhether or not he considers himself to have a problem and wants to change himself is very good for you to knowthis tells you what to expect from him in future   you can reflect and plan ahead for your own life depending on your tolerance and willingness to live with what he answers you,1,1,T,F,0.8089191913604736
2240,how does a counselor decide when to end counseling sessions or to terminate working with a client,professionalethics,there are typically three reasons why therapy is terminated client has met therapy goals client is not progressing  therapist is not a good fit for clientin order to properly assess whether therapy is helping and what progress is being made the therapist needs to have ways of consistently checking in with clients sessionsbysession to determine what is helping what isnt and where the client is at in relation to their original therapy goals when a client has met their goals that is a good time to end counselling sessions unless the client has new goals or simply wants to checkin periodically to make sure that they are still on track sometimes referred to as relapse prevention when a client is not progressing and feedback has been taken and attempts have been made to make the therapy more helpful for the client but to no avail than it is considered unethical to continue to work with the client in these circumstances referring out to another therapist who may be a better fit is a good idea,1,1,T,T,0.6054645776748657
291,i am pretty sure i have depression and anxiety i also have voices in my head i have problems sleeping too ive already been diagnosed with attentiondeficit disorder and obsessivecompulsive disorder i have selfharmed in the last and used to be suicidal how do i tell them this and ask for therapy,depression,talking with parents can be very challenging even if they are loving and understanding  have you ever discussed these issues in the past  if so how did they respond  itd make sense if you were avoiding a discussion if they have responded negatively to you or even neutrally  we rely on our parents for action when we are in need and it can feel so disappointing when they dont meet our needs  if this is the case for you you could still reach out to them if you feel safe to  that might mean being very candid about what you need from them or what you are seeking for yourself  sounds like you already know you are struggling and you want to get some help which is awesomedo you worry they wont believe you or that theyll be disappointed in you for selfharming  if you are struggling with these worries it may be worth talking to another trusted adult about how to bring the issues up to your parents  maybe that adult could be part of the conversation if appropriate or available  also do you have any siblings that are old enough to be part of the conversation  or maybe be a shoulder to lean on  no matter what happens social support is really important so you dont have to go through it all aloneis it possible that your parents or even one of your parents will be proud of you for speaking up for yourself and trying to get help  sometimes depression and anxiety immobilizes us because we fear the worst when in reality there are many more possibilities  one of the things i have my teen clients work on if they want to communicate something to a caregiver is have them come up with a bulletpoint list of the things they need them to know  so maybe your list would include symptoms youve been struggling with how you want to change and what you need from them to help you change  if you do this and it doesnt turn out well remember that its on them and not you  sometimes parents are doing the best they can and sometimes its not good enough  that never means you arent worth helping it could be helpful to make a backup plan for how you will try to reach out to someone if they dont respond wellyou also dont specify your age or if you are even a teen  im assuming you are but if not you may be able to get help without their consent or help  if you are closer to age  you may not have long to wait  i truly hope you find what you need,1,1,T,F,0.6487308740615845
2112,i havent uttered one word to my boyfriend in days now im over it and dont know how to approach the situation,relationships,in any relationship it is important to be able to say im sorry because it shows vulnerability and openness i recommend that you sit and have a discussion with him now that you are calm about why you were upset and how you would like to handle such incidents in the future if you find yourself becoming upset again i encourage you to take a  minute break and then come back to the conversation once you are no longer heated studies show that talking or discussing arguments are more effective once you have cooled down and you are more likely to hearunderstand what your partner is trying to convey,1,1,T,F,0.9478079080581665
2121,after  years of being straight how could i now find myself interested in people of the same sex i have had a few same sex encounters of my own doing,lgbtq,i frequently work with individuals who develop samesex attraction later in life humans have a tendency to think of things in absolutes black or white good or bad gay or straight in fact much of life is lived in the grey that lies in between the extremes this is especially true of sexual orientation which is fluid and occurs along a spectrum as someone ages and grows their sexual interests may change i would encourage you to speak to a therapist who specializes in working with lgbtq individuals they will have the experience necessary to help you navigate these issues,1,1,T,T,0.5087941288948059
1977,"i have a friend that who i used to be in a relationship with it was brief and turned into us being just good friends
   i spent the weekend with him and it upset my boyfriend was i wrong",relationships, they say three can be a crowd  first ask yourself how you felt when you were with this friend that weekend  did i feel uncomfortable and was i thinking of my boyfriend the whole time  did i communicate with my boyfriend that weekend while with my friend  think about why he maybe reacted to you in this matter and it was a good start on his part to be authentic about his feelings  so what are yours ,1,1,T,T,0.5485918521881104
1965,over a year ago i had a female friend she turned out to be kind of crazy so i decided to stop talking to her when she would call me i wouldnt answer the phone this made my girlfriend really suspicious she would ask me why i wouldnt ever answer that phone number i told my girlfriend that i dont want to be friends with that other woman but i dont think she believes me how can i get my girlfriend to understand,relationships,we women really do tend to struggle with the comparison game and hollywood culture hasnt helped with romantic comedies and song lyrics telling us that when a man appears evasive theres something to worry about its been my clinical experience though that most women value transparency and security in their relationships so you might try sharing a little bit more about your history with this woman for examplewhere did you meet herhow long were you friends before you decided to call it quits why dont you want to be friends with her ie what do you mean by kind of crazy i promise this tends to matter to womenwere you ever intimately involved with or even attracted to herif your girlfriend can truly see that you view her as the filet mignon to the other womans hamburger and that she is your favorite person on the planet and has nothing to worry about she may start to come aroundnow if shes more concerned that you might be taking this womans calls behind your back while im not typically a huge fan of sharing passwords or phone records you might print them off and highlight this females number and show your girlfriend that you absolutely are telling the truthand if you really want to step it up i would be intentional about doing all the little things that you know your girlfriend loves that helped make her fall in love with you in the first place eg little love notes for her to find or sweet text messages buy a rose or her favorite flower have her car detailed do the laundrydate nightsyou get the idea  bottom line  show your girlfriend why out of all the women on the planet that you could be with you chose her  and would continue to do so all over again  and why you love her as a person  this will help her trust what youre saying best of luck to you  tamara powell lmhc,1,1,T,F,0.7985793352127075
2700,when i ask him who he is talking to he tells me no one but it sounds like he is holding a conversation with someone i have even accused him of having a secret cell phone i ask so much i feel like i am losing it  is he trying to make me question my sanity or is he talking to himself,relationships,a rare topic  likely extremely troublesome for you i would need to have more background information on the two of you before beginning to offer any insight feel free to email mei would also like to add that aside from the reality of whether or not these conversations are actually occurring as your partner he should be just as concerned about something that is disturbing you to this level  partners need each others trust and support no matter who is right or wrong,1,1,T,F,0.5852707028388977
363,people who are parental figures in my life have in the past hurt me and some continue to do so it makes me feel like im not good enough for my husband or the life he provides me i have had jobs but i am going through a lot of my past garbage and trying to figure out when it all went wrong any time i bring these things up i am expected to be over the issue these are people that you cant just cut out but i have never received apologies for so much of my pain i dont know what to do any more i dont know who i am anymore,depression,it sounds like you have been thinking about how past hurts have influenced you and when you try to talk about these hurts with people in your life you are feeling invalidated it also sounds like current conflicts are continuing to leave you feeling hurt and devalued in working with a therapist you may be able to get some clarity about your past who you are and what kinds of boundaries you want in your relationships so that you can lead a life that is more satisfying to you,1,1,T,F,0.6645144820213318
2053,he isnt violent but he has anger issues and deep insecurities hes working on them and has improved we started counseling and he participated in one or two individual sessions but we broke up again shortly thereafter now his constant questions and accusations are getting really draining,relationships,from what you write youre not too happy with how your boyfriend treats you and how he handles his own lifewhat keeps you feeling connected to him in positive waysif youre truly not happy most of the time in this relationship then youre at the time of asking why youd want to remain in a relationship which is draining,1,1,T,T,0.6436202526092529
365,i am going through a very hard time and im so depressed my parents are getting a divorce and a lot of bad things are happening i want to lull myself,depression,it sounds like a tough time and its normal to feel down when your family is going through a divorce or other hardship theres a difference between feelings like sadness discouragement grief loneliness and depression though sadness is sadness and sometimes we have to go through a grieving or other process that is a normal reaction to events in our lives depression on the other hand is more about being stuck lulling yourself with selfcare sounds like a healthy response and a way to give yourself support so as to the uncomfortable but healthy part of your feelings do the best you can to put names to it and share with a trusted other person you will find comfort the part of your situation thats depression  feeling stuck not able to get out of bad concentrate changes in sleeping and eating loss of enjoyment in living poor hygiene feelings of hopelessness thats different first step identify your own symptoms of depression if you have any thoughts of hurting yourself tell someone if youre not sure you can try lifenet or other support line to get feedback first aid for depression includes daily care and feeding good sleeping and eating lots of exerciseeven when you dont feel like it healthy socializing and focusing on talking to yourself in a positive way if you arent able to move yourself out of your depression  work with a professional to make shortterm goals and get some support you may also talk to your doctor or psychiatrist about trying an antidepressant to give you a little lift while you go through a rough patchbest wisheskaren,1,1,T,F,0.9428220391273499
945,my step nephew a preteen has begun masturbating i also had to take away the internet because he was caught looking up porn im worried about him,parenting,your nephews behavior sounds normal and developmentally appropriate  masturbation is a healthy expression of sexuality  most families to create some rules about where its ok to masturbate for example stating that it should be done in the privacy of the childs own room  im wondering if you or another adult in his life have talked to him about his developing sexuality  it seems like that would help him and you handle his increasing maturity,1,1,T,T,0.8280546069145203
751,i get so much anxiety and i dont know why i feel like i cant do anything by myself because im scared of the outcomes,anxiety,this is a very common question in my practice panic attacks typically emerge from an underlying issue ex depression low selfesteem fears to decrease your anxiety symptoms its recommended to seek treatment with a therapist who specializes in working with anxiety disorders and most importantly one with whom you feel comfortable within my practice i educate clients about their anxiety and discuss building a framework with helpful tools for decreasing anxiety starting a daily mindfulness practice for example listening to guided meditation engaging in deep breathing exercises yoga practice or other positive calming activities understand your negative and positive thoughts many times we tend to focus on the potential for bad things to happen increase positive selftalk when feeling down or when anxious for example i dont need to worry i am calm and relaxed  exposure to fearful or anxious situations this can be accomplished under the care of a mental health professional many times we shy away from things that make us feel uncomfortable or insecure this may led to an increase in isolating behaviors resulting in difficulty in performing things we were once able to do for example leaving the house presenting in front of others going to social events and having conversations with people however the more we expose ourselves and practice the use of our positive coping skills ex deep breathing the chances of anxiety will decrease i hope this was helpful keep in mind a therapist can help with guiding you through self relaxation and improvement,1,1,T,F,0.8087929487228394
1823,she has chronic inflammatory demyelinating polyneuropathy and im her caregiver all she does is complain hit me call me names and say things happened that didnt when i tell her she explodes i didnt always hate her but now every little thing she does irritates me and i dont have the means to live on my own,familyconflict,it sounds like you are hating some of the things that your mom does rather than hating hersomething you may be able to do is call the area agency on aging for the county where you live and ask for information about having other people help to care for your mom i dont know how old your mom is but if she is younger they would probably have resources to other ways that you could have help if you are both open to the possibility of someone else helping out this may help with some of the difficulties between you if you are not spending quite as much time together do you think your mom is able to actually recognize how what she does and says affects youfrom whom do you have support during all of this,1,1,T,F,0.6026705503463745
1161,my husband and i got into a huge dispute he said he wanted a divorce and i left i still come home a lot and see my kids and he has not filed yet even though he still said he is what does that mean for our marriage,relationshipdissolution,in any relationship including marriage each partner will be better able to do their part by understanding their own interests and wishesconcentrate more on what youd like from your marriage  this will naturally raise the questions and criteria of what to talk with your husband about and what to ask of himthink over whether you wish to divorce or notsince he hasnt taken any action then for the moment you can assume he is not sure of what he wantsonce you feel a little more clear on your opinion about your marriage including feeling uncertain if youd like it to end or continue then you will be able to tell your husband the suggestions you have for resolving the dispute matter and emotionstry to redirect your speculations about what does he want i wonder what hes thinking back to answering these very reasonable questions about yourselfthis will strengthen your own purpose in clarifying where to start and guide a discussion with himgood luck,1,1,T,T,0.5262665152549744
1922,weve been in a long distance relationship for two and a half years i recently saw his phone and saw the people he texts the most and one of them was a female coworker i dont know how to approach this situation how do i ask him about it,relationships,i agree with sherry that in a close intimate relationship you are entitled to ask questions about his relationship with significant others these questions help couples to build connection and trust its based on the idea that if you reach out to him for whatever reason support openess understanding empathy you can count on him and can expect him to be responsive how he responds to your question will give you an idea whether he helps you to feel more emotionally secure and builds trust or if you feel that you cannot be open with him if your partner responds in an open and understanding manner it usually indicates that he cares about your feelings and values your importance if he responds in a defensive manner it could mean that he does not like that you are questioning your trust in him or that he has something to hide either way you may wish to explain that building trust is something that is very important to you in a relationship and that talking to him openly helps to foster that if he continues to be defensive or evasive then there might be some bigger issues at stake and the two of you may benefit from couples counselling or having a discussion about the values that are important to you in the relationship and how the two of you will go about supporting those values with actionsdr virginia chowwwwpsychologyresourceca,1,1,T,F,0.8664738535881042
2214,its been like a couple of years that ive been feeling like this i dont want to selfdiagnose but i get so sad and cry and then i feel better but then i get upset with people so quickly and i hurt their feelings its this constant rollercoaster and its hard,behavioralchange,hello and thank you for your question bipolar disorder is generally characterized by extreme changes in mood ranging from mania highs to depression lows there are different types however so here is a website that gives you a list of symptoms for mania and depression in bipolar disorder httpwwwwebmdcomdepressionguidebipolardisordermanicdepressionpageafter reviewing these symptoms if you believe you may have bipolar disorder then you may want to see your primary care provider or a counselor bipolar disorder is treatable but for many people it requires the right medication and sometimes counseling to help people make behavior changes that are important for bipolar management for example some people may not get regular sleep but proper rest is important for bipolar management a counselor may talk to you about this and other lifestyle changes that you may need to make the good news is that many people live happy healthy and productive lives with bipolar disorder so if it turns out that you do have bipolar disorder it doesnt mean that things cant get better there is currently no cure for bipolar disorder but with proper medication and lifestyle management people can do quite wellhope this was helpful be wellrobin j landwehr dbh lpc ncc,1,1,T,T,0.510717511177063
1554,my husband cheated while i was pregnant with our son with a socalled friend this was before we were married we split and eventually worked things out i thought i trusted him so we got married now he flirts with girls in front of me ive talked to him but nothing helps,intimacy,this sounds very painful for youare you able to tell him how his flirting affects youmaybe he doesnt care enough to change and maybe he doeslong term if he continues this then usually people feel they have two choices put up with it which of course greatly reduces the sense of satisfaction in the relationship   or of course you can decide to end the relationship  this choice is quite significant now that you have a child together  give yourself plenty of time to think over the best outcome,1,1,T,F,0.5319122076034546
2272,im worried i should see a therapist due to past events and current mental status im just so unsure of how to ask my doctor about seeing someone,professionalethics,having this kind of conversation with a doctor can feel difficult but remember you are the expert on you any good medical professional will recognize thatyou are absolutely right to think about the importance of being your own health care advocate generally the best approach is simply to be honest let your doctor know what you are concerned about and tell your doctor what you think might help if there is a specific issue that youd like to address in counseling let you doctor know about it and dont hesitate to directly ask for a referrali know this may all feel a little overwhelming it might help to bring a family member or significantother with you to provide support when you talk to your doctor its great that youve already taken this first step to reach out youre on the right track,1,1,T,F,0.7346442341804504
1163,in  my former husband of  years walked away from my life and weve been separated ever since we have always been together sexually and both have experienced sleeping with others i stopped because i wanted my marriage to work out but he did not if he stops sleeping with other women can our marriage be saved or should we just part ways i still care deeply about him after all that i did and he has done but he is seeing someone else on and off for years now will our marriage still be saved if he decides that he wants to try to do so,relationshipdissolution,sorry to hear about the stress in your relationship  there is definite value in being clear as you are about your own emotional investment in your husband and that you expect sexual exclusivity from him as part of the foundation of your marriagealso positive is your awareness that only your husband is the one who must similarly decide his own standards of being sexually exclusive to you or notwhether your marriage can be saved depends on what each person is willing to accept about the other oneis sleeping with other women the only criterion of what will satisfy you about being together with your husbandlove and care are not enough to make a marriage work partners need to be able to compromise and cooperate with each other that you care for him definitely intensifies any emotion you feel toward your husband  it intensifies any frustration and sadness about the relationship toodecide how much emotional sadness and hurt youre willing to tolerate and the reason youre willing to do sofrom what you write you are being very generous of yourself and not being reciprocated for thisif your husband doesnt start taking steps toward satisfying your wishes this may be your time to question your own generosity in waiting for him to do so,1,1,T,F,0.902595043182373
755,i started dating my fiancé two years ago my first cousin is married to my fiancés sister there has always been a communication issue between my uncle and aunt and my cousin and his wife my uncle goes to my mom instead of talking to my cousin and it upsets my mom,anxiety,based on the information provided this is an issue with boundaries   sounds like your uncle goes to your mom and possibly your mother takes the issues to you  i do not like to assume so i will direct you to information regarding families dealing with enmeshment and triangulation  enmeshment is the concept of diffused boundaries in families and other personal relationships  triangulation is two individuals relaying information to a third party what cannot be said directly to each other  from someone who has dealt with both these issues on a personal level being informed about family dynamics is beneficial and can help you develop healthy boundaries for yourself within your family structure  you may need assistance with developing healthy boundaries  although it is possible it is not easy to change the way you have been operating for any extended amount of time  hope this help,1,1,T,F,0.5167747139930725
1973,"ive been with my partner for  years shes given me no reason not to trust her but lately ive been overreacting a lot when shes just doing normal things i think its triggering my bad past relationships
   how can i get rid of these insecurities and be more trusting with her",relationships,whats most important is that you recognize that what youve been doing is off base  that what youve been feeling is overreacting that you have insecurities and you suspect your actions and reactions are connected to your own past and not to the current situation or to your partner thats an excellent first step because without recognizing these things about yourself its unlikely that you would changethat said you sound as if you are really ready to start some therapy to work on your own personal growth not because there is something wrong with you but because youre ready to learn more about yourself and make some creative changes in your behavior yes there are lots of selfhelp books and courses but we humans often make the most progress when we have support in  realtime from another human being who can sit with us point out our blind spots and teach us some skills that are hard to learn on our own,1,1,T,F,0.7530823945999146
2065,i was in a relationship with him for three years my mom doesnt like it because she thinks im making a mistake he got married a few months after we broke up and now he is divorced i forgave him for what he did in the past and he says hes sorry and he really loves me i love him too but is it bad that im giving him a second chance again,relationships,hey it might be mistake in the end but this is a risk you want to take and you get to make your own mistakes your mom wants to protect you i get that maybe she is worried youll be hurt again were you hurt in some way by him can you understand where shes coming from sometimes when were mad at our partner and we complain about them to mom its hard to know how to repair moms relationship with the partner when things are better and we reunite can you help your mom understand that you take responsibility for your part in how it went wrong that the picture you may have painted of him isnt the total picture she might need help there thank your mom for her love and care and you can also let her know clearly that you and your boyfriend are the only ones who get to decide whether youre together or not that its a risk you are going to take and that you really need her support ,1,1,T,F,0.8031405210494995
3389,a year ago the love of my life left me and never looked back our son was two months old at the time and it broke my heart i miss her so much and cant seem to get over  being so heartbroken,relationship dissolution ,i recognize that you say you are missing being with the love of your life at the same time i dont understand whether you are able to see your son im curious as to the relationship dynamic between you and your sons motherwhen you say that she never looked back i imagine you are conveying that getting back together is not something that she is interested ini would suggest that you talk with a therapist and your local area so that you have the ability to discuss the loss of this person who you love so much most people think of grief related to the loss of someone who has died but it also applies to people who have a significant loss whether that is a relationship a job or any number of other thingsin the meantime try finding something about yourself that you value and can focus on,1,1,T,F,0.9040830731391907
2110,hes been losing feelings and he doesnt know why i love him very very much he sometimes thinks im obsessed when im not at all i give him his space and i make sure hes okay but sometimes i think if me and him saw each other more it would be better i truly want me and him to get better its kind of hard not to stress about it because the love of my life is losing feelings which is a sad feeling hes a great guy i just dont know why hes been losing feelings towards me hes starting to put less effort in talking to me at this point ill do anything to just make us better as a couple i tried talking to him but he doesnt like talking about it much advice on what to do,relationships,im willing to bet that this isnt what you are hoping to hear but id suggest giving him space ooph thats a tough one right i know but heres the thing when you keep trying to process and talk it out with him you keep pushing him away he needs to feel like a solid and whole person as you do too to be able to be fully in your relationship its the work of being in relationship to learn this i get that this is tough stuff i wonder outside of being with him how do you soothe and calm yourself thats the stuff for you to tune into and focus on right now,1,1,T,F,0.8938977122306824
413,i was anxious to go to middle school i was afraid of what people might say about me so when school started i wasnt acting like myself i was quiet which im usually not i didnt talk to anybody and didnt have any friends then a few years later my grandma died i really became depressed and stop going to school for a little i hated myself and still do i just need help i need someone to care for me i need someone to show that they care,depression,i agree you need more care and support no one deserves to feel alone or like they hate themselves were all wonderful imperfect complicated people and were at our best when were all helping each other im glad you wrote this question because a lot of people have this feeling sometimes i can tell that youre smart because you seem to sense that the two things you wrote about are connectedyou not being yourself and then how you felt when your grandma died when grandma died you needed and deserved extra love and support but the people around you didnt seem to give it to you maybe my hunch is that they wanted to but that they didnt know how much you needed it or what you needed exactly the older you get the more you will have to take charge of letting people know what you need maybe this is one of the suckier parts of being mature but thats how it works when you started middle school it sounds like you changed you got more quiet right that must have felt weird to not be acting like yourself it sounds like fear tricked you into thinking people wouldnt like you fear can be silly so then fear got you to not show yourself and when we dont show ourselves people cant see who we are they dont know us as well and then they dont know what we need and they cant care for us as well either fear of not being liked isolated you from the people who love you it does that to a lot of us so where youre at right now is because of what fear did to you and also because when grandma died you were already isolated so people couldnt see your pain and know that you needed support theres a simple solution but youd have to be brave enough to look fear in the face and say get off my back youre not helping me by telling me lies can you be brave enough to go back to your old louder self if you talk to the people closest to youtell them what you think and how you feel then theyll be able to give you the care that you want and deserve i wish you well as you try this,1,1,T,F,0.7755358815193176
1013,ive always thought that there wasnt much good out there for me now that things are actually going well it kind of scares me i spent most of my life feeling unwanted and figured i would be alone i recently met a great woman who seems to really like me and i dont know how to process this its bothering both of us,selfesteem,congrats on having a happiness problemgo slowly and tell your partner how you feel as you discover how being loved feelson a deep level youre releasing yourself from interaction patterns which treated you poorly and unkindlytime is needed of repeated occurrences of this newfound loving behavior toward yougradually you will trust more and more that your new living relationship life is your reality,1,1,T,F,0.9097601771354675
395,i keep feeling paralyzed and unsure during interviews previous jobs have fired me for lack of performance and five employers have rejected me after extensive personality tests and interviews im afraid of continuing because my depression is getting worse im already humiliated working for temp agencies and doubt my selfworth as a provider for my family,depression,it sounds like you are feeling pretty overwhelmed and stuck between wanting to improve your work situation and worrying that you wont be able to it is possible that the paralysis uncertainty and selfdoubt that you describe are contributing to your difficulty in getting  and maintaining a satisfying job as employers generally like to see that a potential employee is confident and can think on his or her feet with a competent therapist you may be able to get more understanding of the roots of these feelings and learn how to move forward in your search for a better work life in a way that leaves you feeling confident and capable,1,1,T,F,0.7489669919013977
355,i know i need to deal with my depression but i dont know how and i dont want to tell anyone    how can i deal with depression without telling anyone,depression,love yourself more and treat yourself kindly with empathy and compassionusually when people feel depressed they also feel lonely and isolated  since at this time you wouldnt want to tell anyone about the way you feel which includes the possibility that a few of the ones whom you tell would offer you emotional support give this to yourselfalso consider to make a goal of eventually telling someone whom you are reasonably sure would understand and empathize about your depressionthis will help alleviate the sense of shame unworthiness and pervasive guilt which often comes along with depressionsending you good luck,1,1,T,F,0.9582058191299438
2744,i found messages between my boyfriend and this girl on social media he was asking her for naked pictures and then hung out with her once but nothing happened  i didnt find out about the messages until last month and that was six months after it happened  i cant trust him anymore and im just wondering if i ever will he admitted that he wanted to have sex with her but he didnt he was only talking with her because he thought we were going to have a break up my heart is completely broken i feel like im in competition with every girl on the planet for my boyfriends affection im afraid that he doesnt like me anymore but without me hes homeless and without a car i love him so much its been tearing me apart i dont feel pretty anymore though i dont feel good enough for anyone or anything i thought i knew him as well as i knew myself then all of a sudden my world was flipped upside down im still trying to figure out which way is up,relationshipsselfesteem,im sorry for so much stress in your relationship lifein what ways does your boyfriend express his commitment and positive feelings about you to youfrom what you write you feel more aggravation stress loneliness and insecurity than satisfaction by being in this relationshipdoes he care that you dont trust himvery often people stay in relationships from fear of knowing who they really are  the feeling is of needing a partner in a way that is similar to how a fearful child needs staying nearby a parentmy suggestion is to think over how much your sense of need for a partner may be preventing you from actually seeing the amount of love and investment in your relationship your boyfriend actually hasthese realizations are sometimes painful and frightening to understand especially if you grew up in a family that largely ignored or didnt adequately nurture you as a childa therapist for your self may be a good investment of time and cost in giving yourself a safe and trustworthy space to think deeply about your best interest,1,1,T,F,0.8387975096702576
1989,im dating a guy i really love we have our problems but i could see myself with him long term but theres this other guy who ive had feelings for for awhile now he gives me butterflies when we talk and my heart beats fast when i see hes texted me which i never felt with my current boyfriend,relationships,there are different types of attraction  you said that youve never felt this sort of feeling of your heart beating faster with your current boyfriend depending on how long youve been together and if youre looking at different ways of making a life together and getting to know each other on a deeper level thats a different stage in a relationship and sometimes it feels different some people look at it as a difference between levels of passion and compassion but there are many different terms to try to talk about itperhaps with this guy that you really love you could talk about ways to keep things new and different in the relationship maybe you can leave notes for each other during the day or have a small surprise at random intervals maybe an invitation to a picnic for exampleas for the other guy who makes your heart beat faster what do you see in him you said you really love the other guy which is why im askingwhat do you look for in the person who you want to be with longterm whoever that is,1,1,T,F,0.7562872171401978
2836,"i am in high school and have been facing anxiety issues lately whenever i get close to being in a relationship some kind of anxiety takes over and keeps me from the relationship this anxiety causes me depression at times and even makes me want to vomit while a semirelationship should be joyous for me its an emotional nightmare i cant get to the bottom of ive had this before and had to leave the semirelationship to avoid throwing up every time i made contact with my crush what could be the reason behind this is it massive nerve problems is it a fear of a bad relationship

while im not quite ready to be in one anyway i want to get to the bottom of this for a brighter future in which i can be in one i dont take medications and have no desire to i have read forums and ive talked about the issue with my sister who has faced similar problems",depressionanxietyrelationships,hi helenai felt a bit sad when i read this this is a new term for me semirelationship what does it mean i know that todays culture for young people is more of a hookup culture than a dating one maybe that means that you develop connections to people but you keep yourself from hoping for a full relationship because no one is doing that anymore that makes me feel sad i hear a lot of young women im not sure youre female but thats my guess say that they struggle with hookups because they cant let themselves hope for a phone call after a hookup research tells us that after a hookup college age women tend to feel used and unworthy and men tend to feel guilty i think this scenario works better for men than women but many of both genders are left unsatisfied in the endthis is only one possible explanation for your anxietythat your gut knows that it wants to feel fully coupled with someone but you struggle with whether its okay to want or expect thatmaybe take a moment and listen to anxiety anxiety tends to try to convince us that somethings wrong with us or something bads going to happen anxiety sometimes prefers to stay vague its more difficult to refute it then but you can try to clarify its whisperings by asking yourself these questions what am i afraid of what is the worst thing that might happen here then what might happen and what would be the worst part of that keep going until you find the very worst thing that might happen might someone not want youmight you feel rejectedor feel not good enoughyou might get hurtthen when you find that core fear you can look at your life and i bet youd find a place where that idea or fear originated a big moment or many smaller ones when you actually did feel or get rejected or abandoned or hurt in the end its a feeling youre trying to avoid not life or relationship and anxiety is trying to help you avoid it by making you overcautious but this doesnt work for you good with the help of a qualified therapist you can learn to talk back to anxiety and move forward in life and love with calm confidence,1,1,T,F,0.6328241229057312
935,my son stole my debit card and lied about it its not the first time he has lied i dont know what to do anymore i dont know if i should punish him or make him do something ive tried talking to him and asking if anything was wrong i have grounded him but nothing works what should i do,parenting,a lot depends on the age of your child but given that it was a misused debit card i am going to guess hes a teen  assuming that there are a couple of important things to keep in mind  that he lied about the misuse indicates he knows he was in the wrong  thats a dreadful feeling  getting caught out and an impulsive lie may have popped out of his mouth before he thought it through after all a debit spend is pretty easy to track   once he lied he stuck with the lie    somewhere along the line even though he knew that you knew he wasnt telling the truth he stuck with his story  and as you said its not the first time he lied  now it looks like a habit has formedgoing forward when there is a dishonest act of any kind its essential that you set it up so your son can be truthful  simply put do not ask questions  if you know for certain that he has for example misused your debit card say so  asking did you invites him to get creative with denial asking why did you implies that with a good enough reason he might not be in hot water with you  instead say what is  i see this charge on my debit card and realize you used it without my permission  you can only do this if you know for sure it was him but it sounds like you do  if he meets with denial stay calm restate that you are aware this happened  then deliver consequences that match the transgression he has to return the item if its returnable or find a way to pay you back for the charge as well as any fees incurred in using it  make it harder to find your card because he isnt that great at curbing the impulse to use it yetand most importantly once the consequence is delivered you have to let it go  continuing to bring it up wont benefit him but it does have the potential to make him more sneaky  every time he asks respectfully to use it whether you allow him to or not be sure to praise him for asking nicely  catch him doing it right as often as possiblehang in there  this isnt super unusual behavior but it isnt acceptable so address it but dont let yourself get too wound up about it,1,1,T,F,0.6095566153526306
1841,i am a teenager and my brother is a few years older he has a girlfriend who is always with him he never hangs out with me anymore we were really close and it is making me really sad,familyconflict,hi zionsville its so sweet that you have a special relationship with your brother you will always have that you know hes doing whats natural at his agespreading his wings and looking for love you may be heading into that zone soon too but i get that its weird that hes there before you and you miss himtry to respect your brothers autonomy wish him well be friendly with his girlfriend and its also okay to say hey bro im still here when can we hang out,1,1,T,F,0.9146748185157776
1074,how do i decide if i should end my relationship with my boyfriend,relationshipdissolution,previous counselors have discussed very good points about your situation so i would like just to confirm what seems essential to me on this topic when you ask yourself this question it shows you are not happy or have doubts about the way things have evolved so far relationships require time and work for them to develop grow and flourish as healthy and fulfilling ones for both partners this is a key factor reciprocity without both of you sharing the same core values beliefs expectations and lifestyles without you having a good level of compatibility in your personalities and feeling understood protected cared by supported and loved by each other there is no way you could truly feel and experience a mutually healthy meaningful and fulfilling relationship for the long run what has attracted you to each other is good and meaningful enough to empower and support you for the long run many people focus too much on looks financial benefits or other external factors which are important but cannot build a healthy mature and fulfilling lifelong relationship this does not mean many couples do not willingly choose these types of relationship since truly believing those are their top priorities what they ignore is that with time life challenges issues and pain temptations and appealing alternatives around those external factors their relationships would not cope very well but would get gradually or suddenly undermined be honest with yourself reflect on what you truly need want and expect from a boyfriend and life partner ask yourself if this person has what it takes to meet those expectations and satisfy those needs and if you are also a very good match for him since there is no way the relationship works unless it does for both of you so while one person could feel blessed by having such a wonderful partner the other could feel frustrated or just not truly fulfilled passionate or happy with herhis partner longterm relationships require a lot and when i talk about sharing same core factors i mean truly feeling being a good match to each other at the physical mental emotional and spiritual levels and around all the other roles life  involves related to lifestyle as social life habits dreams preferences etcthen there is a lot to reflect on by yourself to carefully evaluate in yourself based on what you already know about you and this person then you would be able to tell yourself if you truly want to continue or not with this person if you feel you do then you have to talk to him and make sure he feels the same way in a scenario where you doubt if you should tell him about this or that as another counselor suggested out of fear of any form of abuse or retaliation those would be serious enough to show you this could never truly work if your fears are more about being misunderstood and judged then you still have to work on developing open and honest communication with him as long as what you expect is something truly healthy and worthy many people look for and stay in relationships because they prefer that to be alone by themselves thus they end using relationships to feel better about themselves and their lives to bring some feelings of happiness and company the problem is that if those are the initial core reasons to start or stay in a relationship this can never truly evolve into anything healthy and mutually fulfilling unless the person works on herselfhimself to meet those personal needs and resolve those personal issues which would enable her to work on self and with the other person in the relationship finally i want to mention what i shared in a past article on this subject namely you need to assess if your boyfriend has been really consistent in his words and actions otherwise lack of honesty accountability andor respect would never lead to anything worthy in any type of relationships also we are all human beings and that means we are no perfect and we need to work on ourselves to make improvements relationships are a means to keep growing as individuals supporting each other to become better versions of ourselves without manipulation neglect or abuse thus while on one hand healthy love means embracing the whole persona with strengths and weaknesses on the other hand it is fully incompatible with tolerating andor enabling what is distorted or dysfunctional against that person or against ourselves this is why both persons need to be willing and ready to work on making changes and improvements as necessary without this it would be hopeless and helpless to expect things would be just fine with time they would not they would just get worse so lets take one step at a time reflect on what you feel need and want now and for the future assess how well this person is able and willing to work on that and dialogue to make sure you are both fully aware understood and clear about your relationship and how well it could make your lives better if professional support is needed and both are willing to take it please do not delay it if one refuses necessary support then face reality and come to terms with what it is showing you trust more actions than words set and keep healthy boundaries and take into account what life experiences show you as well as feedback and counsel from those mature and truly caring people who know you while pushing away what is superficial biased or too rushedthank you for sharing,1,1,T,F,0.5045556426048279
1047,something happened this summer that i cannot forgive myself for when i think about what happened i feel ashamed and guilty even though my loved ones forgave me,selfesteem,hello and thank you for your question guilt is one of those things that nearly everyone has experienced at one time or another and it can feel like a huge weight around your neck unfortunately it is unlikely that we can give you some words of wisdom that will make it all go away however i will give you some ideas and hopefully this will helpone of the things that we know about guilt is that it doesnt usually do much to help us in the longrun people may make changes for a shortterm period of time because they feel guilty about something they did but usually they will go back to their old behaviors if they dont have something else to help them change permanently such as a new skill so guilt doesnt necessarily help us in fact as i write this someone out there is eating an entire key lime pie because they feel guilty about falling off their diet someone may be drinking alcohol because they feel guilty about drinking alcohol for whatever reason this is just a common thing that we do now accountability is different than guilt accountability can actually be constructive  when you hold yourself accountable you can admit that you have done something wrong that it hurt others and you deeply regret it that you are prepared to take steps to make sure it doesnt happen again that you have done what you can to make amends if necessary that you are sorry and then you move on why is moving on necessary well for one thing it doesnt usually help the people who you hurt in fact someones guilty behavior may serve to remind the people who were hurt over and over again about what happened guilt is usually  about us and not about those we hurt also guilt can lead us to behave in ways that may even hurt people more having said all of that guilt is a normal human emotion sometimes we experience it for a while and it goes away sometimes we need help to work through it there are many selfhelp books about forgiving yourself you can try amazon to find some or consider getting help from a counselor be wellrobin landwehr dbh lpc ncc,1,1,T,F,0.8390514850616455
91,my mother is combative with me when i say i dont want to talk with her about my depression    she hasnt been supportive of me in the past and she isnt someone that i feel comfortable opening up to she constantly tries to instigate conversations where she asks me questions that i dont want to or cant answer i tell her i dont want to talk and she starts arguments with me    how can i get her to understand,depression,do you live with your mom and have constant interaction with her  it is your choice who you share things with  you can set some clear boundaries  she can either talk about the interest you feel comfortable or you can reduce eliminate conversations with her  these arguments are most likely not good for your depression  here is a video regarding boundaries  boundaries,1,1,T,F,0.7371679544448853
2211,sometimes when i look at my pet cat i think about how innocent he is and how somebody could hurt or kill him it makes me sad because i love him but i always think about how helpless he is thereve even been splitseconds where i felt almost tempted to kick him followed by shame and guilt,behavioralchange,a lot of different things could be happening here do you feel angry or sad or anxious when you think about how helpless he is if you have not actually kicked him then i would encourage you to look at feelings other than guilt since you did not hurt him what else is thereit would probably be very helpful to talk with a therapist about the specifics of this so that you can see what else is happening for you it could be that you feel safe with your cat so strong emotions come up because you feel safe,1,1,T,F,0.96690434217453
967,we live with my expartners sister and her husband we have been there for five years now they are hispanic and talk to my daughter in their language sometimes they overstep their balance between aunt and uncle and reach into my role as a parent they neglect to see this i do and it reflects in my childs behavior she sees them as stable but is upset that her dad isnt here and my intuition tells me she blames me to a degree because she doesnt know about his alcohol addictions,parenting,hi new york im happy to hear that your daughter doesnt know about her dads addictions although you dont say how old she is and i imagine that at some point in her life she will be ready to know the truth i trust your instinct that now is not the time your ability to have clear boundaries about what is adult conversation and what is suitable for a child to know are really important here and i can tell youre being appropriately protective and a thoughtful parent as much as this helps your daughter i sense that you also know you cant take away the emotional pain that comes from having an absent parent children tend to blame themselves for a parents absence these children need extra love and support wherever they can get ityou say that you feel like there is a wedge between you and your daughter i understand that having your ex partners relatives in the same home would make it uncomfortable at times it is very important to establish boundaries only you should parent your daughter but its also natural for people to want to assist you lets trust that their intentions are good if there is no evidence to the contrary as much as they support you they also  have emotional ties to your daughters father while there is potential for discomfort in this complex situation there are also many positive factors here that i invite you to seei dont know what your culture is but for your daughter to have the opportunity to preserve her fathers heritage language and a relationship with his family are potentially wonderful additions to her life in general the more adults around loving and supporting a child the better it could be that you are feeling threatened by small moments where there appears to be a special connection between your daughter and her fathers family nothing anyone else does can take your daughters love from you my hope for you is that you can feel so secure in your own position as loving mother that you will not feel intimidated by other positive connections your daughter has they are potentially wonderful connections and she deserves your support in maintaining those relationships if they dont harm heri suggest that the most important alliances to work on here are between you and your exs family if you could all give your daughter the gift of a healthy united supportive and loving safety net for herthats the best outcome of all,1,1,T,F,0.8050717115402222
1331,at a friends house we had some drinks and watched some television he got up and went to bed i felt sick he came out to see if i was okay and i said no i said i wanted to go home and he told me to come lay down as i laid down on the bed he started touching me a friend called me then i able to leave,trauma,i am so sorry that this happened to you and am so glad that you were able to get away  your body is yours and yours alone  i would highly recommend that you find a therapist who specializes in treating trauma in order to help you to heal from your ordeal,1,1,T,F,0.8963570594787598
3630,weve been in a long distance relationship for two and a half years i recently saw his phone and saw the people he texts the most and one of them was a  female coworker i dont know how to approach this situation how do i ask him about it,relationships,if youd like to ask a question then go ahead and askboyfriendgirlfriend is a close relationship and it is usually understood as an exclusive relationship  youre definitely entitled to know if your wishes to not have him texting another woman are being respectedoften people are afraid to ask because they fear the truth will hurt themin the short term this is definitely truein the long term knowing you are getting what you want and at the very least stating your expectations to your boyfriend will clarify for him what is meaningful in your relationship,1,1,T,T,0.7315515279769897
1388,everything just makes me upset,angermanagement,anger often comes with a lot of other emotions consider what else you may be feeling at the same time and keep track of your different mood changes you may be able to notice patterns such as being more frustrated when you dont sleep well if you do feel as though you are mad all the time can you think of any exceptions so you can see what is different in those times,1,1,T,F,0.6307421922683716
2599,what are the basic skills a good counselor needs to have,counselingfundamentals,some basic skills are empathy you should feel heard and understood the therapist should keep the focus on you since counseling is about you and the issues your facing that being said if you feel like they are sharing too much its going okay to say this they should also be able to identify some coping skills to help you manage the symptoms your experiencing,1,1,T,F,0.97283536195755
1560,hes lied about his pastpresent situations since time has passed he has changed but i still have my doubts i have no idea if i should stay or go but i hate this feeling i dont trust him all too much but yet he hasnt done anything for me not to trust him recently,intimacy,your doubts about your dating partner need to be addressed and solved so you can fully believe him againotherwise how would you actually know whether hes lying to you now or notstart the conversation with him about wanting to trust him and asking for whatever details you feel will give you confidence he is telling you the truthif he really wants to clear your doubts then he will be willing to invest in answering your extra questions or wanting to look through his phone or whatever areas you felt were violated by him in the past,1,1,T,T,0.6758895516395569
1623,how can i know if im just being paranoid,intimacy,hi texasoh thats a powerful idea isnt it it burrows into your head lets figure this out first has your partner given you any concrete reason not to trust them have they cheated before if not then they deserve the benefit of the doubt until there is evidence if its a yes then its natural that these fears would be triggered and you can simply let your partner know what triggers the fear and what you need when you refuse to let me see your phone i worry that youre hiding something i need openness if they havent cheated on you in the past there are three possible scenarios here i invite you to take a moment and write down what the evidence is that cheating is going on what is the specific thing thats triggering your fears when you have your data recorded read onthe first scenario is that you have been personally hurt in the past by someone else and youve developed fears that you will be hurt again or that youre not enough to keep someone interested this is just fearpeople cheat for their own reasons not because were not interesting this may be true if what you wrote down is they didnt really do anything wrongthere is no evidence im just scared and suspicious thats a cue to do some self reflection and calm yourself with thoughts like nothing has really happened i can trustif what you wrote down was vague evidence like for example your partner has been distant or irritable or youre having less sex than usual you can try to approach the situation without making assumptions trust your gut but your gut isnt seeing evidence of cheatingits evidence of something ask your partner whats up with accusations or assumptionsthe third possibility is that there is some clear evidence that they are cheating maybe there are texts on a phone or someone has told you something they saw id say when there is some evidence its okay to present this to your partner and ask whats going on if this happens repeatedly and your gut is screaming and there are only excuses or explanations that dont make sense then its okay to do a bit of research and be extra aware of whats going on around you i hope that helps,1,1,T,F,0.6536074876785278
2238,i think i have depression anxiety bipolar disorder and i have anger issues i told my mom over and over again she told me she would get me a therapist but she never did i just found out that my mom cant afford a therapist for me,legalregulatory,it can be difficult to get counseling if you dont feel supported by family members  there might be a few options  if you are in school id recommend talking to a school counselor or school nurse  they often will be able to help you access free or affordable counseling resources in your community  in addition depending on where you live its also often possible to call  for referrals to free or low cost counseling services in your areaid encourage you not to give up you are on the right track,1,1,T,F,0.628728449344635
2713,im in a relationship with my fiancé and i currently found out that shes been cheating on me with a coworker i was very upset none the less i understand what she did was wrong but i want to spend the rest of my life with her so im willing to forgive and move on we have been together for a little over  years and we have a son at the beginning of our relationship i was unfaithful and she caught me cheating she forgave me for what ive done to her and since then i been completely faithful im worried about our relationship and want to move forward  but its been very unsettling all i can think about is her with another man i dont know what to do or where to go for advice,relationships,my first question for you would be to see if youve talked with her about it yet you mentioned you found outand i know this can be so painful it can also be frightening to bring up the experience when it hurts a lot when you feel so unsettled as you mention but you can look at this as a vital and important piece of information about whats happening in your relationship and an invitation to get really honest and genuine with each other you have a long history being together  years and a son so you are very bonded no matter what changes happen in your relationship it may be incredibly helpful to find a counselor you can both go talk with having a third party who is neutral and cares about your process and hers can be such a relief when you need to discuss things you feel scared about even just a few sessions can make a huge difference if this doesnt feel possible for you right nowask your fiancee for time to set aside for a meaningful hearttoheart talk say youd like to set it up on the calendar and make sure you have a babysitter for your son set aside at least  hours let her know that youd like to hear her honest truth about whats going on and share with her your truth as well its not a time for criticizing or condemning and i dont sense that is your intention at allyou have a great deal of love for her speaking honestly and listening openly is an amazing gift both for yourself and for your partner you can do it,1,1,T,F,0.8491042256355286
1694,im a female in my mid s lately i tend to over drink and ive become a very angry drunk    in the past i have even cheated on my boyfriend while i was under the influence of alcohol    but now even if i dont do anything wrong and dont embarrass myself i still feel really guilty after a night of drinking i dont understand why im feeling this way does this mean i have a problem,substanceabuse,maybe this will help you understand  first it depends on many chemical factors  when you drink alcohol overindulge so to speak  you are flooding the pre frontal cortex of your brain  this controls communication and cognitive behavior  there were studies on this and many times if you notice those intoxicated get loud respond to loudness  also certain types of alcohol can have sides effects  instead of brown liquor try white liquor  experiment safely to find if you maybe having side effects causing overindulgence which we dont want to lead to alcoholism   set an intention before experimenting that you will not feel angry or guilty seek talk therapy which will help decrease the cravings or desire to,1,1,T,F,0.6311793327331543
691,im just an extremely paranoid person i constantly feel as though i am in some sort of danger like as though i live in a horror movie with no resolution it worsens at night it gets to the point im scared in my own home more so than anything i have no access to the help i need so im desperate,anxiety,that really sucks and im sorry thats happening to youim curious what kind of paranoia you are experiencinglike someone will hurt you  that something bad in general will happen  sometimes intrusive thoughts like paranoid thoughts are just thoughts  they dont mean you are actually in danger or that something bad will happen so pay attention to the meaning you apply to those thoughts  if youve been through something traumatic such as rape domestic violence or any situation like that it could provoke paranoia bigtime  your brain feels as if it has to be hypervigilant meaning it has to be extra attuned to everything around you to keep you safe  thats exhausting  if its worse at night that probably means you arent getting much sleepalso exhausting and contributes to heightened paranoia so it becomes a pretty vicious cycleits not shocking that its worse at night because night is generally a scarier time and sleeping is physically when we are in our most vulnerable state  it can help to take a look at how much of that paranoia is actually helping you to protect yourself vs how much is additional stress  a way to figure that out is to ask the question what behaviors are necessary to keep you safe  so if you lock your doors lock the windows shut the curtains have an escape plan if neededim not sure what your situation is is that the most you can do  beyond that are you performing other behaviors that may not be keeping you safe but exist to cope with the paranoia  for example if you are checking over and over to make sure the doors and windows are locked those behaviors are more like compulsionsrituals that help you feel safe by reducing anxiety even though they use a ton of energy to perform  response prevention can be helpful herethis method involves avoiding your usual response so that you can sit with the anxiety rather than escaping it through the behaviors  lets say your anxiety rises and you feel the need to check the door lock  you check the lock its for sure locked and your anxiety is reduced  at the same time the behavior of checking the lock is reinforced by feeling better so your brain decides if you want to feel better you need to check the lock  it becomes an exhausting habit that only temporarily makes you feel safe  however if you feel a bout of anxiety and sit through it without checking the lock your anxiety will go back down and your brain learns that you dont need to perform that behavior over and over  im so sad to hear you dont have access to help  there may be some counselors right now offering reducedrate or probono free sessions via telehealth due to covid so if you search around on google for your specific state you may find someone that can help you from your home  counselors usually reserve space on their schedules for people that cannot afford therapy or need a lesser rateyou are always welcome to come back to this forum and ask additional questions,1,1,T,F,0.791515588760376
2073,i have been seeing this guy for a little over a year back in august he asked for us to step back for now since then he has still been in contact with me every day we spent some time together over the holidays but then i was gone for new years with family i came to find out that he put himself on a dating site when i found out i asked him about it and he responded with this my apologies if i got my signals crossed or if i wasnt honest with you you have helped me tons this past year and i am glad you are in my life i didnt realize you were still interested in dating again my apologies also is it better to say that i want him in my life or that i want him as part of my life,relationships,it sounds like there is a bit of confusion regarding how you two feel about each other do you know what type of relationship you want with him a friendship only casual dating or an exclusive relationship i would encourage you to first figure that out and then communicate to him how you are feeling ask him to be honest with you about how he feels and what he wants from your relationship as well be mentally prepared for a variety of responses from him so that there are no major surprises by clearing the air and learning what your own and each others desires are you can then move forward with a plan without that clarification there will likely be false assumptions unanswered questions and confusion,1,1,T,F,0.6257166862487793
3531,"on the first day of school i wore a bra that was too big so that it would look like i had bigger boobs  i did that the whole school year and my parents never found out but now i can never hang out with my friends at my house or invite them over because it would be around my parents and my friends would see there is nothing there on my chest 

how do i fix this",selfesteemsocial relationships,i get how you feel you wish your body looked different and youre embarrassed that you tried to make it look different and people may notice you dont say how old you are its likely that if you are young your body will change as you mature but in general were given the bodies were given and im glad to see that there may be a desire in you to accept your body the way it is you seem to want to stop disguising it bodies come in all shapes and sizes and every woman knows how it feels to struggle with accepting what hers looks like many men go through this as well although women are more often targeted with cultural messages about how were supposed to look young people often believe that others are noticing and judging them in fact other people are far more preoccupied with who might be judging them than whatevers going on with you i suggest you wear whatever bra you want to wear and if someone is rude enough to comment on it you can ignore them and talk about the weather or the latest pop song that you love and theyll get the hint but my bet is they wont even notice ,1,1,T,F,0.735742449760437
1525,with college over my boyfriend and i have such different work schedules since i cant see him often i want to talk more on the phone he plays video games while talking to players so often i feel ignored i find myself always telling him what to do in relation to me things he should know,intimacy,directly tell him what you write hereeither he is losing interest in you or he is simply caught up in short fun w his friends and video gamesa conversation on this subject will give you more clarity on your question,1,1,T,F,0.7197755575180054
2299,because we are on opposite coasts we try to talk early mornings but she is constantly interrupted by visitors i suggested setting aside some time but she has made it very clear she has no intention of changing her lifestyle she is also drinking beer every day on antipsychotics,socialrelationships,the answer depends on how satisfied and happy you feel in being part of this friendshipfrom what you write there arent any statements as to what gives you happiness about being a friend to this personsince you already made a request of your friend and she isnt following through you could ask if she is willing to work with your suggested planthe friendship may take a new format depending on your friends responseits possible to be in contact more spontaneously when either of you feel like contacting the otherwhat matters most is your own dissatisfaction with the current relationship statuseven if you change to a birthday and holiday only conversation or some other style of interacting at least it will be the result of the effort from each person not just one who is you designing arrangements which only you are willing to keep,1,1,T,F,0.6802314519882202
2307,i would like to be able to have more positive relationships in the present,socialrelationships,"staying present is an attitude most of us aspire
to and most of us have to work at itcertainly at first im here to tell you
that living in the now or being mindful is a skill anyone can learn unfortunately
the only way to do it is to do it what a paradox but there are plenty of
other skills that we are not born with walking on stilts riding a bike
swimming and driving a car are good examples you cant learn them by reading about
themhaving said that i can recommend two books on
the subject eckhart tolles the power of
now and david richos when the past
is present richo asks that we dont beat ourselves up about dwelling on
past events this is natures way of reminding us that we have unfinished
business but while we are attended to the wounds and confusion that litter our earlier lives we can prepare to inhabit the expanded present that awaits ushe offers three helpful steps to making any important life
changestep one hold in awareness the behavior
belief attitude or characteristic you want to change in yourself and how you
want to be different awareness is the opposite of distraction and stuffingstep two live as if you have
already made the change this is hard and takes courage but you can do it
ride that bikeeven if for a foot or twostep three be persistent
practice practice practicejust as twoyearolds are able to walk
confidently after hundreds of hours of practice youll be able to stay in the
here and now as long as you want after trying and failing many many times",1,1,T,F,0.6607905030250549
1848,im applying to private high schools im playing basketball on my school team currently and i love it i also play on a team that ive hated since the beginning and i finally want to quit before the season gets started however my parents say i can play on either both teams or neither i think its unfair because its up to me if i want to play for a certain team i was planning on playing basketball for the high school i get into but if that means continuing to play for the team i hate then i wouldnt want to play in high school now i dont know what to do my parents are threatening to send me off to a different home if i dont play i just want to run away,familyconflict,the situation in your family seems to place unnecessary pressure on youare you and your parents able to talk together about their reason for their standardare your parents willing to listen to your reasons to not play on the team you hateif yes then maybe some type of compromise is possible for all of you to negotiateif none of the above is possible then you may want to get specific and direct advice from a professional such as the school guidance counselor or psychologist whom youd trust and feel safe in talkingi hope you and your parents will find an answer that all of you are happy to accept,1,1,T,T,0.5398557782173157
768,when i go to school i feel like everyone is judging me even my friends i get overwhelmed which these thoughts and sometimes cannot get out of what i call a deep hole of thoughts i barely go to any of our school dances because of all of the people not even when i am completely alone do these thoughts go away i still feel like people can see me and are judging me,anxiety,it sounds like a couple of things are going on here you are noticing yourself feeling judged by the people around you and that you are avoiding social activities and in addition to this you have intrusive thoughts that you are being judged even when alone it sounds like these thoughts are pretty distressing and you are wondering what is happening to you many people who come to therapy experience intrusive and distressing thoughts of various kinds which often influence their behavior in ways that they may not like such as leading them to isolate in therapy you may be able to gain insight into the nature of your distress as well as learn ways to cope and eventually alleviate this distress so that you can have satisfaction and security in your life and relationships,1,1,T,F,0.670983076095581
662,its especially bad at night time i am scared of sleeping alone,anxiety,night is hard for a lot of people so you are definitely not alone here  has anything scary ever happened to you at night  answering that question may give you the why of where thats coming from  if you havent had a bad experience at night it may just be the time when you have nothing to do which allows more intense thoughts and feelings to surface  heres a couple things to tryone thing you could do is sit down a couple hours before you go to bed and journal if you can  try to reduce any distractions and just go for it  the purpose of this is to slow down well before you go to bed expressing some of the anxiety from the day  also take note of the things you can tackle that day vs what can wait until later  this gives your brain a chance to sort through some of the planning type of anxiety that commonly comes up when you are trying to sleepanother thing you can do is make a list of the things you have control over  anxiety is really good at putting everything you feel out of control of on a giant metaphorical projection screen  try projecting some of the things you have control over instead  for exampleyou have total control over breathing patterns what you choose to wear the next day what you pay attention to if you go for a walk etc  you also have control over how you personalize that list to what matters to you  mindfulness is a great way to focus on how you control your breath and also how letting go of breathing doesnt stop your body from doing what its always doing to keep you alive  any google search will bring up lots of information on thissomething to remember is that experiencing anxiety is ok  it doesnt mean something is necessarily wrong  anxiety is sometimes just a feeling that comes up without much of a cause  if you cant identify that cause its probably because of a little misinterpretation in the brain  mindfulness can definitely help with that,1,1,T,F,0.810234785079956
2650,"my dad refuses to acknowledge my anxieties about going to parties dinners etc whenever i have an opinion it gets shut down my mom and everyone else behaves likewise for my father who heads a company this is normal he has to be right all the time he blatantly refuses to even try to see it from my angle 

recently however its been getting to the point where i feel pressured and unable to speak my mind it isnt possible for me to get professional oneonone help he tells me to grow a pair and get over it i recently have been developing more severe body image and selfconfidence issues which i have had all my life i feel invalidated by my dad  i have been more paranoid lately as well i cant turn on location services anymore on my phone because of a past incident he makes me feel guilty about it  i feel rather worthless more often than not unfortunately  what do i do",family conflictselfesteemparentinganxiety,im sorry to hear that you are unable to get through to your parents it sounds like you are experiencing a great deal of anxiety that needs to be addressed by a professional despite the fact that you are unable to at the moment i would recommend talking with another adult such as a  school counselor that can offer you support in this area perhaps they can work with you on your anxiety issues and schedule a meeting with your parents so that heshe may help mediate the conversation with themif you are unable to reach out to a school counselor maybe you can try a member of the family such as an aunt or an uncle that feels comfortable addressing the issue with your parents sometimes it helps hearing it from a third party before the situations is taken seriously enoughgood luck,1,1,T,F,0.7951959371566772
982,what makes my step child an  year old boy choke my daughter a  year old girl this has been going on for  years the boy tells my daughter not to tell on him he knows its wrong we have did time out spanking taking away toys and sitting on the wall i am afraid for my daughters safety,parenting,i can see why you are alarmed that is a scary situation for a parent do you know if the child has been evaluated by a mental health professional early treatment is often the key a professional will be able to help the child learn how to control their anger and mend the troublesome actions into more appropriate responses have you addressed your concerns with the childs other parent there could be contributing factors in his life that could be causing these issues exposure to violence sexualphysical abuse drug use stressful events in his life etc it is important that these factors are identified so that they can either be eliminated andor reduced i wouldnt hesitate to have him evaluated if he hasnt been already and to ensure that he is getting the help that he needs whether it be medication andor therapy until then i would make sure that he is always supervised under an adults care,1,1,T,T,0.5901259183883667
420,they dont go away and i feel like im going crazy does that ever stop can it be a symptom of medication,depression,since you realize that hearing voices in your head is not usual for you then definitely there is a problematic situation happening within your awareness of who you areif you recently started taking a new drug or increased dosage of one you already were taking and the voices started shortly after then yes it is possible medication created your problemstart by telling whoever gave you the presecription about the problem youre havingcrazy has some flexibility as to whether someone is this way or notcertainly a very positive sign that youre not crazy is that youre selfaware of a problem within yourself and youre responsible toward yourself and making effort to address this problemcrazy people usually dont do responsible behaviors,1,1,T,T,0.8784664869308472
1640,i just got married with my husband i have four kids of my own and he accepts me with my kids i am thankful he loves my kids even though theyre not his now we are having problems in our relationship because of my past i know all marriages have problems but sometimes i feel its not going to work out if theres no trust its hard for me to let go because i love him but i am getting tired,intimacy,hi louisianayou say that the problems are with your past but my hunch is the problems are about his insecurity and his personal barriers to trust unless youve recently revealed details of a sordid past you dont mention ever having hurt the trust in the relationshiptrust is the first stage in a relationship moving forward before they develop trust is a common mistake couples make and now you two have involved children in a relationship thats missing a crucial element but you didnt see this coming did you thats because only as we become emotionally intimate do our deeper fears and insecurities come to the surface i give you credit for wanting it to work and i believe you would benefit from the support of a therapist in working through the kinks related to trust good luck,1,1,T,F,0.7209116816520691
342,i have been dealing with depression and anxiety for a number of years i have been on medication but lately my depression has felt worse can counseling help,depression,thank you for asking this important question i find that there are three steps to getting ready for treatment step one is expressing interest in wanting to receiving treatment for the outcome of positive behavioral change congratulations you did the first step you are showing your readiness to start counseling by asking this question now the second step is to find a counselor who specializes in treating clients with anxiety and depression the therapeutic orientations i have found to be helpful in treating clients with  anxiety and depression are a combination of cognitive behavioral therapy with mindfulness and solution focused brief therapy receiving meditation for your symptoms if part of the treatment and the other part is receiving counseling to increase your resilience for future events research has found that medication and psychotherapy treatments together shows the most effective outcome for depression  the third step is to increase your positive selftalk to motivate yourself to attend treatment as counselors we are aware of the anxieties and fears that are associated with talking to a new professional for the first time however remind yourself that you are doing this to improve your well being i hope this was helpful and good luck with your treatment journey,1,1,T,F,0.6390775442123413
436,"i am in high school and have been facing anxiety issues lately whenever i get close to being in a relationship some kind of anxiety takes over and keeps me from the relationship this anxiety causes me depression at times and even makes me want to vomit while a semirelationship should be joyous for me its an emotional nightmare i cant get to the bottom of ive had this before and had to leave the semirelationship to avoid throwing up every time i made contact with my crush what could be the reason behind this is it massive nerve problems is it a fear of a bad relationship
   while im not quite ready to be in one anyway i want to get to the bottom of this for a brighter future in which i can be in one i dont take medications and have no desire to i have read forums and ive talked about the issue with my sister who has faced similar problems",depression,hi helenai felt a bit sad when i read this this is a new term for me semirelationship what does it mean i know that todays culture for young people is more of a hookup culture than a dating one maybe that means that you develop connections to people but you keep yourself from hoping for a full relationship because no one is doing that anymore that makes me feel sad i hear a lot of young women im not sure youre female but thats my guess say that they struggle with hookups because they cant let themselves hope for a phone call after a hookup research tells us that after a hookup college age women tend to feel used and unworthy and men tend to feel guilty i think this scenario works better for men than women but many of both genders are left unsatisfied in the endthis is only one possible explanation for your anxietythat your gut knows that it wants to feel fully coupled with someone but you struggle with whether its okay to want or expect thatmaybe take a moment and listen to anxiety anxiety tends to try to convince us that somethings wrong with us or something bads going to happen anxiety sometimes prefers to stay vague its more difficult to refute it then but you can try to clarify its whisperings by asking yourself these questions what am i afraid of what is the worst thing that might happen here then what might happen and what would be the worst part of that keep going until you find the very worst thing that might happen might someone not want youmight you feel rejectedor feel not good enoughyou might get hurtthen when you find that core fear you can look at your life and i bet youd find a place where that idea or fear originated a big moment or many smaller ones when you actually did feel or get rejected or abandoned or hurt in the end its a feeling youre trying to avoid not life or relationship and anxiety is trying to help you avoid it by making you overcautious but this doesnt work for you good with the help of a qualified therapist you can learn to talk back to anxiety and move forward in life and love with calm confidence,1,1,T,F,0.6328241229057312
1593,my girlfriend remains friends with ex boyfriendslovers on facebook who actively like and comment on posts it causes me to get jealous because im afraid they might reconnect somehow ive attempted to talk to her about it but she avoids it and doesnt seem to worry about how i feel about it,intimacy,talking about it would probably be helpful if youre both in a place where you can decide when is best to talk about something that is important it may also be helpful to ask if you could talk for two or three minutes to make a point and then have space for her to talk for the same amount of time you can adjust the timing for what works for both of you after one of you is talking perhaps you could restate what you have heard the person say this can lessen confusioni know you say that she avoids it it might be a good place to start talking about it  to see what makes her avoid it it could be that she thinks any discussion about them is going to lead to an argument or you saying that she cant talk to them i dont know how you typically react when you are jealous but if you can discuss talking about this in a way that you are both open to hearing what the other person is experiencing that may be helpful as well,1,1,T,F,0.6789360046386719
254,i have bipolar disorder paranoid personality disorder posttraumatic stress disorder anxiety and obsessivecompulsive disorder i last selfharmed a week ago when i am stressed overwhelmed hurt or angry the urge to selfharm is all i can think of i am trying to seek help,depression,glad you are reaching out herethere are two types of selfharm suicidal and nonsuicidal  a lot of people i see and have seen engage in selfharm just to manage emotional dysregulation but not to end their lives  selfinjury actually does a great job at helping us to manage really intense emotional stateseven from a chemical level in the body  when you selfharm its triggers your bodys endorphin production which is a chemical that makes us feel good  im not saying you should do it but i understand why you would choose that option because it is pretty powerfulto answer your question ive never heard of anyone being admitted into inpatient for trying to stop nonsuicidal selfinjuring  even some people ive worked with that are suicidal and selfharming have remained outpatient given we have an extensive safety plan including how to reach out for help and coping skill development  unless you are at high risk of suicide you would most likely be outpatient  i also work from a harm reduction model meaning that if you have to selfharm it might as well be as safe as possible  when people are trying to stop sometimes the pressure gets in the way and they relapse very normal and actually expected  so we prepare for that by discussing measures to take to make sure the method you use is very safe  things here include making sure anything piercing the skin is properly disinfected areas on the body to avoid cutting and selfharm alternatives that still cause pain but are much safer  for example some people hold ice in the palm of their hands or snap rubber bands on their wrists  there are many websites that have safer alternatives as well if you just do a quick google search  have patience with yourself here too  youve found a way to manage a whole lot of emotionsand its worked for youyou did that by yourself  you also want better for yourself and have made the first steps for change and thats really spectacular  itll be similar to quitting any habit so stick in there  and if you find a counselor that fits for you even better  i wish you so much luck,1,1,T,F,0.6620850563049316
372,im depressed i have been for years i hide it from everyone because im scared of the reactions ill get last time i tried telling my parents it was a huge argument about me being too young to be depressed im a legal adult calling me ungrateful and telling me that if i cant handle things now its only going to get worse in the future which is turning out to be true its exhausting pretending to be okay and i dont know how much longer i can try im just really tired and sadly i cant afford the help i need on my own,depression,hi georgia theres a really good lesson here people tell us things and we tend to think thats the truthbut its not ill do some translating for youyoure so ungrateful means i need you to be successful and happy in order for me to feel im a good parentyoure too young to be depressed means i dont want to deal with your mental health issues right now ill pretend its not happening so i dont have to face my fear and shameits only going to get worse just means i dont know how to support you beyond scaring you into wanting to at least fake happiness for my sakeyour parents are being unsupportive not because youre not suffering but because this is all theyre capable of right now they are not where you will find the support you need so keep looking for it in other places its out there if might be an aunt or a friend or a friends aunt it might be a therapist or a bus driver or your family doctor keep looking for someone who will hear you i hope you dont ever give up ,1,1,T,F,0.7123907804489136
1473,i crossdress and like to be feminine but i am attracted to women but yet that seems to bother girls i date or ask out    how can i approach them about it should i hold back and keep it a secret or should i just be upfront about it i wonder if i should stop or if i should continue to do it since it makes me happy what should i do,intimacy,keep doing the crossdressing since you like ityour problem sounds more a matter of timing and reason to tell the girl about itnot keeping a secret is a good attitude regarding meaningful parts of your life  usually our relationship partner is someone whom we trust as a safe person to know all about usonce you feel at ease with your potential partner then bring up your crossdressing  based on their handling of this intimate part of your life you will know more as to whether or not you feel more or less drawn to themsecrets held within a relationship usually get worse with time   the person who feels unsafe in truly being and stating themselves eventually will end up feeling ashamed of parts of them which prior to the relationship felt good or at least not worrisome,1,1,T,T,0.8237908482551575
308,i have terrible anxiety and depression ive tried various therapists and pills but nothings helped,depression,is it possible you simply didnt mix well with the particular therapists with whom youve worked   if this is possible interview a therapist before  starting therapy   then you will be choosing a therapist who feels compatible with your way of seeing yourself and your lifealso therapy isnt for everyoneread about the different healing modalities and see if one of these speaks to your interest in feeling betterwhat matters most is finding among all the legitimate healing methods what you believe will be effective,1,1,T,T,0.6894823908805847
1562,the eight months ive been dating my boyfriend i have lied about a lot of things i slept with a couple guys to get back at my boyfriend for breaking up with me now anything i say to him he wont believe even if im being honest i dont know what else to do at this point he constantly criticizes me,intimacy,start a conversation with him about your sincere interest to earn back his trustask him what he expects from you so that he will trust you againif you are consciously willing and do try to earn back his trust and have periodic conversations with him on whether he feels more at ease with trusting you then after a few months of this both of you should feel more secure in the relationship,1,1,T,T,0.6350061893463135
2040,when i ask him who he is talking to he tells me no one but it sounds like he is holding a conversation with someone i have even accused him of having a secret cell phone i ask so much i feel like i am losing it is he trying to make me question my sanity or is he talking to himself,relationships,a rare topic  likely extremely troublesome for you i would need to have more background information on the two of you before beginning to offer any insight feel free to email mei would also like to add that aside from the reality of whether or not these conversations are actually occurring as your partner he should be just as concerned about something that is disturbing you to this level  partners need each others trust and support no matter who is right or wrong,1,1,T,F,0.5852707028388977
1042,my roommate has had a drinking problem for a while she goes out gets trashed and then expects everyone to take care of her the next morning she apologizes constantly until she feels validated she also thinks everyone hates her all the time if i dont seem anything other than happy she asks me do you hate me you hate me tell me you love me and i feel like i have to pity her because she has also been suicidal before,selfesteem,it does sound like your roommate may have a drinking problem and the short answer is that you cant do anything about it only she can we cant change what other people say think or do we can only change our reactions it does sound like your roommate may be having a hard time you can suggest that she enter counseling or therapy you can reassure her that you like her if thats true but you dont have to pity her,1,1,T,F,0.7993832230567932
2088,my exboyfriend will not stop harassing and stalking me we work together i honestly think he needs help to move on his accusations are angry lies but i think he may believe them to be true,relationships,the specific laws about this will vary from state to state  generally the only way to force someone to get mental health care is if they pose an imminent theft of harm to themself or someone else or if they are unable to care for themself  more importantly is dealing with your safety  most states have laws that make stalking a crime you might want to think about filing a police report and obtaining a restraining order against him  you could also think about contacting a local counselor while you cant force him to get help with moving on from the relationship counseling could help you to deal with what is going on,1,1,T,T,0.6980997920036316
1097,im obsessing about a terrible breakup everything is a constant reminder how do i move on,relationshipdissolution,you cant drive lifes road without sometimes hitting bumps like regrets disappointments and tragedies when you do its easy to get stuck there gazing back into your rearview mirror at the past but god and your higher power wants you to move on toward the future he has planned for you its a future filled with hope  but to get there youve got to turn your focus forward and look through the windshield at the road ahead heres how you can let go of the past to move into the future  realize that you have a choice understand that youre not a victim of your circumstances and that no one but yourself can tie you to the past you can decide whether or not to move on ask god for the courage to choose to break free of whatever is chaining you to the past,1,1,T,F,0.7352333068847656
1637,ive been in a relationship for over a year hes cheated and lied i heard hes married but he says hes not everything is very up and down theres no trust recently he went on a trip and i promised him id behave and not drink because when i drink i drink too much and i tend to make poor choices this time i made a huge mistake i drank too much and i cheated on him i slept with another man for about five minutes before realizing what i was doing is wrong i told him and he just got really rude he called me names and threatened me i feel bad as i do love him we just have so many issues im not a bad person ive just made a lot of bad mistakes its unintentional and i know right from wrong but why do i still make the wrong choice,intimacy,hi calgary canada  let me get this straightyoure in a relationship but he might be married you both cheat and lie and hes abusive the short answer is that there is too much wrong here for this therapist to try and fix it relationships dont heal us and they dont help us grow up we have to be mature and stable enough to love someone before its going to work id recommend you focus on yourself alone for a while you have a lot to sort out i wish you the best,1,1,T,T,0.6244805455207825
2882,"im an early  something yearold virgin and my boyfriend is in his early s with kids hes cheated on me twice once in the beginning and then four months ago he wasnt use to dating a virgin and broke up with me three times because he wasnt sure we both work at the same job where we met and its with the girl that works with us ive been trying to get over it but now my confidence and selfesteem are low and sometimes i feel like hell do it again or that hes not ready to be with me i think about it all over again when i see her he says hes in love with me and with the last time he cheated it didnt feel right and thats when he knew he had to stop because his feelings were for me hes contacted her and told her he will not communicate with her because hes in a relationship with me

how do i gain confidence should i let him go if i let him go i dont want to be sad about it being that we work together i try to tell myself im beautiful every day and i think i am a pretty attractive female with a great personality but i dont like the fact that she works there",relationships,sorry to hear about all the stress in the relationshipyoure on the right track by knowing and sticking with your own standards of what qualifies as acceptable behavior by your boyfriendsince he was the one who broke your trust he is one in the position of earning back your trustthis is always a basic formula for couples therapy in which there has been infidelityunderstand within yourself whether youd like being with your boyfriend and what youd like him to do so that you start feeling more secure in the relationshipif yes then tell him what you now know about yourself as partner in the relationshipfor example some people who are getting over being cheated on would like knowing details about the affair person some people want to see the phone of the one who cheatedrecuperating after a cheating incident takes many monthsif he tells you hed like earning back your trust give him some time to see if there is progress in this areaas results unfold you will feel clearer on the direction your relationship is naturally takingabout the girl at work she will feel less meaningful to you as you work together with your boyfriend on securing the relationshipshe has her greatest meaning right now because you are at the beginning stage of knowing what direction to takeas you go along this road more than likely youll be more at ease in naturally finding a way of relating to her that feels ok to you,1,1,T,T,0.5430083274841309
3203,"im transgender i know i am but ive only told a few friends i know i cant tell my family because of previous conversations weve had they just wouldnt accept it
my gender dysphoria is getting really difficult to deal with on my own i need some strategies for dealing with it what should i do",human sexualitylgbtq,hello and thank you for your question i am so glad that you reached out for help i know that the dysphoria can feel nearly impossible to handle especially since you have limited support from people who accept who you are you may already know some of these resources but i am going to share a few  the website wwwletsqueerthingsupcom is a blog from a very good writer that i know his name is sam dylan finch and he is transgender he writes about mental health transgender issues and many other topics i know he has frequently written about gender dysphoria and ways to manage it you may want to check out his site and do a search on there  the website wwweverydayfeminismcom employs many transgender writers and several have written about gender dysphoria and have given ideas for managing it if you search for gender dysphoria on their site many articles pop up it may be a good resource for you especially if you ever feel lonely and start to forget that there are others out there who are like you and have your back  i am not sure where you live but there are counselors who specialize in affirmative therapy which is what is recommended for folks who are part of the lgbtq community so if you decide to see a counselor about the dysphoria try to find one that specifically says they have been trained in the affirmative approach in addition feel free to ask questions of the counselor before agreeing to see them for counseling an ethical counselor would have no problem answering them before having you come in  if there are some lgbtq resource centers in your area try to reach out to them and see if there are support groups gaining more support from others would be helpful sometimes lgbtqfriendly counselors leave their contact information for people in resource centers  finally i know you have not mentioned being depressed or suicidal but i also know that it is very common for people to consider suicide when they are struggling with dysphoria dealing with transphobia etc if this ever happens to you please call  or the trans lifeline its free at  visit their site at wwwtranslifelineorg i hope some of these ideas help feel free to send another message if you have a followup questionbe wellbe yourobin j landwehr dbh lpc ncc,1,1,T,F,0.8464024066925049
1149,my fiancé and i broke up he cheated on me numerous times i kept forgiving but questioning his every move he got tired and left,relationshipdissolution,cheating on you shows a lack of commitment in addition to the emotional hurt it createsprobably you didnt actually forgive him because if you did then you wouldnt have been asking questions of his every movemaybe you were open to forgiving him   in order for forgiveness to be effective the person who has done the injuring must first show some understanding and empathy for the great pain the person caused in youfrom what you write your fiancé didnt seem to have much interest in earning back your trust or in empathizing with the way his cheating effected youit is very likely his tiredness is also tiredness you feel of having to watch him all the timeas uncomfortable as adjusting with the disappointment of him leaving you the situation you describe sounds like it was unsatisfying for both of you,1,1,T,F,0.7641881704330444
1955,i dont know how to tell someone how i feel about them how can i get better at expressing how i feel,relationships,i wanted to share these two short books see below you could also look into working on your throat chakra which deals with speaking your truth selfexpression  being heard  communication crunch high impact communication,1,1,T,F,0.6116090416908264
731,i have severe anxiety and have tried everything everything makes it worstthe only thing that helps is my emotional support animal,anxiety,sorry to read of your sufferingis it actually permitted that people are able to take support animals to schooli see your point of the animal helping you  i just also see the point that some people have allergies to animal hair or dander or may feel distracted by an animal in the classroomyou may end up feeling worse if when you bring your support animal to school that it disturbs people or interferes with the routines of the classfor your anxiety i suggest some loving kindness toward yourself  be patient with yourself and that you have anxiety  if youre able to accept that some situations create great discomfort for you maybe youll tolerate these difficult situationembrace your anxiety as part of you basically rather than trying to banish it which because it actually is part of you is impossible to achievein a way im suggesting you become your own support animal  love yourself be kind to yourself and see if you feel a little less stressed in school,1,1,T,T,0.518930971622467
2305,im having problems shutting them out and putting up walls,socialrelationships,it sounds like you would like to let other people get close to you and at the same time you are finding yourself compelled to keep people at a distance often times when we have difficulty trusting others it is because we have specific fears about what would happen if we get close or let our guard down such fears may be rooted in past experiences in relationships in which we were hurt and or disappointed in working with a therapist you can gain insight into what is underneath your compulsion to put walls around yourself and develop ways to form authentic lasting satisfying relationships with others,1,1,T,F,0.7268385887145996
1805,im a teenager and i know the importance of my upcoming schooling however no matter how much i put in my best effort my family thinks i have done zero effort in total what can i do,familyconflict,your familys opinion is quite demoralizingunless you are lying to yourself or to them then your best effort deserves appreciation and support from familythe family members may have reasons besides the actual outcome of your school work to be so blind to your investment of effortmaybe they target onto you their unhappiness in some other area of their lives  it is often easier to create false narratives if a person wants to avoid looking at themselvespossibly too the family people may have a twisted logic to their words as though ignoring your effort is a way to force you to do moreif you feel the family people will listen to the way their words affect you then definitely tell themif not then you are learning an early lesson on how not everyone is necessarily supportive of others and how disappointing this feels,1,1,T,T,0.584586501121521
1017,about  years ago or so i was skinny but i was still ugly i really do want to change that but ive tried  times now can i try but dont stop at school i get bullied about my weight and my ugliness and i have been bullied my whole life that i believe them how can i stop thinking about them and dont let it get in my head my parents said i dont weight that much but they do think i am fat but they tell me i am not i told my parents that i need to go to a therapist but they think i am fine and i think they dont want to deal with it,selfesteem,hey  i am so impressed with your efforts to ask questions to figure out how to change the messages that you hear and say to yourself and to get support  and it sounds like you want to make some changes in your life  take a walk over to the counseling office at school the school nurse or consider reaching out to your pediatricians office you dont have to have your parents permission to seek support for yourself  and maybe taking control of your support network will give you the strength to make even bigger decisions about your health  i am rooting for you  be wise,1,1,T,F,0.6232224702835083
3693,every winter i find myself getting sad because of the weather  how can i fight this,depression,seasonal affective disorder sad is a term that reflects how many people are affected by the changing seasons especially fall to winter  everyone suffers with some form of this lessened activity levels increased isolation etc while some find that this time of year can put them into a deeper depression if you have noticed that this happens frequently there are some ways you can definitely help yourself going forward attend therapy to learn strategies and tools to help you to manage your mood  its important to stay within the therapy until you feel you have mastered these tools  push yourself to interact more with your social groups and other positive activities its easy to go out and spend the day outside in the summer months when the temperature is warm and the sun shines for long periods of the day but it seems harder to find fun ways to spend your time when the temperature drops and darkness comes on so quickly  perhaps winter time could become the time of year where you and your friends have weekly board game nights complete with hot chocolate and a fire you may want to consider the purchase of a sad light  these are lights that expose you to additional ultra violet light to increase the vitamin d in our bodies as well as the release of growth hormone which releases when we wake up there are mixed reviews of these products however and they can be expensive,1,1,T,F,0.7940186858177185
1133,he was in love with someone years ago and he still thinks about her time to time he said and i quote that relationship is definitely over i love you but that girl will always be in my mind it just didnt feel like he appreciated all the things ive done to make him happy,relationshipdissolution,trust your intuition on your conclusion about this guyhe may very well love you only with the ex so prominent in his mind it is possible your feeling of not being appreciated now would multiply if ever the two of you needed to address a delicate topicsince he is emotionally attached to the former gf it is very likely he wouldnt be able to fully love you as much as youd like and are already sensing,1,1,T,F,0.8782941102981567
1045,"i feel like i was born in the wrong body i feel like i should be a girl not a boy
 ever since i was young i have wanted to be a girl i felt like what i was wasnt me i want to know what i can do about it my family is against transgender people and dont want anything to do with them i want to be me i feel as if ill be happy then i dont look in mirrors and i dont like my reflection recently i have been taking things to help even though they were not prescribed i know i should have this handled by a professional",selfesteem,hi do you have any opportunity to work with a therapist  it sounds like it might be really great to explore these feelings if you arent able to there are many awesome gender work books available that you could use to explore your thoughts and feelings also  google ask a gender therapist  so many amazing video blogs to answer many questions  good luck,1,1,T,F,0.6571004986763
1068,im going through a majorly bad divorce and my wife is making things so impossible for me i need help,selfesteem,crying due to a dissolution of a marriage is normal  hating yourself may be a sign of extreme sadness feelings of loss and uncertaintydo you know why you hate yourself discovering your reason is the first step in knowing the obstacles and then the additional steps possible to move from hate to selflovedivorce signals a loss of familiar life structure and daily routines   as with any meaningful loss crying is part of mourning what is soon to be goneif you have confidence in your attorneys handling of the legal areas related to the divorce and the impossible you reference is on facing and coming to terms with statements and behaviors from your wife that you never noticed before then your best choice is to find a therapist whom you feel at ease in talking with to sort through the emotional upheaval within yourself and your everyday life and worlddivorce is a wonderful time for learning about ones own emotional needs and expectations in relationships since these are the areas currently coming apartthe good news behind losing something that seems valuable is that new space becomes open to attract what is more suitable for who you are,1,1,T,F,0.8381711840629578
351,im depressed often and my mind goes a million miles a minute every once in a while things are okay for a few days after a bit i start noticing that i am picking at my skin profusely after roughly a week the anxiety is back and still picking sometimes i find myself causing fights to have change,depression,one way to know yourself a little better and why the dynamics you describe take place is to understand the particular dynamics of your life contextlook at your major areas of where you spend your time whether you are happy with the people with whom you socialize how you feel toward family members and how they seem to feel toward youif you examine your relationships and life this way then you may start to notice areas where you have some control or at least a say in how your life is goingif you are socializing among people whom you dont like have a job you dont like and your family mistreats you and you mistreats them for example then anxiety and depression are an understandable natural resultif you make improvements in your life and relationships even tiny improvements and even the effort and intention to improve you may find your anxiety and depression dissipatingpeople usually feel their worst when they feel lack of control in their lifelook for ways you can regain andor strengthen yours,1,1,T,F,0.6209836602210999
1060,im in my early s ive been married once and he cheated on me ever since then ive felt ugly no matter what im engaged and i still feel ugly i dont like to take pictures of myself,selfesteem,sounds as though youre taking the blame for the bad actions of your former husbandhe did an ugly action and instead of feeling only your own emotions in response to being cheated on you are holding his ugly behavior within you and feeling itdoes this sound like a possible explanation of why your feeling of ugliness started after the cheating incidentyou may start feeling better by looking within your own heart for the full effects of having been hurt  it is possible there is more suffering within you than youve realized until nowas you address all the emotional pain youve lived through the feeling of ugliness may drop out all of its own because youd be focused on you not on any of the ugliness introduced into your life by your cheating ex husband,1,1,T,F,0.6829522252082825
1556,every day for five years my husband mentally abused me and said he will change i have a child with him i try so hard to stay strong for her but at this point i am completely broken i am holding on to nothing but hope and have been for years is there any hope or am i wasting my time,intimacy,i think your own awareness will not allow you to continue in a bad relationshipbe glad something within you is telling you that there are better ways to be treated than how your husband doesfor support and guidance in real time look up the organizations in your area which help women to leave abusive relationshipsyou are not the first or only one and probably not the last woman who wants to leave an abusive partner  having guidance particular to you and your situation will help you move through what decisions to make as to how to leave this man,1,1,T,T,0.6859716176986694
401,i sleep a lot music changes my mood i cry every wednesday my mind is like a maze that even i get lost in i dont usually feel my true emotions but instead i get fake mirrored ones,depression,what happens in your life on wednesdays that you feel like crying   crying is natural  crying on wednesdays may also be natural if some type of regular event or situation comes up for you then that you dont like feel oppressed by and have no way of avoidingmaybe you would qualify for a diagnosis for depressionthis matters less than what you will do with a diagnosis  very often people feel some type of relief from hearing a professional tell them what they havedont let yourself get talked into taking pills because now you have something  pills change your moodonly you can change your lifethe diagnosis matters so the therapist gets paid from insuranceit is a good sign that you know whether you feel true emotions or fake ones  this is a clear sign of knowing about yourselfyour mind feeling like a maze is a little too vague to know if you mean there are too many thoughts at once so that you have difficulty knowing which ones to examine first or if maze means you dont know what your thoughts are and  feel lost for this reasondepression which is addressed by a person can become quite liberating because you will remove what bothers you so much in your life that it weighs you down and depresses you,1,1,T,F,0.6469612121582031
1835,i saw my mother cheating on my dad before i said something to her and she said it was in the past yesterday i saw her texting dirty things to the same guy should i talk to her again i dont want my parents to go their separate ways i just want her to stop its not fair,familyconflict,you as the child in the middle of your parents problems is the worse position to be in  i can only imagine your hurt pain and confusion on what to do  honestly this is a hard question to answer without knowing your age your parents ability to handle hearing information from you and your maturity to handle what may happen in the end  one thing i would like to noteyour parents may be in the same house but if your mother is cheating they have already gone their separate ways,1,1,T,F,0.773356020450592
1533,i went to my exboyfriend to reach out to one of his high school friends whos attempted to commit suicide when i went to him to reach out to his high school friend he told me that i put him in a terrible position and put an enormous load on his shoulders he was very angry that i went to him to do that am i in the wrong for going to him to reach out he helped me so much with my depression and bad habits so thats why i thought of him to reach out he made me feel awful for thinking highly of him to help why did he react this way towards me i think hes being selfish,intimacy,your compassionate reach out to the friend is praiseworthythat your ex bf has trouble accepting your gesture as kindness shows your ex bf is not seeing the situation clearlyi believe your ex bfs words about feeling burdened by your actionhowever he is mixing up his own responsibility to know the root of his feelingsblaming you for feelings he doesnt understand within himself is unfair and not helpful to anyone including himfrom what you write you did nothing wrong and your action toward the potential suicider was graciousmy only guess which is also very general about your ex bfs behavior is that he doesnt yet fully understand himself and finds blaming others easier than understanding himself,1,1,T,F,0.9164295792579651
1400,the sounds of eating and breathing gives me headachesmostly mouth breathing and snoring it makes me angry and i want to solve it myself,angermanagement,probably good to know in what type of situations you are in which you are hearing mouth breathing and snoringif youre sleeping beside your partner who does these actions would have a different response than if you overhear mouth breathing and snoring from a family member who is napping on the couch and you are walking past them on your way to take a snack in the kitchenbasically if the person who does these actions which bother you start by telling themdepending on whether they are empathetic to how distressed you are from their sounds or not willing to change or not has a good deal to do with next stepsi dont really see any step youre able to take to solve that you are sensitive to human sounds from the headone path i dont recommend is expecting yourself to ignore the fact of being feeling bothered or dismissing your own sensitivity someoneyour needs matter,1,1,T,F,0.637756884098053
760,ive been with my boyfriend for a year and a half he loves me a lot and i love him it hurts to be apart from him for so long it hurts all over and then i feel like it wont last,anxiety,i would suggest that you look up the word codependency and its characteristics  see if you relate to those characteristics  i have a feeling  you have suffered some form of loss in your life that you have not dealt with properly  for some reason you are depending on your boyfriend to fill that loss  considering working with a counseling to work through your emotions and resolve any lingering issues,1,1,T,F,0.9217889308929443
714,im a teenager and while ive never been to any kind of therapist i noticed i experience several anxiety symptoms i frequently find myself not going out and following my parent around the house i cant go into stores grocery stores specifically on my own and when i do i have to be on the phone with my dad the whole time i also forget things a lot,anxiety,despite your anxiety you are highly attuned to your sense of well being and skillful in articulating the details of when anxiety takes oversometimes people who anxious in specific realtime situations are helped by talking themselves through the anxietymaybe youd be able to distract yourself from the grocery store anxiety by telling yourself youre anxious and that youll be ok its only a grocery storethe longer term way to dissolve anxiety is through selfacceptance selflove selfbelief basically all the areas of trusting yourself to handle situationsanxiety is a fear of being overwhelmed by a circumstance or condition which ends badly for youoften the person can very well handle the situation about which theyre anxious   the problem is not trusting themselves enough to rely on their self knowledge,1,1,T,F,0.8921521306037903
1830,my parents seem okay with other sexualities but normally they only talk about being gay when they do talk about bisexuality they say things like theyll do anything or things that make me very uncomfortable because i am bisexual i dont know if i am ready to come out to them,familyconflict,"hello and thank you for your question being bisexual can be particularly
difficult because it is often misunderstood even by people who are supposed
to be part of your own community such as lesbians and gays it happens so
often that there is actually a term for it  
bierasure this is simply something that happens when people deny that
bisexuality is a real thing or discriminate against bisexuals due to beliefs
like your parents seem to have 
the unfortunate truth is that you can never
be sure of how you parents may take this kind of information it sounds
promising that they are accepting of other sexual orientations and it may
simply be that your parents lack education about bisexuality with accurate
information they may come around but there is no way to be sure 
some of my colleagues have already given you good information here are some more things that you can consider
and questions you can ask yourself before making the decision to tell them
 
      if they dont respond the way you want them to have you developed a support
system to support you through it this is very important the truth is that all
the friends in the world wont prevent pain or sadness if your parents dont
respond as you hope but they will at least be there to remind you that you are
okay as you are and that is critical for you to remember 
 
      there is great information on the internet about bisexuality that you can
offer your parents if you think it would be helpful it may be important for
them to know the kind of damage that is being done to bisexual adults and young
people because of the myths surrounding bisexuality here is an article from
glaad about bierasure httpwwwglaadorgbisexualbierasure
 
      coming out to people is obviously deeply personal and should only take
place when you are ready sometimes people get pressured from friends media
and even people they are romantically involved with to come out before they are
ready it really is up to you if you are feeling pressure from others dont
feel bad about setting your boundaries and telling them that you will come out
on your own time intimate partners should respect you enough to understand
this 
 
      something else to think about is your own comfort in being bisexual just
because someone is lgbtq doesnt mean that they necessarily want to be many
people struggle with this having
your own doubts or insecurities may also play a part in how comfortable you are
in telling your parents so perhaps do some selfexploration about your
feelings toward yourself 
 
sometimes people take friends with them
when they decide to come out to their parents this is something you may want
to consider the important thing to remember is that you are okay really if
your parents dont respond well that doesnt mean that they never will some
start off upset but then work their way through it 
best of luck to you 
robin j landwehr dbh lpc ncc",1,1,T,F,0.8356308937072754
1003,i feel like every time i do something someone asks me to i never fully meet what they want i feel that when i finish it they always think that they should have picked someone else to do it i feel like they just want nothing to do with me,selfesteem,it sounds like you have the perception that people are frequently disappointed in you wish you were different or someone else and ultimately reject you one question i would have for you is what is your evidence that people feel this way is there anything in peoples words or behaviors that gives you this impression if your not sure it may be useful for you to try to notice what people say and do in response to you even though you perceive these attitudes within them additionally working with a competent therapist may be a great way to get an answer to your question as well as developing ways to move forward with that answer and gain a sense of selfesteem and security in your relationshipsone possibility that comes to mind of which there may be more is that as we grow up we often develop relational templates or sets of expectations about how people are and will relate to us which influence our experiences and behavior in relationships sometimes the templates that we develop to stay connected growing up are not particularly adaptive for adult life and can hamper our selfesteem and capacity for comfortable intimacy as an adult you ask a great question here and one that can be very hard to see through given the difficulty of feeling that people think of you in this way and i hope that you will stay curious about this and consider working with a therapist who is trained to help you discover the answer,1,1,T,F,0.787255585193634
1069,about  months ago my ex left without fully explaining why for me it seemed out of the blue i dont miss her as much as i used to but i just dont trust people anymore not even my friends who i have known since my childhood not even my family im so terrified of being judged or dismissed instead of acting like someone else or putting on a mask of a personality ive just shut down i havent felt that sense of comfort and happiness with myself since everything fell apart im scared to because i dont want it to be taken away from me again i feel like ever lesson i learn only last a day i just dont know what to do im working at a place i know i should enjoy im keeping up with my creative passions working out eating healthy etc im doing everything the books say i should do but i dont feel any different i just dont know what to do,selfesteem,since you realize your sense of trust was broken withdrawing from close relationships makes sensethis may be your self giving you natural time to recuperate from emotional painalso it is your chance to think over how to handle yourself differently in future relationshipsmaybe this process requires more time than youd likehaving patience is very difficult when a person feels hurta therapist of your own may be a good idea so you have someone for guidance and to chart your progress w youthis may feel less lonely and help you tolerate the waiting period till youre better,1,1,T,F,0.8548375368118286
1108,"i know that i need to get past my feelings for this person i fell in love with but ts so difficult to move on because he showed me feelings ive never felt before    i feel like i dont want to be without my genuine love for him but logically i know i need to be without him i cant discuss this with anybody in my life because the conditions surrounding our love are considered wrong by a lot of people
   how can i get myself to just move on",relationshipdissolution,love is a deep and nuanced feeling so start to accept that a simple cutting of emotional connection isnt possiblehonor the love you felt for this person  acknowledgement of your love feelings will most likely help you find a dignified way to accept them while at the same time slowly developing new ways to live your life in a way which does not include the actual personyour feelings will always belong to you  the newly discovered sense of how love feels will be with you and positively influence all your relationships  there is a benefit to feeling loved even if it is not forever in this lifetimealso your partner opened your feelings the feelings which showed in fact already were within you  he opened the door and this door belongs to youi hope you will find ways to appreciate having been loved and to be open that your feelings of being loved are a positive influence in all your relationships,1,1,T,F,0.8766080737113953
2754,"im a senior high school student im also five months pregnant i got pregnant by my boyfriend of three years my parents dont want us to communicate with each other he cant even come to visit my gynecologist my mom goes to attend all of my doctors appointments shes supportive of me i wish though that my boyfriend was next to me and be able to see his daughter on a sonogram at the very least my family does not understand that he deserves that much i cry all the time because i feel lost and hopeless
i need guidance and i believe that you can give it to me  am i wrong for wanting him around are they right for keeping him away from the appointments and not letting us communicate with each other even though we are the parents i do everything that they ask of me i just want him to be around when i ask my parents to let him be here they call me a selfish person please help me",relationshipsparentingfamily conflict,youre not wrong for wanting to be with your boyfriend of three years who is also the biological father of your childdo your parents object to you and your boyfriend continuing to see each other in person  or do they object only to electronic communication and dont want him involved in his childs life ask your parents what their reason is for forbidding you to communicate with your boyfriend  ask them also to understand your point of viewnow is also a good time for you and your boyfriend to plan whether and where you will live as a family and how to financially and emotionally support one another once your baby is bornyour mom and dad are definitely making fatherhood difficult for your boyfriend and motherhood stressful for youconsider bringing up the topic during your next obgyn visit  your doctor may ask your mom to explain her reasons and address theselook online for womens resources to see if there are clinics or agencies that would help you advocate for your position in this mattergood luck with the remainder of your pregnancy labor and delivery,1,1,T,F,0.6718747019767761
1417,sometimes  times a night,sleepimprovement,perhaps more dreaming means that you are making use of your mind to solve problems  i find that change states while sometimes difficult are very exciting  they give you opportunity to grow more rapidly  so i say congratulations  mark wwwmarkmorrislcswcom and wwwlivingyesorg,1,1,T,F,0.6448519229888916
1148,my exgirlfriend says shes bored and wants to experience life single i treated her really badly and caused meaningless fights when she didnt do anything i feel remorseful and im willing to do whatever it takes to get her back shes unhappy when i called her she was crying and said she will text me when shes ready,relationshipdissolution,were you happy with the ways she satisfied youa relationship is happiest if each partner concentrates on the happiness of the otherstrange for someone who was treated badly to describe themselves as bored rather than say they feel hurtis it possible you are being selfcritical about your behaviors toward your ex girlfriend either she is unaware of her feelings or not being fully truthful with you about her feeling badly treatedsince shes putting up a barrier to communicating with you better for you to respect this than contact her by phone againconsider in a few weeks so each of you has time to think over your happiness with the other person to write her an email which states your interest to reopen the relationshipwho knows you may even decide by the end of a few weeks that youre fine without this particular relationshipdepending on her response to your email youll know whether and how much chance there is for the relationship to clear up the problems of the past and to continue,1,1,T,F,0.786970853805542
1523,after receiving counseling we have been told my husband has a black and white personality disorder when i offer compromises in our disagreements he does not seem to understand we cannot resolve conflict because he only sees things as black or white my husband has asked that we go to counseling this time in the past it has been my suggestion we are thinking of going to a marriage mediator this time because there are financial issues that need to be resolved he cannot see the whole picture when i attempt to explain my side to him,intimacy,i never heard of a marriage mediator beforesince you already went to counseling and the therapist observed your husbands tendency to see black and white in life and because counseling functions on a deeper level than a mediator generally does a marriage mediator sounds like a step backwardswhy not go to a financial mediatorthis would satisfy your husbands black white outlook and may satisfy you too because no emotions are expected in financial discussion and the relationship suffers from an expectations surrounding emotion,1,1,T,T,0.6850226521492004
896,"im being verbally abused on a daily basis by my parents in front of my child i feel like im trapped and i have no escape i feel like i have to listen to the horrible things they say and just take all of it
   i need some way of learning how to cope with listening to it especially since i have nowhere else to go i feel very emotionally drained how can i deal with this",parenting,i think one of the best things to pass on to our children or simply one of the best lessons in life is to learn when to internalize its an issue in me and when to externalize its an issue in them as well as always finding the balance of the twoin this case you dont seem to be the issue sure living with your parents with your child probably is not your dream scenario nor your parents but there are ways to process that without someone feeling abused and your parents clearly have zero ability or boundaries if they are willing to verbally abuse you in front of your child and their grandchild if there is a reason they are doing so im sure they think they have a good one however the dynamic that they are willingly setting up is problematic and it is their problem however by being strong and not taking in someones verbal abuse you are going to role model for your child how its about what is inside of you your own drive that will be what is important not what others say about you its important to always come back to yourself inside and seeing the good that is in you or even just noticing that its there if you cant quite see it in its entiretyi would also advise your parents to think about their own role modeling,1,1,T,F,0.5104894638061523
425,i am broke but i am sure i have been depressed for the past couple of years i have always had anxiety i just need someone to talk to right now i dont have any friends or family i can talk to im on the verge of just giving up,depression,good question there are resources out there  people to talk to id try going to this link and calling the free  hotline httpwwwsuicidepreventionlifelineorg,1,1,T,F,0.5140836834907532
1790,i have known i was always different this year in december i found out that i never felt female i did research and have identified myself as male but dont know how to tell my dad,familyconflict,i admire your courageif you are concerned about telling your dad regarding your gender identity i would suggest a couple of things there are a lot of groups or other supports for people who are working through some of the same changes that you may be going through now i dont mean to convey that everyone thinks feels or acts the same by any means but rather that it may be helpful to talk to others who have had some similar experiencesi was trying to include some links for you but that particular button isnt functioning window if you search for transgender support on google youll find glaad and pflag both of which are national organizations this does not mean that you have to identify as transgender but researching that term may help you to find both national and local resourcesas far as telling your dad if that is particularly concerning for you i suggest either talking through the details with a local therapist or considering if you have a trusted friend or family member one who will respect your privacy with regard to who you would like to know about what you are experiencing at this time so that you can talk with some people to have support this may help with two things allowing you to find some support for yourself as you work through the changes that you are going through now and also possibly talking with someone who knows your dad and may be able to talk with you regarding how or when to tell himone thing that i tell anyone who wants to discuss something that is very important to them is to ask the person they want to talk to whether this is a good time for an important conversation that way you have greater chances of having the persons attention andor not needing to end the conversation quickly also please remember that you know yourself best as each of us does,1,1,T,F,0.5862411260604858
1600,my husband and i are in our s weve been married  years three weeks ago he said he loves me but is not in love with me he was going to leave me but he said he thought about it and decided to stay i dont know how to feel any more how should i take what he said and not feel so hurt he has been very blunt and hurtful words just come out of his mouth he makes me feel like im nothing but i so dearly love him with everything in me he said it wasnt a midlife crisis,intimacy,i get it your husband tells you that hes not in love with you but oops hes changed his mind and will tolerate you for a while longer excuse me my dear its okay if you expect more than that from a marriage maybe the question has shifted from whether he is happy in the marriage to whether you are happy in the marriage you say you love this man  who makes you feel like nothing i say it might be time to sit down with an individual therapist and look objectively at your marriage and whether its working for you,1,1,T,T,0.530914843082428
1191,i believe it is wrong for men to look at inappropriate content the father of my child has agreed to respect my beliefs his coworker sent him an inappropriate video he got mad because he does not think he should tell his friend to not send him things like that,workplacerelationships,the offspring are your propertyif you require that no other man show inappropriate content to them then require compensation for use and enjoyment of your property without your consentsend them a billwhen they do not pay it activate the local sheriff take them to small claims court and win a judgment against them for failure to compensate for the use and enjoyment of your propertyi wonder what might happen after that learn to act as man  and watch the magic happen,1,1,T,T,0.9215251803398132
3642,often times i find myself thinking scary thoughts and sometimes  i even scare myself into thinking that something bad is going to happen to me once it starts the thought continues going through my head and i cant get it out  how can i stop these thoughts,behavioral change,scary thoughts can feel overwhelming at times as well as feeling quite real i want to acknowledge how scary they can feel but there is hope and new skills you can learn to work with these types of thoughts the first step in working with scary or negative thoughts is to acknowledge that they are just thoughts and we can choose to follow the scary thought streams or work with cutting them off or ignoring them i also realize that might seem really hard to do but heres a good way to think about the brain and how thought patterns work thoughts arise in the mind all the time our brain is a thought machine many thoughts drift by like clouds and we dont pay any attention while other thoughts arise and they trigger us in a particulate way ie scary angry happy sad and when those thoughts arise we can chose to pay more attention to the thought which can lead us down that particulate thought stream that will lead to fear and anxiety so how do we work or stop those scary thought streams one new skill to implement comes from the work of rick hansen he wrote the book buddhas brain he teaches that we need to give more energy and attention to the positive thoughts or positive memories we hold in our mind and pay less attention to the negative thoughts hansen asks us to imagine the brain this way the brain is like velcro with negative thoughts and like teflon when it comes to positive thoughts there are reasons that our brain works this way but i dont have time to go into all of that in this response so its just important to remember we have to work at positive thinking actually pausing throughout the day to focus on positive feelings and memories  this will help the mind reinforce positive thought streams and help reduce negative thought streams over time if a scary thought arises try to replace it with a happy experience for at least a couple of moments and see if that helps reduce the negative charge connected with that scary thought,1,1,T,F,0.7823150157928467
969,my motherinlaw is mentally ill she has been for most of her life she cuts herself she has been in and out of psychiatric hospitals for about  years she has voices in her head that tell her to cut herself she has had multiple shock therapy treatments and shes on enough medication to take down an elephant her parental rights for her two children were taken away from her when my husband was a boyhe is now in his late s she doesnt even have custody of herself she hasnt asked yet but she has been insinuating that she wants to babysit my child how do i go about saying no without creating an issue,parenting,hi fontanathanks for providing all the details needed in order to respond to your question it seems very clear to me that no would be the appropriate response i like your healthy boundaries and ill help you explore possible ways to respond to her first she hasnt asked yet and you dont know that she will right now you can pleasantly ignore her hints theyre not hurting you and if you ignore them theyre more likely to go away you can address and reduce your own anxiety about the possibility of her asking by reassuring yourself that you have the right as parents to make this decision and that if shes offended that doesnt mean that youre being mean it means that she has unrealistic expectations so the first goal is to put it out of your mind as a worry you might never have to face that moment but i understand that you want to be preparedas her son perhaps your husband is the best one to answer the question should it ever come is he willing to do this but if you are comfortable and if youre the one she asks you can confidently give her a simple honest response about why it wont happen and i would suggest presenting a firmly closed door rather than saying but maybe later no need to apologize or hum and hawwe love that you want to be around junior and we definitely want you in hisher life try to leave out the but here youre not in a healthy place and were not comfortable with you caring for himher on your ownif she pushes the issue this is evidence of her denial or inappropriate boundaries id let her know that its not negotiable that you understand if shes disappointed but youre not open to discussing the issue really theres nothing to discuss learning not to take responsibility for her emotions is part of having an ill person in your life i wish you the best,1,1,T,F,0.5890432000160217
1836,i avoid talking to him because he always makes me more upset i cant be honest with him about anything because he is always rude to me,familyconflict,hi troy i totally get this its a dilemma you want your dad to know how hes hurting you but you dont feel safe enough to say anything to him your reaction is understandable its his responsibility as a parent to work harder than you to create that safe place for you to be open but thats not who your dad is your dad is your dad and waiting for him to change wont really help nothing you do can change your dad butthere are things you can do for yourself and your relationship with him while your response of avoiding him is understandable i wonder what effect it has on your dad its possible that hes feeling frustrated rejected and punished by your withdrawal you may think he knows that youre feeling hurt but he probably doesnt so this is the squirrel chasing its tail your dad is rude so your habit is to be silent then he maybe feels abandoned and frustrated his frustration comes out as more rudeness which makes you want to withdraw more and the cycle starts all over again you cant change his part of the cycle but you can change yoursare you willing to take a risk can you be honest about how youre feeling whats the worst thing that could happen if you said to your dad you know why i avoid you i stay silent because when i talk to you say rude things so if you want me to talk i need to know you can listen i imagine it would come out differently because youre a few generations younger than me but put that into your own wordsi dont know the level of your dads rudeness if he is abusive then a better plan is to see a therapist alone or talk to someone about this i dont want to put you at any risk but if you dont worry your dad will hurt you maybe give honesty a trymy point is that as rude as your dad may be checking out of a relationship by being silent is also rude its powerfulyour silence your dad cant read your mind and if you want things to be better you will need to get in that ring with himand if youre both open to it seeing a therapist together can be really helpful ,1,1,T,F,0.7672783732414246
951,my grandsons stepmother sends him to school with a pink barbie backpack as a form of punishment,parenting,parents are to teach discipline to children not punishment   punishment is another word for wanting to cause hurt  there is a different in discipline and punishment  punishment could have long term affects on a childs self image and growth  it can lead to others issues such as bullying from peers as well  whatever your grandson has done there is a much better way of getting him to understand that his actions are not acceptable  punishment is not one them  encourage the stepmother to build a positive relationship with him this way he will learn to respect and trust her  his actions would improve  she may need to attend a parenting class for blended families,1,1,T,F,0.5847560167312622
1779,my mom made a lot of mistakes a couple years back and i cant seem to forgive her i want to say that its okay but i cant i feel like even if i did forgive her i wouldnt be able to say it to her face,familyconflict,how someone feels when they forgive another is at peace with themselves and their understanding of what went wrong who was responsible for what in the situation and clarity on their own motivation actions emotions including pain regret resentment sadnessthese steps ideally allow a new door to open in order to develop new paths in the existing relationship or accept that this will not be possible due to either persons way of handling themselvesthe long answer would be that youre not yet through with this processi commend you on being truthful with yourself about yourselfyoure on the right track by expecting to feel resolved when youve reached resolution and not beforefinding patience with the unpredictable amount of time needed to thoroughly examine all the details of the incidents you mention sometimes is a frustration of its ownkeep up your good work of knowing your own lifeit is a worthwhile endeavor,1,1,T,F,0.8481866717338562
1507,my dad cheated on my mom for  years i cannot stop obsessing over the fact that my boyfriend might be cheating on me even when i know he isnt i have full access to his phone social media and emails i never find anything but im obsessed with constantly checking just in case how do i stop this its driving a wedge between us,intimacy,hi greenville i respect that youre owning your own overreactions and that you want to give your boyfriend the respect he deserves the truth is that some people cheat and some dont and our partners deserve the benefit of the doubt unless they show signs they cant be trustedthe answer here is in two different areas basically if you want to feel differently more trusting in your case you look at your thoughts and your behavioursyour thoughts are stuck like tires in deep ruts in the road these thoughts are only habits they dont reflect the truth fear is probably whispering in your ear things like everyone cheats or  youre not enough for him once you figure out what fear is trying to tell you picture those words in red next time they come up ask yourself what the evidence is that supports that thought there wont be muchperhaps none and what is the evidence that doesnt support it i know lots of good men i know i deserve love and loyalty there is no sign of infidelity youre learning to refute the thoughts that are connected to the fear thats the first half practise these thoughtsthe rest of the work is in your behaviours act as though you trust him force yourself to not check or interrogate and the less you check the less obsessive and untrusting you will feel acting as if something if true strangely helps us believe itits possible to change the way we think and this is turn changes the way we feel try this to start and see a therapist for support and cognitive behavioural therapy if you want to dive more deeply into why this is happening and how to stop it good luck,1,1,T,F,0.7366706728935242
1894,if i tell him i dont like certain things he does when it pertains to me he tells me its not like that he never has anything to say about me until i tell him something about himself,marriage,it sounds like there are issues with communication between you and your husband  your perceptions of interactions that you are having dont sound like they match up  it would probably be helpful for you both to work on communicating using i statements i feelwhen you  this is a more effective way of communicating your needs than directly criticizing the other person  if you work on communicating in new less critical ways you both may learn more about your spouses feelings and perspective,1,1,T,T,0.5060602426528931
2878,"i have an exboyfriend who just lies about everything he is super lazy he lies to everyone that he has a good job builds trust and then start borrowing moneyand large amounts too it has come to the point where he has gone through several group of friends he is leaving a trail behind full of friends in debt because he would put on a sob story borrow money then disappear he refuses to work so he sits at home playing games all day and either lies to his mom for money or lies to his friends i used to think his lying was due to his drug habit but now im hearing from other exfriends of his that this started even before the drugs got into his life he would borrow anywhere from  to  from everyone and it would all disappear hes in debt with bills he doesnt gamble but he spends his money on random stuff

although he has this habit of lying compulsively and spending money he seems to be a good person hell always give a homeless person all his change no matter what my brother has epilepsy and is really antisocialmy exboyfriend makes an actual effort to socialize with my brother he takes him out to the movies and plays video games with him he drives me to school and work every day and picks me upjust basically the small things that add up to the fact that hes not totally a horrible human being is he just simple a pathological liar or is there something that could possibly be deep down in there",behavioral change,it sounds like you have some ambivalent feelings towards your exboyfriend that are difficult to sort out you notice that there are both desirable and undesirable things about him and this is true of everyone to one degree or another one question that i would have for you is are you satisfied with your relationship with him as it currently stands are you happy with the boundaries between the two of you or would you like them to be different negotiating through conflict and establishing different boundaries are definitely things you could work on with the help of a therapist another question i would have for you is what would it mean for you to find out what motivates his behavior discovering the roots of such behavior is something that he would have to work on in his own therapy and not something that you and a therapist could discover without him,1,1,T,F,0.7158276438713074
3837,"im dealing with imposter syndrome in graduate school  i know that by all accounts i am a phenomenal graduate student and that i am wellpublished  i am well liked by students and faculty alike  and yet i cannot shake the feeling that im going to be found out as a fraud 

how can i get over this feeling",stressworkplace relationshipsanxiety,it would be very helpful to identify with you eventual pattern where the imposter syndrome is more or less present are there specific situations where youve noticed the feelings of im going to be found out as a fraud becoming more strong it seems that shaking this feeling is very important to you in my opinion before shaking that feeling we need to get closer to it and understand its roots if you would like to get closer to the feeling you might consider asking yourself questions such what is the trigger for this feeling how does it feel in the body what is the thought process i engage with after noticing this feeling all the best rossana mag,1,1,T,F,0.757658839225769
2104,i keep getting into relationships with men that are in bad situations i take them on and help them and do all i can and the relationship still fails how do i learn to not get in relationships with men in bad situations i see someone in need of help i jump in and it is getting me nowhere i am alone sad and frustrated,relationships,sounds like you already see whats amiss youre looking for fixeruppers when you meet these men they need you and youre filled by fixing them  and when they are fixed what do they have to give you whats your need in relationship what if you found someone who didnt need fixing,1,1,T,T,0.5983669757843018
467,sometimes i cant stop thinking about life after death i was raised in a religion that teaches that we will live on forever either in hell or in heaven  when i think of living forever even if it is in heaven which should be good i feel overwhelmed i dont like the thought of living forever and ever and ever sometimes i just cant get the thought out of my mind and the thoughts lead to panic and anxiety  am i crazy i dont think these thoughts are normal,anxiety,you might be surprised how normal you are anxiety is incredibly common and while your particular type of existential anxiety might be unique to you  it is very difficult for most people to really comprehend what happens after we die  regardless of the religious or philosophical belief systems we hold it is the ultimate unknown and some philosophers and psychologists believe that at the root of our daytoday anxieties is the fear of death or fear of the unknown  just as it can be really hard to comprehend the ending of life it can also be hard to comprehend an eternal existence what these both have in common is that we are imaging a future that is ultimately unknowable and this unknown can provoke a lot of anxiety mindfulness based practices like meditation  maybe there is something like this in your religious tradition  can be very helpful in making peace with the unknown in the present moment the more we can learn to live in the moment  the less we get hung up on anticipating outcomes for our lives that may never come true mindfulness practices can help you ground be where you are  relax and regulate your nervous system so that you are able sleep and recuperate and train your attention to focus on living the life you want to live now  rather than worrying about what happens after you die having said all that  it can be profoundly helpful to speak with someone about your anxiety  especially when you feel haunted by it worry that you are crazy and cant get to sleep there are lots of good therapists out there who can help you with your anxiety,1,1,T,F,0.8552267551422119
3195,is this something i should be worried about  should i do something about it,parenting,it can be tricky to figure out if a child is truly satisfied with his lack of friendships parents can usually tell when their child is happy but kids who are unhappy may be masking disappointment perhaps acting out their feelings in an aggressive manner others may internalize symptoms appearing sad or withdrawn a parent may learn a great deal by asking the teachers questions such as whether the child works with others on group projects or if he eats lunch alone a parent can also talk with the recess supervisor about what happens on the playground and whether your child stays on the sidelines of play unsure of how to join the group therespectfully is a difference between kids who are shy but happy and kids who feel isolated because they do not know how to make friends itis not necessarily that there is something wrong with that child but they will in fact need help and suggestions for breaking into a peer group ask a child if there is someone he would like to have over to play if a mom or dad can make the play dates happen or if they hit on an activity the child truly enjoys the young person may begin to forge friendships on their own i encourage wellmeaning parents to choose words carefully use phrases like hey i noticed something or let me help you be successful by showing respect parents should feel more comfortable nudging their children beyond their comfort zonewhen to seek professional help when does isolation raise a red flag for longterm issues true personality disorders are not typically diagnosed until adulthood still professional counseling should be considered if the antisocial behavior is causing the child significant distress perhaps keeping him from functioning in everyday activities also parents should pay attention to how the childs social behavior changes over time such as social anxiety the vast majority of children who define quality time as time alone are perfectly happy healthy and normal if the child is able to nurture at least one friendship exhibiting what experts call social reciprocity then parents can relax and can cherish that child who enjoys the pleasure of his or her own company,1,1,T,F,0.6294738054275513
3822,"i am in my early s and i still live with my parents because i cant afford to live alone

my mother says that if i live under her roof i have to follow her rules she is trying to control my life what should i do",family conflictparenting,youre among many millennials who live with their parents due to financial reasonsdoes your mother mean rules pertaining to the way your family household organizes its daily or does she mean something elseevery household needs rules as responsibilities to keep the house clean who does the grocery shopping the way costs are distributed for this and all the other carrying charges  and tasks of maintaining the house in decent order as well as respecting the privacy and noise level requests of others who live in the homethis set of responsibilities applies whenever more than one person lives with another personhave you tried simply telling your mom that youre willing to be a responsible household member and that you prefer to keep the details of the way you live the rest of your life to yourselfthis would show respect to your mom and start the discussion as to the areas of your life you feel deserve privacy and how you would like to handle when your right to run your own life overlaps with any household duties,1,1,T,T,0.8230286836624146
1036,i always need alcohol to feel better and use that as a excuse,selfesteem,check out my latest blog on  fourwaysaddselfesteemfriendslisti hope this offers you some nuggets of helpfulness,1,1,T,F,0.9471564292907715
2153,"im transgender i know i am but ive only told a few friends i know i cant tell my family because of previous conversations weve had they just wouldnt accept it
 my gender dysphoria is getting really difficult to deal with on my own i need some strategies for dealing with it what should i do",lgbtq,hi it can be difficult to handle such a transition on your own i work with clients to understand their needs and wants this can involve how to communicate effectively with friends family and other loved ones or learning how to have selfacceptance i strongly recommend speaking with a licensed clinician one on one to help facilitate the change you are looking for,1,1,T,F,0.8449867963790894
2974,"im a young adult woman and i have trouble finding my true identity being at home this all started when i had a boyfriend about  months ago my boyfriend and i were dating for a couple months and decided to get in to sexual acts at the time i was pretty religious but i let this happen i dont know why i felt kind of guilty but mostly because i know my parents wouldnt like it my parents are very religioustheyre christians we did things every time hed come over to my house we didnt have anything to do at our house so we would get tempted to do things when wed watch movies by ourselves

one day my parents found out i did this stuff with him because my dad read my messages as soon as my dad found this out he told my mom they were both aggravated they told me he was just a boy that wanted to get inside my pants they said he wanted me for sex and hes not a christian i took their advice and broke up with him once we broke up for about a month i decided to get back together with him a little after school started my parents found out eventually and i decided to not listen this time i would constantly talk to my boyfriend about what they say about him hows hes not the right one for me and god totally forbids him i would kind of try to break up with him and then eventually i would just never listen to my parents theyre always yelling at me about how i shouldnt date this boy i felt too old to listen to them now im kind of just stuck is the real me religious have i been brainwashed by him i dont talk to my parents anymore about him and my parents think im deceiving because of it they threatened me that if im still with him i cant do track and they wont support me theyve also called me slut and now they called me basically a devil worshipper they say my boyfriend is taking me away from my parents im actually very happy with him they also say im living a separate life at home than i am at school they say they want whats best for me and love me because they adopted me",relationshipshuman sexualityfamily conflictspirituality,what a tough situation you must be in feeling torn between your parents and someone who is very special to you i would say the first thing you want to do is if you havent already have a calm reciprocal conversation with your parents telling them how you feel and letting them know what you need from them if communication attempts are unsucessful then you will need to make a decision with how you would like to move forward you unfortunately will not be able to change your parents feelings or opinions but you can agree to disagree on certain matters by keeping them separate from the relationship you have with your parents it always helps to try and see things from another angle you might want to for example try and understand your parents perspectives and let them know you understand that they are upset validating others feelings can be very helpful with communicating effectively are you living with your parents and do they support you if so are you willing to give that up should you decide to not follow their rules know that there is nothing wrong with being happy with someone or loving somebody so deeply your feelings and actions certainly do not make you brainwashed or a devil worshipper not everyone will always approve of the choices we make and sometimes we need to be okay with that best of luck to you,1,1,T,F,0.8681795001029968
1712,i have bipolar ii disorder im addicted to alcohol and weed and im hopeless i keep drinking even though its harming myself and others,substanceabuse,what an important question im hearing your hopelessness and fear about the damage of your substance use and it sounds like you have reason for concern while there can be negative stigma about using substances for the most part substance use is an attempt to cope with emotional distress in the absence of sufficient coping strategies we all look for comfort when we are in pain and this may be the way that you are getting comfort  even though it is also hurting you in order to stop using alcohol and weed you will need a lot of support and you will need to learn other ways of getting comfort when you are in pain or struggling with bipolar related symptoms there is nothing to be ashamed of and we all need help when we are struggling i would encourage you to reach out for support in any way that you can have you talked with your health care providers about your concerns or friends or family members here are some links of resources in whistler that may be helpfulhttpwwwvchcalocationsandservicesfindhealthservicesprogram_idhttpredbookonlinebccaservice_whistler_mental_health_and_addictionshttpmywcssorgprogramscounsellingassistancehttpredbookonlinebccaorganizationalcoholics_anonymous_aa___squamishwhistler,1,1,T,F,0.9413125514984131
793,i find myself being very outgoing most of the time but there are some times when i dont know what to say i dont even want to talk at all its like i search for the right thing to say and nothing ever comes out i dont know if im outgoing only to fill the void of not knowing what to say i dont know if people like that about me im very selfconscious and always think people are talking about me so it makes me have a cold shoulder and not want to talk,anxiety,would you feel more secure in conversations if instead of talking soon after meeting someone or entering a social situation you simply listened attentively to the other peoplethis way youd have a more secure idea of what topics the group likes talking about and whether you like talking about these topics as wellmaybe you simply are in groups or situations in which you dont care for the people or focusstart by trusting your own evaluation of your true interest in being among the groups in which you aremaybe you simply need new and different groups,1,1,T,T,0.6758702397346497
2225,this is my recovery and i dont feel that it is okay for them to ask this they told me it is policy due to the fact that i may run into a peer there i am a peer counselor in the small community that i grew up in i am in recovery myself i was asked to come work for this organization after i was two years sober i was in treatment in this organization i work with mental health peers and run life skill groups i dont work with substance peers,addiction,you definitely want to make sure not to inadvertently create an inappropriate dual relationship with a client in fact it is not uncommon for state regulatory boards to determine that a clinician and client being in the same  step group is professional misconduct you might want to consider attending a  step meeting that is located in a different community than the one you work in  another option would be to look for oneonone or small group recovery support,1,1,T,T,0.7075272798538208
762,i have not had a friend since i was  i dont go anywhere and i have no job all because im afraid of people,anxiety,individual andor group therapy can be a powerful antidote for social anxiety often in therapy the things that tend to get in the way of our securing satisfying and lasting personal relationships will appear in some way in the therapy relationship and a competent therapist will be able to help you work through this anxiety in a sensitive way and eventually encourage you to seek out the personal relationships that you want in group therapy you have an opportunity to have a relationship not only with the therapist but several other people who are all in the group in order to give and receive mutual support to one another,1,1,T,F,0.7332942485809326
2101,he goes out with her to dinnerbrunchmovies when we are not together we live  hours apart,relationships,would you have the same desire to meet this friend if she were a he if you are concerned that their friendship is a substitute for you when you arent present talk to him it sounds like you are concerned that he is building an emotional intimacy with her and spending time doing the sort of things with her that youd otherwise be doing with him help him understand why this bothers you but try to also be open to allowing him to make friends is the issue that he hasnt introduced you is there another reason you dont trust their friendship,1,1,T,F,0.6746423244476318
1409,i easily recognize this but have no control over it and need suggestions for managing my anger,angermanagement,i suggest that you work on emotional awareness emotional awareness basically means knowing what you are feeling and whyemotional awareness also means that you can identify the link between the way you are feeling and your actions in other words knowing that your feelings dictate what you dooften feelings of hurt or insecurity can come out as anger if we cannot properly identify and express the feelingsbeing emotionally aware also means that you are able to express your feelings to others being unable to do so leads to feelings of frustration and being misunderstoodmany people for many different reasons are not in touch with their emotions for example men traditionally have been brought up taught to not express sadness or weakness therefore many men learned to turn feelings of sadness insecurities or fears into anger and express these feelings as anger being taught not to feel a certain emotion does not make that emotion disappear instead it makes us learn how to express it in other incorrect ways if a man never learns to say i am sad or that really hurt my feelings and instead lashes out in anger then the response they get from those around them will be to the anger and not a response to the underlying true feeling which will leave the man feeling alone and misunderstoodyou can control yourself and not explode walk away remove yourself from the situation do whatever you have to do to not lash out instead of reacting the way you normally would go somewhere by yourself and think about what just happened and try to understand why such a simple thing upset you what is the real feeling driving these outbursts maybe you can begin to recognize an underlying pattern it might help to keep an anger journal write down everything that gets you upset that might help you see a pattern and pinpoint what may be setting you off talking with a therapist about this would be beneficial in helping pinpoint the underlying cause of the outbursts you are experience,1,1,T,F,0.895732045173645
3525,"i just took a job that requires me to travel far away from home my family and i really need this job

people keep telling me i have anxiety and im terrified of having an anxiety attack on the road this is all new to me what can i do",anxietycareer counseling,anxiety can cause such a feeling of discomfort in our bodies that it can seem unbearable the concern that i can hear in what you have written is that the thought of having some anxiety has now left you uncomfortable with any anxiety at all  and that can become a problem indeed as opposed to thinking about your anxiety as something much bigger than you it could be helpful to start breaking it down what are the things specifically that cause you anxiety about this new job is it being away from your family if so why once you start breaking down what causes you to feel anxiety into smaller mouthfuls then we are far better able to understand what has led to discomfort and start to problem solve the issue,1,1,T,F,0.5650174617767334
3828,"ive been bullied for years and the teachers have done nothing about it i havent been diagnosed with depression but i have been extremely sad for years

how can i deal with being bullied at school when the teachers wont help",children  adolescents,thats a very difficult situation that you are in but you are not alone i have several schoolaged clients who find little to no assistance from their teachers at their schools regarding bullyingthere are a few options that are available to you to help deal with being bullied at school one option that i would suggest is for you to talk to your support network friends and family can sometimes be good sources of support another option would be to speak with us about your counselor if you have one and third there are some excellent online sources of support regarding the bullying at school wwwstopbullyingorg,1,1,T,F,0.5028618574142456
2314,"i nanny a three year old when he wakes up in the morning he calls out for someone to come get him if i am the one to go get him out of bed he gets really upset and refuses to let me near him he screams that he wants his mom or dad they work from home    the rest of the day he loves me but not in the mornings
   what can i do",childrenadolescents,it seems like you are being extra hard on yourself here  the behavior he exhibits is pretty normal for a three yearold  sounds like he may feel more emotionally dysregulated upon waking and wants one of his love sources to help him stabilize that  its probably more instinctual and not personal to yougive yourself some credit for how things are the rest of the daythats information that youve done well  you even describe that he loves you  thats hugeeither way im sure its jarring to go through that in the mornings  is there a routine you use to help him make that transition  i dont know what his parents rules are but there could be some ways to incorporate some predictable structure  maybe that means his favorite toystuffed animal paired with his favorite cartoon  you seem very caring so its probably likely you are already offering some compassionate response to his upset  it may help to have him take a couple deep breaths with you if hes able to help selfregulate  he may not be responsive to that and thats ok  either way it sounds like this is only happening upon wakinganother thoughtdo his parents know this is happening  maybe they have some ideas about how to help soothe him or perhaps they have some strategies they can use the night before eg talking to him about the emotions of the morning hours  let yourself off the hook thoughyou seem to be doing a wonderful job with this kiddo,1,1,T,F,0.9224858283996582
1244,"im a young adult woman and i have trouble finding my true identity being at home this all started when i had a boyfriend about  months ago my boyfriend and i were dating for a couple months and decided to get in to sexual acts at the time i was pretty religious but i let this happen i dont know why i felt kind of guilty but mostly because i know my parents wouldnt like it my parents are very religioustheyre christians we did things every time hed come over to my house we didnt have anything to do at our house so we would get tempted to do things when wed watch movies by ourselves
   one day my parents found out i did this stuff with him because my dad read my messages as soon as my dad found this out he told my mom they were both aggravated they told me he was just a boy that wanted to get inside my pants they said he wanted me for sex and hes not a christian i took their advice and broke up with him once we broke up for about a month i decided to get back together with him a little after school started my parents found out eventually and i decided to not listen this time i would constantly talk to my boyfriend about what they say about him hows hes not the right one for me and god totally forbids him i would kind of try to break up with him and then eventually i would just never listen to my parents theyre always yelling at me about how i shouldnt date this boy i felt too old to listen to them now im kind of just stuck is the real me religious have i been brainwashed by him i dont talk to my parents anymore about him and my parents think im deceiving because of it they threatened me that if im still with him i cant do track and they wont support me theyve also called me slut and now they called me basically a devil worshipper they say my boyfriend is taking me away from my parents im actually very happy with him they also say im living a separate life at home than i am at school they say they want whats best for me and love me because they adopted me",spirituality,what a tough situation you must be in feeling torn between your parents and someone who is very special to you i would say the first thing you want to do is if you havent already have a calm reciprocal conversation with your parents telling them how you feel and letting them know what you need from them if communication attempts are unsucessful then you will need to make a decision with how you would like to move forward you unfortunately will not be able to change your parents feelings or opinions but you can agree to disagree on certain matters by keeping them separate from the relationship you have with your parents it always helps to try and see things from another angle you might want to for example try and understand your parents perspectives and let them know you understand that they are upset validating others feelings can be very helpful with communicating effectively are you living with your parents and do they support you if so are you willing to give that up should you decide to not follow their rules know that there is nothing wrong with being happy with someone or loving somebody so deeply your feelings and actions certainly do not make you brainwashed or a devil worshipper not everyone will always approve of the choices we make and sometimes we need to be okay with that best of luck to you,1,1,T,F,0.8681795001029968
385,over the years i have slowly lost everything my jobs my cars my freedom and my money i am a stayathome mom who doesnt make any money doesnt have a car never goes out and cleans all day long everyday,depression,there are an infinite number of possibilities here you included a lot of things that you dont have is there anyway that you can have some freedom for a few hours a week at least a lot of times stay at home moms have groups when they meet at different public places where their children can play together and they can talk together i dont know how old your child or children isare but perhaps going back to work is something that can happen in the futurei wonder if you may consider who you have in your life who can support you i dont know whether you have a spouse or parents or siblings who could help out with some different things i wonder if you could consider where you would like to go if you had two or three hours that you could do whatever you wanted if you can sort out some possible answers to that maybe you can work together with friends or family to make it happenalso again depending on the age of your children some parents can do things while the children are sleeping even if you are in the same room for example if your children are sleeping for about two hours maybe  minutes of that could be reserved for you and the rest could be for cleaning or other things you need to do,1,1,T,F,0.5295255780220032
265,i have twin toddlers i experienced a death of loved one prior to giving birth i had a horrible break up with the father people told him he was using me for money my exboyfriend had extreme meltdowns every day for three years im always alone with no friends,depression,seems like youve really been through the ringer without much of a break  just reading through the details you put in the question i hear a couple things  one is that you seem like a helper  thats not bad at all though other people taking advantage of your nurturing qualities and not giving that back to yourself can really zap your energy  seems like you were the one that had to take care of your ex for a very long time  think about what that takesa lot of patience great emotional awareness flexibility to adjust to needs and change plans etc  what that also means is that you probably had to focus so heavily on him that you werent able to give any of that attention to yourself  the great part is that it doesnt look a whole lot different when you give that to you vs someone else  selflove and selfcare is a really important piece of managing anxiety and depression as you learned with your exthe other thing i noticed is that it sounds like you maybe tend to peopleplease  this is common with people that are helpersthey are almost a package deal peoplepleasing is really about abandonment  its derived from a fear that if you arent exactly what people need they may have negative feelings toward you and ultimately abandon or reject you  may also stem from a need for peace if you grew up in a chaotic home common with kiddos from domestic violence backgrounds though that usually has some type of connection to abandonment as wellas far as anxiety management goes theres so much you can do  its hard to say what will work specifically for you but first thing that might help is to understand your triggers  what gives you anxiety  is it general and seems to come out of nowhere  or does it buildup and get worse at a certain time of day  i find that many people who have unresolved grief and depression tend to cycle through those symptoms and anxiety because theres so much stress and pressure involved in the cluster of issues that those circumstances tend to bring  sorting those things out can be toughif you need help from a friend or counselor its never too late to reach out  it doesnt matter if it happened last week or  years ago  if it matters to you its relevanti hope some of this helps and you are able to find someone in your life to lean on  you arent meant to be alone,1,1,T,F,0.8845986723899841
1037,i feel like im ugly stupid useless and that i cant make anyone happy,selfesteem,check out my blog post on  fourwaysaddselfesteemfriendslisti hope this offers you some nuggets of helpfulness,1,1,T,F,0.9407244920730591
1632,i have no idea what happened i go places and do things but still feel lonely i honestly have no friends and i am always the one texting people and bothering people i feel invisible like someone that no one wants to be around,intimacy,a lot of times any and each of us creates what we need for ourselves by seeing other people as creating these circumstances and situationsis it possible that at this time period in your life being alone is positive for sorting through your true values or sorting through key situations in your lifeif yes then possibly you are giving yourself some alone time even though to some degree being alone is not your first choiceat the very least since you arent happy with being the one who texts others then some alone time may encourage new thoughts and ideas creating more open space within you to attract other people who do enjoy texting you firstalso most relationships are not forever  is it possible you are at a phase when some relationships are simply closing down so that you have clear space within your life for new and different activity,1,1,T,T,0.6098228096961975
328,i have a severe back problem ive had  major and several minor operations but im still in constant pain how can i deal with the depression from this chronic pain,depression,chronic pain at the back likely results from a few areasll kidney zone most likely lower backbone spurs fused discs and slipped discs caused by connective tissue weakness and calcium deposits used to neutralize highly acidic areasthe depression will evaporate when the chronic pain is drained out through natural meanspharmaceutical means will simply extend the pain and cause it to deepen over time not solving the problemremember medical doctors suppress natural doctors cure,1,1,T,T,0.8375306725502014
1946,ive been with a man for four years for the last year he has said he is done but he still talks texts visits and has not moved on with anyone else his words do not match his actions i love this man but its hurting so much,relationships,if i understand you correctly this maybeboyfriend has done a partial break up and wants to maintain a partial relationship  is that ok with you  and if it is what does it cost you  he says hes done but still wants the connection  that seems to leave him free to explore other options but it doesnt allow you to do the same  break ups are painful and i know youd like to avoid that  i get it that you feel attached to him  you have been in a relationship with him for  years so that makes sense  however loving him appears to be costing you a lot without much in return if you wait for him to define what he wants you could be on hold for a long timeplease dont wait another year to advocate for yourself  see a therapist who can help you figure out what you need out of relationships and why you have allowed yourself to be on pause   it is possible that once you get clear you will be able to have a true relationship with him  if not please dont settle for this  take good care of yourself,1,1,T,T,0.7508548498153687
3848,"im in my late teens and live with my dad  the only time i go out is for my college classes sometimes when i see my friends i want to talk with them but sometimes i wont want to talk to them for days or even weeks 

sometimes i feel im not worth knowing or im never going to do anything right

are they right am i depressed",depression,im alway wary of assigning a term to a feeling as often that term becomes more important than the feeling itself from the very little that you have written it is clear that you are going through something that has made you extremely low affected your selfesteem and motivation limits your enjoyment of formerly pleasurable activities and affects your feelings of selfworth all of these are aspects of being depressed though you can be depressed and still not have depression counseling is definitely a place where you can go and sort out why you have had such a sudden a drastic change to your mood sometimes our mood can be effected by changes in our routine losses or significant disappointments talking with someone will not only help you to better understand why you are feeling this way but they will also help you to ground yourself and learn strategies and tools to help you to manage your mood and strategize for the future i do hope that you will reach out feeling alone can be harmful over long periods of time as it can stop us from seeking out the support we need,1,1,T,F,0.9085698127746582
1635,i didnt trust my wife when i found out that she had a new guy friend that she was texting and calling i investigated him before i found out that he was gay and that there was nothing going on now all my wife and i do is fight about trust,intimacy,hello being unable to trust your significant other certainly can cause one to feel unsettled has your spouse ever done anything questionable that would cause you to not trust her if so then it will take time and some work to gain the trust back couples counseling would be of benefit if not then you may want to consider seeing a therapist on your own in order to better learn where your insecurities come from there are several possible reasons why you may be feeling insecure but without knowing them the issue is not likely to get resolved in the meantime i suggest that when youre feeling upset and are unable to trust what your wife saysdoes think before you speak ask yourself if you have valid reasons to not trust her instead of arguing try and communicate how youre feeling and let her know that resolving this trust issue will be a top priority for you so that you can focus on other aspects of your relationship hope it all works out for you both,1,1,T,F,0.750883936882019
647,i have a panic attack at least once a week and suffer from severe anxiety,anxiety,im sorry youre going through that  panic attacks are terrifyingone thing to start with is knowing that panic attacks are not going to hurt you and your anxiety will come down with time  fighting that process can sometimes heighten symptoms because your brain wants the message of panic to be heard  some of the best ways to counter that message is through focusing on the present moment through sensations or breathing  taking deep breaths allows your body and brain to slow down sending the message that theres no present danger  focusing on the present can also send the same message as anxiety typically throws us into the what ifs of the future  if you search google or pinterest there are tons of methods you can use for thissome people prefer to focus on colors shapes smells textures etc while other prefer to pay attention to internal sensations  there are also apps that can help with these techniques such as calm and headspace  they work best when you arent in a panic attack or when you feel one coming on  if you are already at the peak of an attack they can still help it just may take a bit longer  some clients i have like to track their anxiety with a scale system  lets say you scale your anxiety at an  out of  do some breathing exercises for  minutes then scale it again  its likely the anxiety decreased at least to a  or   doing this can give you some physical proof that you have some control over your body  you can also scale it without the breathing to see how it just fluctuates on its own  anxiety will always go down and you can see that happening via numbers  this method will let you see the light at the end of the tunnelthere are other ways that might work for you via a quick google search or through therapy  keep trying new things until you find what works best for you,1,1,T,F,0.6689074635505676
1742,she constantly tells me what i am doing wrong for once i want her to be proud of me its like no matter what i do she does not have one nice word to say to me she is always hateful towards me and always has been,familyconflict,the sum total of your value and worth does not get to be decided or measured by how your mother feels about you ideally she would be supportive but that does not seem to be the case  providing yourself with love acceptance validation and knowing your worth and that you are valid despite her she could have her own demons she is fighting and projecting taking them out on you typically whatever people throw at us is more of a reflection of them verses about us  when she says something that hurts you rewrite it in your mind and for your own sake mentally proves her wrong  i hope you can detach from the negative words she projects to you and see the great person you are at your very core by your very existence  these two videos could be of great support help my parents are my biggest triggerselfesteem  worthiness affirmations  remember your worth and value,1,1,T,F,0.9230012893676758
675,ive been having horrible anxiety for the last week i cant sleep i get a sense of doom and its hard to breathe i feel like nothing i do makes it better,anxiety,that really sucks to go through  there are tons of ways to work with anxiety both directly and indirectly that can help with what you are dealing withdo you think you may be experiencing a panic attack  sounds like you are feeling some dread about what will happen to you and physical symptoms common with attacks  panic attacks are the bodys way of trying to alert you to danger whether that is real or perceived  its not something your body does against you but instead to keep you safe by keeping you in a state where you could react quickly run fight etc  this can happen even if there arent any real threats and you logically know you are safe  even if you arent having panic attacks that heightened anxiety can still feel really awful and exhaustingwhat have you done so far that is not working  when the brain is in that danger mode talking it down tends to be unsuccessfulthis is very evident in bounds of research we have on how the brain functions  the part of the brain that senses threats and triggers anxiety responses reacts more effectively to body signals to relaxsuch as controlled breathing  mindfulness breathing techniques have a lot of value for this reason and there are many options available apps like calm and headspace youtube guided videos etc  try to keep in mind that having anxiety doesnt mean that you are actually in any danger and mindfulness is not meant to be an escape  it does help to regulate and make you feel more in control of your body  your anxiety will always come back downyou can even track it to see the realtime changes that happen  its normal for it to rise and fall a few times during a panic attack so if you notice a rise it has no meaning other than that youre body is normally going through its anxiety responsei think seeing a doctor is a great idea to rule out any other issues happening within the body  some medical issues can materialize as anxiety and depression  depending on your symptoms they may even suggest a medication developed for these issuesanxiety is one of the top researched symptoms so we do have tons of research available on what works and whats less effective  we know that talking alone doesnt reduce the bodys fear response unless talking is the method of exposure talking about a traumatic experience talking within a group if you have social anxiety etc  for the brain to learn you are safe it takes experience via exposure while riding the wave of anxiety  for example if you fear vomiting you would expose yourself to things that remind you of vomiting and breathe through the anxiety you feel without avoiding the triggers  that would teach your brain that those triggers are actually benign and would no longer  create that panicky response itd be difficult to say what that may look like for you or even if you need that but it could be worth connecting with a counselor even online to discuss these options  the brain is always flexible to some degree to change so hang in there while you figure it all out,1,1,T,T,0.5927568674087524
3628,"i want to live with my mom my dad gets angry and makes me feel like everything is my fault i still talk to my mom although my dad tells me that im no allowed to im scared i will make the wrong decision and that my dad will hate me 

how do i tell him that i want to live with my mom",family conflictparenting,there is a lot of information that needs to be filled in first so what the custody arrangement does your dad have full custody is the custody shared what does your mom think about the situation is she willing to go to bat for youwhat is your age usually you have the right to choose based on age requirements set by the statelegally you cant be kept away from your mom unless there is some legal complications that prevent itis your father abusive and should you seek protectionmany details need to be filled inyou can seek counseling without your parents approving or knowing depending on your agefind counseling through school or local agenciesyou have rights and one of those is the right to choose,1,1,T,F,0.5856143832206726
360,i feel like i am internally screaming all the time externally i am calm but i have this intense unidentifiable emotion constantly i dont feel sad i dont cry a lot i feel rather emotionally distant other than the internal screaming it kind of feels like im a caged animal,depression,it is hard to make a definite diagnosis however i would say  that it could be and or a combination of depression stress ptsd etc  more background information would have to be needed  one thing i would say is that you really need to seek guidance from a professional to work through these symptoms  if what you described as a caged animal is released all the crying sadness and controllable emotions will come out  that would not be good when they do  get help before they do,1,1,T,F,0.6581228375434875
510,my two adult sons live with me one has been having panic attacks and hasnt been able to work for over  months he doesnt want to get help im feeling so overwhelmed what can i do,anxiety,my very first thought is this is so much to carry on your own  a mothers instinct is to care for her children so i can imagine how hard it must be to see your son in pain and struggling  i hear a ping of helplessness in there as well  thats heavymy question is who is supporting you  i know nothing about the context but i wonder if the role you hold often is that of caretaker  it may not be that the endallbeall answer is to be cared for but the absence of care or even selfcare can seem like we are only existing for others  sometimes having someone to rely on can help take off some of the edgethe pressureof all that is overwhelmingdespite that it may be that the situation continues to be exactly what it is providing a steady stream of stress for you which would be so difficult  i dont think anyone can tell you what to do because no one here has to live with those consequences good or bad  just a note that sometimes with men it is harder to reach out for help  perhaps he feels comfortable enough for you to know hes struggling which means you have provided him a safe space to do just that but not comfortable enough to interact with a stranger about those same struggles  men often avoid therapy because its seen as weak andor means you need help  planting seeds here is sometimes all you can do as hard as that isas far as supporting goes theres much more you can do there if he is ready to receive that  if you are seeing him in the midst of panic the best thing you can do is let him know you are there for him  maybe that means being there physically or continuing to give him encouragement along the way eg you got this i know this is hard etc  if you arent present for the attacks but hes telling you about them you can ask what you can provide for him in those moments or how you can help him afterward  panic attacks can be taxing on the body so sometimes people need time to recover  remember that you also need to recover here too  its very painful to watch someone you love panic  what might you need thereof course counseling can be a great place to work through that stress and overwhelm  that time is all for you to be heard and understood  you deserve to have someone there for you too,1,1,T,F,0.927394449710846
1809,its the way my mom said i was worth nothing stupid no point of being in school im lazy little fat,familyconflict,there is nothing wrong with going to summer school,1,1,T,T,0.8158197999000549
1166,im a teenager and i just got my first job i am a month and a half in yesterday my boss pushed me to the point where i had to go to the restroom and cry she didnt see me and im glad but when i went to talk to her about it today i let a tear or two come out i hate it i feel like theyre not going to keep me anymore,workplacerelationships,getting your first job is an exciting terrifying and challenging experience it is something you will remember for a long time and it shapes how you begin to think about yourself as a worker you are literally learning as you go in this completely new environment you are going to make mistakes you are not going to get it right the first time it can be even more challenging if you are having a difficult time building relationships that are supportive at work a couple of things to remember here  you are there to do a job and you are getting paid to do it  there is a reason or reasons for you wanting to be there and do that work  you know best what you need in order to be successful these three items can be helpful to remember especially when we feel our emotions are taking over in a place where we do not feel safe to express them fully if you feel like your supervisor is approachable meaning someone you could talk to because they express confidence in you let them know you are nervous about doing a good job also let them know how you learn new tasks information or expectations so they can deliver the message in a way that you understand becoming a successful worker doesnt happen overnight but each day you can identify what works for you and what doesnt by communicating with your work team the easier it will be for you we all had a first job once and were all worried about doing well hang in there and call a counselor if you need more help,1,1,T,F,0.9846711754798889
2451,is it normal for people to cry during therapy or is it just me,counselingfundamentals,absolutely its normal to cry in therapy sessions sometimes clients have stories they never shared with anyone or never said out loud and that results to crying crying is a normal reaction to feeling hurt or sad or sometimes angry i welcome all crying to my therapy room,1,1,T,F,0.8866780996322632
1394,i have not been able to really sleep i stay up all times of the night not even knowing why every day i feel like i have anger inside of me i have a little family but i cant open up to them like i want to i have a son and i feel that i take my anger out on him by screaming at him,angermanagement,best question iswhat are you so angry about  you cant stop being so angry until you figure out what is the root of your anger  if you feel like you have anger inside while i am sure you do  taking it out on your son is only passing on the hurt and anger  this will be inside him too  get some professional help so that you can be happy and have a happy child,1,1,T,F,0.6992247104644775
1130,i got married in  i have a two year old son his mom and i decided to separate due to my infidelities weve tried to reconcile our differences but it never works out since weve been separated ive dated someone and we are expecting a baby girl is this something i should mention to my wife the current woman whom im dating has been telling me for months to break up with her but its hard because i actually love her,relationshipdissolution,my answer is yes you should tell her because you have a child with her she is the mother of your son and this new baby would be his half sister i think telling her is mature and appropriate usually procrastinating just makes it worseanother thing to consider would you want her to tell you if she was pregnant with her boyfriends baby hope this helps take care,1,1,T,T,0.5962749123573303
2020,my boyfriend is in recovery from drug addiction we recently got into a fight and he has become very distant i dont know what to do to fix the relationship,relationships,my empathy goes out to you relationships are tough enough and im sure your partner being distant has been upsetting for you you are confused and want to mend the relationship with him but are finding it so hard to do relationships require both people to work consistently in order to keep them happier but if it is only you that is actively trying to repair the relationship it can be emotionally draining perhaps expressing you feel using i you statements can be beneficial do not accuse him or use you statements like you are so distant  or you dont even carestart out sharing your feelings by saying i feel sad when you dont return my phone calls or i feel confused about our relationship ever since you have been keeping to yourself he may have a valid point or might have been hurt by the argument and retreated as a result of it regardless of why use this time as a great opportunity to practice healthy communication if you think you are not ready for a conversation like that couples counseling can be excellent you will have a skilled facilitator guide the conversation and help you both communicate with one another,1,1,T,F,0.9781121611595154
3561,"i have a mother who is still running my life even though im almost  years old i want to move out and live my own life but it feels like as long as i do what my mom wants our relationship is okay its never okay if i dont do what she wants 

i dont know how to start making my own decisions and not worry about  whether its right in her eyes  would it help for me to talk to someone about this",family conflictrelationships,absolutely  having someone whos outside the situation and even more so with knowledge and experience in human behavior and relationship dynamics such as a counselor can do wonders in helping us feel less alone in frustrating situations like the one youre currently stuck in with your mother  a professional can also assist you in finding some assertiveness techniques communication strategies and coping skills to help you find your voice and stand your ground in a way that feels most authentic to youin a healthy parentchild dynamic there comes a normal developmental shift when as the child reaches each new stage of maturity and responsibility the parent backs off to provide a more supportive role instead of directive role  we call this redefining relationships  we also do it with our friendships and colleagues here and there over time as needed its absolutely vital sounds like your mom may have missed that memo like many parents she may feel your behavior and choices is a direct reflection of her  or that her role as your mother allows her greater latitude than it should  or like many other people in general that her way is the only way  regardless this is your life  and as far as we know its not a dress rehearsal  you certainly dont want to wake up some  years from now regretful or resentful that being said there are certainly ways to show her love and respect while doing what makes you happy i would encourage you to google therapists near you whose bios resonate with you and what youre looking for and start on a the journey towards a new chapter of freedom and hopefully a deeper more satisfying motherdaughter relationship for both of youwarmest regardstamara powell lmhc,1,1,T,F,0.6237474679946899
1648,we make love once per month is it normal,intimacy,to begin with whats normal for one couple isnt going to be normal for the next every couple has their own normal and thats important to keep in mind your sexual lives will ebb and flow what id be more curious about is the quality rather than the quantity of the sex you are having id also want you both to refocus on building up your little daily moments of connection i wrote a post about exactly that a while back and you can find it here,1,1,T,F,0.5679518580436707
2079,i had to go to the emergency room today to get an xray of my spine my boyfriend didnt want to sit there and wait with me instead he wanted to go do things for his friends while i waited when i was done he was twenty minutes late in picking me up he doesnt understand why im mad and we keep bickering at each other over the smallest things he thinks i dont have a reason to be mad but i believe that i do,relationships,it is extremely frustrating when our significant other doesnt understand our points of view often times arguments are not the best opportunities to try and make a point as strong emotions can get in the way of understanding others perspectives try having a discussion with him about what is bothering you during a time when neither if you are upset or arguing communicate how you feel without placing blame and without yelling addionally give him ideas of what he can do differently so that he understands what your expectations are lastly consider seeing a couples therapist who can assist with teaching more effective communication techniques best of luck,1,1,T,F,0.9165661334991455
930,when my son was a teenager we sent him to live with his dad because of the constant disrespectful attitude a week after he graduated his dad made him leave because of the same issues all four parents tried to talk to him and he just refuses help all around he is now living with his grandparents he had a job and took steps to get his license and an insured vehicle i thought he was heading down the right road and then he tells me he quit his job because he didnt like it i just dont know what to do,parenting,probably the best way to be supportive of your son is to tell him what bothers you about the way hes handling himselfif youd like him to work with your suggestions then before you make critical comments be sure to validate his strong points and to recognize his natural talentspeople are much more likely to take advice if the person feels the criticism is spoken by someone who respects them and isnt only critical of themoffer your availability to talk with him if you genuinely feel available to speak with him in a nonjudgmental way,1,1,T,F,0.9501736760139465
771,ive been experiencing a lot of anxiety and panic attacks lately i was recently diagnosed by my psychiatrist with obsessivecompulsive disorder lately ive been questioning everything from my career to my relationship my boyfriend and i just moved in a few months ago all of a sudden i dont feel as comfortable around him as i used to although i cant seem to find a reason as to why i feel this way,anxiety,how is your boyfriend responding to your discomfort around himhas he told you that hes noticed changes in youthe good news about a relationship is that you can talk about matters with the other person  doing so can only help clarify feelings and what either of you expect from the relationship  given that the two of you recently moved in together it is natural for new dynamics feelings and expectations to arise  it just adds to the reasonableness of talking with each other about how living together feels to each of youpsychiatrists earn their living by diagnosing people and telling them to take pills  very often just being told the person has a condition makes them feel fragile and less capable than they actually areanxiety and panic attacks do mean that there is a great deal of emotion and situation needing to be addressedit is the normal sign of having to address many or deep matters   be patient and give yourself time to learn the details of your relationship and whatever the career particulars are that are bothering you   youre apparently selfaware since youre the one describing your own problematic situations  keep the label of being disordered aside  psychiatry labels do more good for psychiatrists than they do for people who are trying to live their lives,1,1,T,F,0.724075198173523
973,just wondering if this is a deviant act and if i should be concerned for him he isnt quite ,parenting,well its certainly unusual and potentially could be cause for alarm its a passive aggressive act if done intentionally so i would wonder if this child is trying to say somethingi think without any context however or sense of whether there are other signs of disturbance its impossible to say whats going on if there are other signs of distress or very unusual behaviours you might bring the child to someone who can assess him properly,1,1,T,T,0.6095679402351379
798,whenever i leave my girlfriend i get panic attacks im taking medications to control them but im thinking of moving in with her since i get so anxious,anxiety,im sorry to hear that you are currently experiencing panic attacks i hope that the medication you have been prescribed has provided you with some relief unfortunately i dont feel that moving in with your girlfriend would alleviate your anxiety although you may feel very anxious about leaving her your body is reacting to this stressful event in your life in an unhealthy manner you may be able to render this particular situation but its likely that you may experience another panic attack when an additional stressful event arises therefore it is essential that you address the reason for why you are experiencing panic attacks in the first place followed by practicing coping mechanisms in the case that one would arise in the futuretalk therapy has shown to be effective with those affected by anxiety along with breathing exercises and yoga a trained therapist will be able to assist you in finding the right stress reducing method so that you can reduce the chance of another attack occurringi wish you the best of luck it sounds like you are very happy in your relationship and i hope you are able to reduce your anxiety so that you are able to enjoy one another,1,1,T,F,0.8203747868537903
1119,my wife just last week said she wants a divorce and its all sudden i understand that marriages have their ups and downs but i dont understand why she cant tell me why she wants a divorce should i fight for my family daughter and wife,relationshipdissolution,chances are if you really think about it there were signs that something wasnt quite right in your marriage you may have passed these things off as being the normal ups and downs of a marriage but whatever it was or wasnt its obviously bothering your wife i would say yes keep trying to fight for your family at least until you know what the problems are from your wifes perspective and if theyre repairable ask your wife if shes willing to try to work on the marriage and then see a marriage counselor just be sure youre open to hearing whats said and try not to get defensive if she blames you for some thingseven if your wife is adamant about getting a divorce that doesnt mean youre divorcing your daughter and you should make sure she knows that continue to be a part of her life and although it may be difficult if a divorce does happen try to be as amicable as possible with your wife so your daughter isnt further impacted by this new family dynamic,1,1,T,F,0.6221343874931335
1676,my wife is trying to leave she agreed to come back and give me a little time even said she hopes i can do it we buried our first born in jan  years ago she never got past it so every year around this time she gets emotional and says she doesnt think she loves me but then we go back to normal this time another guy came in and showed her attention ill forgive the cheating if shell come home,griefandloss,im sorry that you lost your first born child  death of a child always leaves a permanent reminder to the parents of a very painful time in their livesthe good news is your awareness that you and your wife are not connected in a satisfying waythere are many possible areas to examine in your relationship as partners and as parentsif what you write here are your observations and theories about your wifes outlook and conclusions then the first step is to directly have conversations together on the topics you write herewhat needs clarifying is what her reasons are for wanting to leave the marriageoften a crisis such as a childs death motivates someone to look deeply into other intimate relationships  keep in mind that looking deeply doesnt necessarily mean leaving the marriagealso be aware of your own frustrations and marital discontent  be ready to talk about your feelings and uncertaintiesthere is no such thing as one happy partner in a marriage and one unhappy partner   each person is part of a system and can only be as satisfied as their partnerthe conversations that open relationship hurts and disappointments hold a lot of emotion  they are difficult to keep on trackbest recommendation is to find a couples therapist who will be neutral to each of you as individuals and help both of you examine the true health of the relationship,1,1,T,F,0.8396830558776855
3000,"i need answers to my anger possessiveness and urges
i am angry all the time i push people away so much that i actually blow up on people now because they ask me how my day is or was i have a possessiveness to someone who is not even mine i have these urges to hurt someone really bad i want to see them beg for me to stop hurting i want to hear their agonizing painedfilled voices what is wrong with me",anger managementsocial relationshipsrelationships,what result are you hoping to get from the behaviors you describemaybe start by comparing the results you see yourself receiving from your current interactions with how you would wish to feel from relating to otherssince you ask what is wrong with me there is a disconnect between what you are doing and what youd like in returnthis is true even with imagining doing harm to otherswhat are you really trying to accomplish for yourself by hurting othersbesides the unethicalness and criminality of this and legal consequences of arrest for such behaviors what gain which is not evil do you expect from overpowering and imagining you control another human being,1,1,T,T,0.6690554618835449
911,i have four children one of them is in her s and she cannot afford to go nor can i pay for her she went last year for two weeks by herself,parenting,i imagine you are trying to figure out a way to be fair to your adult kids  the key word is adult  if your daughter can afford to join the family for a vacation thats great shes welcome to come  however as you pointed out she took a vacation by herself last year  she chose to put her resources time off work and money into doing that  good for her  she did what she wanted  if she wants to budget time and money for a family vacation she willas for feeling guilty let me echo the sentiments already offered  vacations are lovely but not a survival need  your girl is in her s and its her turn to provide for herself  you did your parenting  now go enjoy your vacation with whoever can and wants to join you,1,1,T,T,0.8496645092964172
1649,when having sex i think of other men and want other men all day long been married  years together  what do you think,intimacy,sustaining passion in marriage is tough stuff its a relatively modern dilemma you are facing with perhaps unrealistic expectations of what marriage should be it sounds like your definitions of love and sexual passion have merged together thats both common and confusing intimacy and sexuality within your marriage are bound to ebb and flow resparking your passion will involve growing using your sexual drama and fantasies as windows into discovering your needs security and wants desires marriage is a people growing process you mature into one another and to achieve fulfillment your continued development will be required,1,1,T,T,0.737824022769928
1209,my fiancé and i come from a strong christian background but both went off the straight and narrow once before he is having a hard time accepting my past especially that im not a virgin he has a hard time in general accepting himself and others    his insecurities are hurting our relationship how can i help him let go of my past and decide to live in the present,spirituality,seek deliverance from parts of your past youre struggling to let go ask the holy spirit or higher power to help you mentally take those past experiences and lay them in trust at the foot of the cross for jesus to handle acknowledge that holding onto the past is sin because it keeps you from obeying gods call to move on as you will see in the two verses i will list below jesus and the apostle paul are telling us that we have to learn how to let go of our past jesus says that anyone who is trying to move forward in his walk and call for god  but keeps looking back  is not fit for the kingdom of god  but loves you and you are a child of the most high and it is time to cleanse and strip away this resentment  there are energy medicine and eft exercises that i could show you  i will send him some positive vibes ,1,1,T,F,0.8466005921363831
370,i no longer carry expressions on my face and my emotions are decreasing the more i have fights with my fiancée,depression,sometimes repressing anger can lead to depression and block all kinds of other emotions too  i would wonder about your experience with anger and if youve ever been discouraged from expressing anger  i would also wonder if you feel like you have space to express yourself in your relationship or if you feel like you really arent being heard  its hard to feel cared for and connected to someone else when you dont feel accepted by them,1,1,T,F,0.902233362197876
403,i started having anxiety three months ago im new to having anxiety and its making me depressed,depression,one of the first steps is to manage anxiety and depression symptoms are to establish a good selfcare routine  start with the most basic things eating balanced meals sleeping at from  hours and exercise at least  minutes a day  these will help you to regulate the chemical imbalance that affects your mood plus exercising gives you time to vent and be distracted from your thoughts  once basic selfcare is established i suggest that is a good time to start exploring the source of these feelings and address them trough therapy  if you have difficulty initiating selfcare routine talk to your therapist about what motivates you and pushes you to do things you might find the key during the process  you could also contact your physician or a psychiatrist to discuss medication options if its too challenging to begin basic selfcarecómo puedo controlar mi ansiedaduno de los primeros pasos para manejar la ansiedad y la depresión es establecer una buena rutina de cuidado personal  comienza con las cosas más básicas comer comidas balanceadas dormir de  horas en la noche y ejercitarte por lo menos  minutos al día esto te ayudara a regular el desbalance químico que afecta tu estado de ánimo además de que te da tiempo para desahogarte y distraerte  ya que la rutina de cuidado eta establecida es un buen momento para comenzar a explorar la fuente de tus sentimientos negativos y explóralos a través de terapia si se dificulta comenzar a crear una rutina puedes consultar con tu terapista para identificar motivaciones que te impulsen a comenzar  también puedes contactar a tu medico primario o psiquiatra para discutir medicamentos que te pueden ayudar a manejar estos síntomas e iniciar cuidado básico,1,1,T,F,0.5748311281204224
274,im in my early s ive worked since two months after i turned  i have plans i could become an electrician or i could operate heavy machinery i have goals but i do nothing to try to meet them because i dont feel i can i just want a better life for my fiancée and the kids than i did,depression,if youre not following the goals you gave yourself there are two possibilitiesyou dont really like your goalsyou selfsabotage and prevent yourself from your own strengths and accomplishmentsthink through each of theseif youve set goals which arent true to your nature then intuitively some part of you will reject themif you selfsabotage get in your own way from achieving what you truly would like then ask questions of yourself around whether you feel undeserving of success,1,1,T,T,0.7627803087234497
942,shes in her early s and she has a toddler,parenting,well first lets identify what factors are involved in the situation about which you wroteare you the only decision maker regarding your stepdaughter living with youis her dad and your partner living under the same roofwould you feel any obligation to consult with your husband about his opinion and his way of handling the situationhave you talked with your stepdaughter about your observation and your reaction to the fact of her not honoring your boundariesconsider too that there will be an effect on the toddler your grandchild if you kick out your daughteris your daughter financially ready to live on her own and support herself and her childyou certainly have the right to define the terms of what goes on under your roofit is only fair to everyone that as many variables as possible be consideredthe conclusion may be that it is in everyones best interest for your stepdaughter to move outif everyone feels respected and a well thought out plan is developed then the least amount of hurt and stress and the most amount of happiness will be possible from this change,1,1,T,T,0.7505375146865845
741,i am so terrified of having sex anymore because i have been told over and over that sex is dangerous even though me and my partner used both forms of protection my partner is not happy about this and simply wants more sex and honestly i want to give that to her,anxiety,i would suggest possibly talking with a physician about all the different types of protection they may be able to help you to know about all of the options that are availableit sounds like your partner is open to understanding your concerns perhaps until you have the chance to speak with someone about the effectiveness of different contraception and forms of protection are either of you open to other forms of engaging in sexual intimacy without penetration but with use of vibrators toys designed for sexual interactions etc,1,1,T,T,0.8037996292114258
1154,ive been in an on an off relationship with a this man for almost  years even though i care about him he continues to hurt me    he and his wife were separated when we met now hes going through a really difficult divorce from her and is taking it really hard i want to end this relationship but i dont feel like i can how can i let go,relationshipdissolution,hello and thank you for your question boy ending relationships is tough isnt it sometimes its tough even when we are  sure that it is the right thing to doi am going to give you some of my thoughts and hopefully some colleagues will add some others one of the things that i want to point out is that letting go is not really a thing in other words its not really something you can reach out and grab its more of a process this is good news because you dont necessarily have to be at the end of the process to end an unhealthy relationship we just have to accept that there will be feelings that come up even after the relationship is over for example someone can end an unhealthy relationship today but then be reminded of the good times on what would have been their anniversary this could make the person very sad they may even regret ending the relationship for a little while it would important then for the person to remind themselves why the relationship needed to end and that they are healthier because of it this is relevant for you its hard to walk away from a relationship we fear all kinds of things including being single sometimes its helpful to compare what you are getting out of the relationship to what you want from a relationship its helpful to be honest about what we have given up for an unhealthy relationship its fine to admit uncertainly about ending things its okay to be afraid its okay to have moments of doubt and sadness along with a dash of guilt and even with all of that someone can still leave if it is the healthiest thing for them they can have sadness later on and still not go backit sounds like you are feeling responsible for making sure he is okay because of this divorce the truth is that there is not necessarily a perfect time to end any relationship there would be no guarantee that he would be doing any better after the divorce sometimes not making decisions stresses us out a lot more than making a decision and living with the consequences both good and bad you may be at that crossroads be wellrobin j landwehr dbh lpc ncc,1,1,T,F,0.9060946702957153
1802,im an adult facing problems with my mom shes way too controlling she decides things for me disregarding whatever i say i tried explaining my side to her calmly but she eventually gets angry and doesnt wish to listen to me regardless of how i speak to her,familyconflict,the part of your life which is in your control is the way you handle what your mom does and the way she talks to youit is possible the two of you have very different opinions on a great number of matterseach person including you has the right to decide whether and how to respond to someonestick up for your own right to make decisionsif she doesnt accept your independent viewpoints then this doesnt give away your right to have these viewssince she makes herself clear as to her unwillingness to listen to you then consider this as an easy way to avoid directly speaking with her about whats on your mindif she ever shows an interest in your opinions and you feel like discussing these with her then feel free to make this choice,1,1,T,T,0.6973471641540527
2005,i have suffered many things at home and school we never went to the doctor to diagnose depression or anything like that but i always feel like a part of my heart is missing i try to fill it in with objects or in this case a woman,relationships,maybe the reason is not having confidence in the love you give to yourselfpossibly you consider the quality of your selflove as inferior to love someone else gives youthe best way to push through to your own selfcomfort and acceptance is to be aware of this tendency so you can remind yourself to practice appreciating the unique love you give to yourself,1,1,T,F,0.7408732771873474
384,im not the same anymore i dont know how to get back to who i am im sad and confused and angry and tired i dont sleep well,depression,being tired can really affect almost everyones ability to work through things that make them sad confused or angry among other emotions if youre having difficulty sleeping try to get into a habit of going to bed and waking up close to the same time every day also consider only using the bed for sleeping so your brain knows that its time to sleep when you are in bed if you are not sleeping while you are in bed consider getting up and reading a book or doing something to make you tired before going back to bed hopefully youll be able to establish a patternsometimes sadness and other emotions make sleeping very difficult as well try keeping track of your moods to see what is leading up to the changesif youre still struggling consider talking with a therapist about the specifics andor maybe talking with your primary care physician there are natural sleep remedies that he or she may recommend for you,1,1,T,F,0.9106906652450562
391,i stopped for a while but ive started doing it again its like an addiction the more i try to stop the more i want to do it ive tried doing some of the stuff they say to do like draw but it doesnt work,depression,ive heard people say that they cut themselves as a way to feel relief from different emotions youre also right that when you try to focus on just not cutting it becomes more difficult because its what you are focused on while that is still something to work on it may also be helpful to find something else you can do instead you said drawing doesnt work for you sometimes more physical activities such as doing a few jumping jacks can be helpful if you dont exercise it might be something to talk with your doctor about firstthe more you can learn about what makes you want to cut the easier it will be to find out what you could do to change that try talking to somebody about what you are feeling in addition to the urge to cut,1,1,T,F,0.631706953048706
2062,me and the father of my child have been dating for a year we had a big argument and at first he wanted to work it out but with time he started asking others and they told him to leave me now he wants me to wait on him to mature he wants to talk to other people then come back in four years he doesnt want to deal with me while im pregnant he doesnt take me to the doctor or anything i feel alone how do i handle this situation,relationships,well as far as your boyfriend sounds like he has received advice from others that is not wise advice  leaving is not the answer after a big argument as you mentioned  however this is not surprising to me based on his possible age and maturity level  having a baby is a lifetime responsibility and there are very few who handle this or who realizes that it requires one to step their game up  this is something that he has to realize and be encouraged by his parents or a mature adult to do  hopefully someone who has better wise advice will talk to him and he will listenas for you  how do you handle this situation is your questionyou do what you have to do to prepare for your baby with or without him  a lot can happen in four years and you dont have time are not required and cant wait to see what will happen with him  you have a life to prepare for  to feed to protect and to love  can you tell your baby to wait i dont want to deal with you now i need to mature i will be back to see you later hope you will be fine  nope   as i always say you are not alone because there is someone somewhere going through the same or similar thing  develop healthy friendshipswhether with family friends or new people who may enter your life  your support system will grow and life will go onwith or with him  stay focus on you and your baby,1,1,T,T,0.5739688873291016
389,i think i may suffer from depression and it is affecting my life and sleep i am on my parents insurance and they wont let me see a therapist because they dont believe in it,depression,the answer here really depends upon your age and something called the age of consent in the state where you live in pennsylvania anyone over the age of  can provide consent for their own treatment as for billing purposes try talking to some local agencies if you are under  you may be able to have medicaid out of medical necessity so that you can have treatment if you are over  there may be some discounted rates at some agencies because of the situation youre in maybe your primary care physician will be able to refer you to some local agenciesif you are in school you may be able to talk with a guidance counselor or someone at the school this would not require using your insurance,1,1,T,T,0.6971882581710815
1242,im a christian teenage girl and i have lost my virginity my boyfriend is a christian teenager too but things just got out of hand between us in a sexual manner i planned to abstain from sex but i guess i wasnt clear about this because i was also tempted and led him on we continued to have sex does it mean that he isnt the one god planned for me were so young but that doesnt stop me from dreaming of a potential future together i really do feel like he is in my life for an important reason im incredibly happy for i was able to escape from several abusive relationships because of him i love him very much,spirituality,having sex with your boyfriend is and was a mistake mistakes can be forgiven and you can make amendsbut it is not the end of your relationship or gods will for youhave a serious talk with your guy and get back on track with where you want to be talk to a counselor or your priestpastor get someone to be your guide and mentor check in with them regularlygetting back to square one could actually strengthen your relationshiphave a plan for the future where you will not be put into a place of temptation group dates public places and no alone time where temptations might ariseforgive yourself and move on,1,1,T,F,0.5911335349082947
1811,my boyfriend and i have been arguing every night about the same thing he also tells me that if i go visit my mother out of state he will be gone when i get back he and my mother do not get along what should i do,familyconflict,a relationship gets weaker not stronger by threatening control of the other personstart by telling your boyfriend to keep his remarks about you and the interests he is in which you two disagree limited to these areasyour relationship with your mother is between you and herregardless of how much he doesnt like her to not respect your mother daughter relationship is unreasonable and disrespectful toward youthreatening to take action against you by withdrawing himself from your relationship is almost guaranteed to harm the good feelings between the two of youdoes you boyfriend dislike your mother for any reason having to do with her being a danger to youask his reason since if he does this from concern for your emotional or physical safety then this is good sentiment which is handled incorrectly by a threat to youwhat you should do is ask your boyfriend to not threaten you and to calmly talk about the topics you bring up here,1,1,T,F,0.5503904819488525
1920,i have no self control over food most people stop when theyve had enough but i keep eating for the pleasure of it especially with sweets  im never done eating dessert,eatingdisorders,hello im so glad you decided to write in today this is such a great question and im sure many others will relate to exactly what youre describing there are a few different ways we can look at in understanding your concern first i think its important to understand food is just food food is meant to nourish our bodies provide us with energy and yes sometimes reserved for special occasions and celebrations but in many cultures we place a lot of emphasis on food we have food at every gathering and every celebration whats more people have come to almost expect food to be present at any and every gettogether and if its not well then forget about it i see this time and time again with my clients donuts appear in the office and its almost like donuts have never been there before must eat one or two however we need to remind ourselves that this occurrence or similar ones will not be the last time we can enjoy this particular food it is likely the office donuts have happened before and they will be there again on another day during these moments i like to have my clients employ a stopandthink method stopandthink about your goals before you eat is this donut getting you where you want to be also i have my clients ask themselves how special is this donut if the donut really is a special donut from the best bakery in town and youve never been there before then now might be a time to have the donut but if not it would be wise to pass and wait until that special donut another aspect we need to remember about food is to think about what were getting from overindulging or overeating are you trying to drown out other emotions are you trying to feel better and the food gives you that feeling for a brief moment what else is going on this can be determined by utilizing what we describe as a thought record a thought record involves tracking and identifying thoughts and feelings associated with food triggers by targeting the emotions we can then determine where theyre coming from as well as how to decipher them a therapist can also help you with understanding your emotions related to food and will be helpful in assisting you with the thought recordthe most important thing to remember is that food addiction can be a real problem for a lot of people if food is taking over your life and you are preoccupied and overwhelmed with knowing where to start please seek out help binge eating is the most common eating disorder and impacts the lives of thousands there are lots of free resources and information on my website at wwwmaddenwellnesskycom in addition i offer individual coaching and counseling through my website and i would love to help amber,1,1,T,F,0.8526486754417419
1628,about a month ago i went through my boyfriends phone and found him messaging his exgirlfriend that he was dating before me he gave her a promise ring when they were together and he still had it hiding in his memory box in our sons room i found many things on his phone but that broke my heart the most he deleted all the messages but two i cant help thinking they were talking about the old times together or something like that it really kills me and i cant stop thinking about it,intimacy,your sense of hurt is very understandabledo you and your boyfriend have an agreement on looking through each others phonesi ask because the overall problem sounds like lack of trust and that there may be a difference in what each of you wants and expects from your relationshipprobably if the two of you talk about these topics and you each become clear as to the commitment status of each of you to the other youll have more clarity as to what either of you would like from the otherwith this new level of clarity his  past relationship involvements will likely be less meaningful once you have clear definition of the two of you as a couple who he was as a past partner to someone else will matter very little,1,1,T,T,0.715216338634491
1617,my fiancé and i have almost the best relationship every girl wants but lately its changed i get less attention and little to no intercourse he works a lot and goes to the gym a lot hes a football player for an indoor league but he has no time for me we live two hours from family and when i leave home to see family hell text me saying whatever and leave me alone but when were together everything is okay no fighting or anything i love this man but i just dont know what to do anymore,intimacy,hello it doesnt feel good when it seems that your partner no longer cares or cares less for you especially if your feelings have not changed it can be scary frustrating and lonely have you tried talking to him about your concerns i would suggest to start there there may be several reasons for his actions some of which may have nothing to do with how he feels for you learning about what is going on for him will likely answer your questions and depending on his response may cause some relief when initiating conversations about subjects that are sensitive there are a few things that you want to remember tell him how you are feeling and what you are experiencing rather than blaming him or telling him what he is doing wrong avoid using extreme black and white language ie always and never for example you may say something such as i feel confused that we are rarely intimate and im wondering if youve also noticed this change versus you are never intimate with me anymore dont be afraid to ask him questions you deserve to know what is going on as his behavior is effecting your well being i like to ask openended questions instead of yes and no questions it allows for more clarity and deeper explanation lastly ask yourself and possibly him what part you play in the recent changes does he feel that youve been distant does he need something from you let him know that you are willing to work things out as a team if communication attempts fail seeing a couples therapist can be a great benefit having an objective party to coach you through this difficut time can give you the support that will create lasting changes in your relationshipbest of luck to you,1,1,T,F,0.9364455938339233
1366,my roommate is a unapologetic person who doesnt care who she hurts she never apologizes to me or my family she made me lose my temper today to the point where i was using swear words in front of my mom and brother,angermanagement,"anger is a  secondary
emotion figuring out what you felt before the anger hurt embarrassment disrespect
once you identify the underlying feeling you can address the anger",1,1,T,F,0.9140332937240601
1033,on the first day of school i wore a bra that was too big so that it would look like i had bigger boobs i did that the whole school year and my parents never found out but now i can never hang out with my friends at my house or invite them over because it would be around my parents and my friends would see there is nothing there on my chest    how do i fix this,selfesteem,i get how you feel you wish your body looked different and youre embarrassed that you tried to make it look different and people may notice you dont say how old you are its likely that if you are young your body will change as you mature but in general were given the bodies were given and im glad to see that there may be a desire in you to accept your body the way it is you seem to want to stop disguising it bodies come in all shapes and sizes and every woman knows how it feels to struggle with accepting what hers looks like many men go through this as well although women are more often targeted with cultural messages about how were supposed to look young people often believe that others are noticing and judging them in fact other people are far more preoccupied with who might be judging them than whatevers going on with you i suggest you wear whatever bra you want to wear and if someone is rude enough to comment on it you can ignore them and talk about the weather or the latest pop song that you love and theyll get the hint but my bet is they wont even notice ,1,1,T,F,0.735742449760437
102,im dealing with an illness that will never go away and i feel like my life will never change for the better i feel alone and that i have no one    how can i overcome this pain and learn to be happy alone,depression,"the power of acceptance is key  changing your attitude to one of more a positive
outlook as we as finding things
activities places you enjoy and that uplift your spirit doing what feels good
and finding joy in all things you may enjoy this very short video  break to rebuild",1,1,T,F,0.8057803511619568
1402,i have a really bad temper i get mad very easily then stay like that the whole day i dont mean to be that way but i cant help it,angermanagement,a lot of times the anger someone expresses is from feeling a deep level hurt within themselves   a surface situation like a store told you theyd have delivery of a certain item by tuesday and when that particular tuesday comes the store doesnt have what they told you they would and you are furiousthe fury may have more with many times before in your life having been deeply let down by someone who mattered to your life at the time who similarly promised something and failed to deliver whatever itif at the time of feeling let down by someone important in your life the relationship didnt allow for honest expression of all your emotions youd have learned to hold in what you realized would not be tolerated if you expressed it clearlywithout practice of being heard when feeling hurt by someone eventually the person possibly you learned to contain and contain your emotionsit is possible that the anger you feel at a variety of situations lately are muting hurt feelings that youve understood from relating to meaningful people in your personal history to not talk aboutas a way to find out if you feel other emotions in addition to anger take some time to reflect on what triggered your anger and whether its possible that hurt emotions which nobody whom you know wants to hear  are really the underlying source of your upseti hope you will enjoy some new discoveries about yourself and your emotions,1,1,T,F,0.8689703941345215
1813,for the past week or so me and my boyfriend have been fighting he has been making a lot of bad choices and he is currently hospitalized im barely eating or sleeping because im constantly worried about him everyone else in my life says that i should just forget about him and walk away what should i do,familyconflict,forgetting ones emotions is impossiblesince you are in a relationship with this guy your emotions keep your feelings active toward himdoes he respect your upset with his lifestyle choicesare the two of you having conversations about your opinions on himyoure as entitled to dislike what he does as he is to like what he doessince youre together in a relationship respect for the others values and how best to live life mattershe may be as unhappy about your dislike for his lifestyle as you are with histry to know whether hes willing to change to accommodate youstudy whether youre willing to change to accept his wayssee whether the two sides are close enough to be different from one another and still be happy togetherthen if the answer is no you can consider to separate from him and your emotions gradually will recuperate from leaving the relationship,1,1,T,F,0.9203903079032898
410,my dad passed away when i was a teenager i never got any help and five years later i feel like i cant handle it anymore,depression,its never to late to get help with grief  get help as soon as possible before you are feeling the same way  years from now  you will always miss your dad but getting help with coping with his loss will make life easier to live,1,1,T,F,0.7854807376861572
997,im always told im not good enough or trying hard enough i put  in to every thing im worn out ive worked on all of my family relationships im doing great in school im kind to those in need and otherwise i stick to my religious beliefs and leave room for mistakes and learn from others so i dont have to make as many and the ones i do i learn from  somehow its still not good enough and nothing i do works nothing has changed and i feel hopeless any suggestions or ideas,selfesteem,hello and let me say first what a great question there are so many people putting forth their  everyday and often times do not get the credit they deserve without being able to fully understand where youre question is coming from i think there are a couple of different ways to look at this questionfirst i think its important for us to consider the message being sent by those in your life stating that youre not good enough is that actually what they said or is this just what you heard sometimes because of our own selfdoubts and fears we skew and misinterpret the messages we receive from others again listen to the message being sent and attempt to remain objective is the message being sent coming from a place of love or concern if so have an honest and open communication with that individual about what your concerns are regarding the amount of energy and time youre spending on being good enough explore with them how you feel your already giving your bestif the person is unwilling to work at understanding this concern you have then it may be time to explore the relationship some relationships we engage in can be toxic especially if the other person is toxic it may be they have their own stuff going on and they feel the need to constantly put others down to make themselves feel better if youre in the direct path of this individual then it serves to reason you will probably be in the direct fire as well explore whether or not you want this relationship to continue in your life if its a relationship that must continue then work on what you will do to distance yourself from their toxicity or their problems until theyre willing to work on these issues for themselves then it may be necessary to find an exit strategy such as leaving the room or simply refusing to engage in the conversation another perspective of this question is exploring the reason why its important for you to satisfy the expectations of these other individuals no one will ever be  good enough for everyone every single person has their own set of expectations in themselves and expectations in others it would be impossible to satisfy all of those expectations for every single person in our lives the question becomes what is it within you that feels the need to meet these expectations there is most likely a part of you yourself as an individual that feels less than and feels as if you yourself are not good enough it then becomes impossible to every feel good enough for others because its really you youre trying to feel good enough for if you already feel as if youre doing everything you can do to be at your best version of yourself then really work on letting go of the rest no one is perfect and striving for perfection in our lives only creates more anxiety and stress find a middle ground in which you are happy with your accomplishments and your daily goals and learn to let go of whats left after all tomorrow is a new day and you can work on more of your goals tomorrowi recommend doing this by finding a mantra a statement or phrase you can repeat to yourself anytime you start to feel that sense of stress and pressure from striving for perfection the mantra can remind you to let go of this expectation you have for yourself or that others have for you so you can also let go of the stress and anxiety surrounding the expectation i leave you with one of my favorite quotes that perhaps you can use as your mantra no one can make you feel inferior without your consent   eleanor roosevelt,1,1,T,T,0.6038637757301331
1340,my supposetobe father told me to go find my real dad we havent been getting along since i was a teenager if i said one thing that he thought was wrong i always got degraded he never said i love you he never gave us hugs hes always called me horrible names i feel hes an evil man with no feelings,trauma,hi louisiana you got it righthes supposed to be your father its tough enough being adopted unless im reading it wrong i think youre adopted what you dont need is to be verbally abused by someone whos supposed to love and protect you i dont know how old you are past teen years though or where your mom is but i bet there are other people in your life who treat you differently its your right to spend your time with the people who love you properly thats a really important part of learning how to be happycarefully choosing whos going to be in your life its tricky to put emotional distance between you and your supposedtobe father but its possiblephysical distance avoid him if you dont trust youll be treated with respect and emotional distance feeling less connected to and affected by his relationship disability i think youre already doing that part because you dont blame yourself for his words which is wonderful i dont know if hes evil although i believe evil exists but he may be incapable of loving properly or lacking empathy as you suggest a good therapist can support you in these goals i wish you the best in your growth as an independent adult ,1,1,T,F,0.8889830708503723
1991,my exboyfriend and i have been back and forth for over a year now hes in his late s divorced for like five years now with two kids he has a lot of narcissistic behaviors he lies and cheats but i love him ive tried to date other people but i always go back to him,relationships,try to figure out why you go back to himlove is never enough reason to sustain a relationshipthough your love may feel and be very real the fact of the frequent breaks show that some quality or dynamic within the relationship is not satisfying enough to sustain the two of youalways people are better off with some time separation between relationships  this gives a chance to know what you were looking for and dint find in the ended relationshipdating other people before you have time to understand what did and didnt work well in a relationship will make the new dates seem like a lacking comparison to the first guyalso lying and cheating are very demoralizing  maybe your higher self tries to take you out from this situation and you first need to strengthen your spirit in order to follow your own best interest,1,1,T,T,0.5034675002098083
2709,my girlfriends grandma passed away  months ago they were very close she took care of her till she died things kinda returned to normal few weeks later last month it feels like we hit a brick wall intimacy fell off i asked whats up she says she cant connect with anyone and that its not me she used to be very open and expressive now she gives short answers and has no interest in sex or any touching  when we did have sex in the last month something felt really off now im very insecure about us and have thoughts of her cheating she says otherwise but i dont know it just feels like something is really off,relationships,grief has a huge impact on us and everyones reaction is different the one common reaction however is to shut down and distance ourselves her relationship with her grandmother was close given she took care of her up until she passed it sounds like she is working through a difficult loss and her ability to connect with you or anyone else is likely low right now trust what she is telling you and try to be there for her as she works through it if she finds it too difficult to connect again a good grief counselor can help her get back on track,1,1,T,F,0.9367630481719971
974,my boyfriend has a child he gets every other weekend he goes to see her twice a week or more every time she leaves he gets into these funks like when his mom died when shes here shes disrespectful and his answer is well i dont know what to tell you she swears and talks back and he laughs he and her mom have been apart for three years and he blames her behavior on that and her being so young we never have adult time when shes not here shes the golden child and he wont listen to anyone,parenting,hi lockport building a relationship when there are already children involved is very tricky you dont tell us whether you live together or not if you do your position is perhaps more difficult because his daughters behaviours affect you you live in the home a bottom line for me is you dont tell someone else how to parent thats for your boyfriend to decide when hes there hes the parent and he makes the decisions about how she is disciplined or not even if you have good ideas or you completely disagree or you think you see something that hes not seeing its simply not for you to interfere there it sounds like your boyfriend is struggling emotionally and needs support he has had a lot of losses in his life and maybe every time his daughter leaves he feels powerless and abandoned do you talk about these things can you find that line of supporting him but not telling him what to doalthough i suggest you leave the parenting to him what you can do is tell him what you see offer suggestions if hes open to it and talk about the ways in which the situation affects you it makes sense to say i see you struggling and i dont know how to help ive noticed that you seem afraid to discipline her are you aware that its coming across this way do you need help or i feel sad and frustrated when we dont spend any time alone together you sound a bit resentful of his daughter is it possible that your real struggle is about whether youre ready to be in a relationship with a man whose priority is his childyou have a voice and its great to offer support and ideas and let him know how you feel ultimately however you are wise to accept this man as who he is and accept the situation for what it is and make your own decision about whether you want to be a part of it ,1,1,T,F,0.9706262946128845
953,i want to live with my mom my dad gets angry and makes me feel like everything is my fault i still talk to my mom although my dad tells me that im no allowed to im scared i will make the wrong decision and that my dad will hate me    how do i tell him that i want to live with my mom,parenting,yes from what you wrote your dad doesnt accept responsibility for the way he feels and blames you for his feelingsim glad you recognize hes handling himself less as a grown person and more like a young childi also understand your hurt and frustration that your father handles himself in a way which shows for now that he is unwilling to respect your wishesyour decision is not surprising since most people wouldnt want to live with a parent who shows little interest to respect their kids decisionsin terms of how to tell him your choice do this in simple and most basic information terms   ive decided for now to live w momi suggest to not offer reasons to him bc he doesnt seem interested in hearing them   giving him reasons would likely trigger him to rebut themif he asks questions answer them as simply as possibleif and when you feel he is more willing to understand and know you then youd feel more free to have genuine dialogue with himright now he doesnt seem very ready to handle this,1,1,T,F,0.5301886200904846
2339,how do therapists classify the type of personality their clients have what characteristics do they look at to decide what type of personality the client has ive read about this online but id like to understand this from a therapists point of view,diagnosis,this is a great question and i am happy to have the opportunity to explain my approach when i am determining what type of personality a client has i take my time and really absorb their lens point of view to themselves and others determining a personality type takes some time getting to know the person and building rapport after taking time to get to know them and learning about their view they have of themselves and others it is important to pickup on more specific personality traits which comprehensively contribute to a personality type clinicians including myself often witness certain traits that are enduring and consistent which indicate a type of personality for example if a therapist is noticing that a client is exhibiting traits of organization needing to be on time planning and perfectionism these traits contribute to the type a personality in addition to utilizing clinical judgment clinicians often use personality assessments and follow the guidelines of the dsm icd,1,1,T,F,0.6131294369697571
1588,we have been together over a year we spend time together every day no matter how busy he started to be unusually fatigued and losing weight he also began to be distant and sexually selfish we had a argument and he confided he has late stage stomach cancer he wont treat it,intimacy,i wonder if both you and your boyfriend could have a conversation about what you both want wish for and desire from one another right now that doesnt necessarily mean that your partner will give everything that you ask for but this is one of the ways that he can learn more about what would help you through this and you can learn how you could support him since traditional medical treatment is not something he wantsyou may also consider using some openended questions not yes or no answers to talk about what youre feeling about both about his cancer and about your relationship both of you may discuss different ways that you would like support from one anotheri would also see if he was comfortable with you disclosing this to one or a few of your close friends with him considering doing the same so that you both have support that includes each other and also includes others because there may be days when you both have a negatively emotional day at the same time and would benefit from talking with someone elseit may also be a matter of conversation to discuss what makes you happy together and use those positive moments to help move through more difficult ones,1,1,T,F,0.8752899169921875
1073,a few nights ago i talked to this girl i know about my self esteem issues for the first time we talked for hours and she told me time and again that i was a great guy she told me i was attractive and have a great personality etc i really started to feel better about myself by the time i woke up the next morning now though i cant stop thinking about her but i leave to go back to college in a few days and i go to school  hours away from her so now i feel constantly depressed because even if i told her how i felt it wouldnt matter i feel helpless and i dont know what to do,selfesteem,hey  it takes a lot of courage to share your feelings with someone  and it sounds like you have been lucky to meet someone who makes you feel safe enough to explore some of your more painful feelings  a big part of the process however of strengthening your selfconcept is learning how to tell yourself those positive messages that you heard from your friend  leaving for college may also be contributing to your feelings of unsteadiness  try this  make a list of all of the positive things that you know are true about yourself  ask your friends and family to contribute to the list  then carry it with you in your wallet  and when you need a selfesteem boost take a look at it  you are in a season of life that presents lots of challenges and opportunities  reach out to your longdistance friend when you need support  and take a walk over to the campus counseling center and check out what they might have to offer  be wise,1,1,T,F,0.944596529006958
2680,"hes been losing feelings and he doesnt know why i love him very very much he sometimes thinks im obsessed when im not at all i give him his space and i make sure hes okay but  sometimes i think if me and him saw each other more it would be better
i truly want me and him to get better its kind of hard not to stress about it because the love of my life is losing feelings which is a sad feeling hes a great guy i just dont know why hes been losing feelings towards me hes starting to put less effort in talking to me
at this point ill do anything to just make us better as a couple i tried talking to him but he doesnt like talking about it much advice on what to do",relationships,im willing to bet that this isnt what you are hoping to hear but id suggest giving him space ooph thats a tough one right i know but heres the thing when you keep trying to process and talk it out with him you keep pushing him away he needs to feel like a solid and whole person as you do too to be able to be fully in your relationship its the work of being in relationship to learn this i get that this is tough stuff i wonder outside of being with him how do you soothe and calm yourself thats the stuff for you to tune into and focus on right now,1,1,T,F,0.8938977122306824
2745,in  my former husband of  years walked away from my life and weve been separated ever since we have always been together sexually and both have experienced sleeping with others  i stopped because i wanted my marriage to work out but he did not  if he stops sleeping with other women can our marriage be saved or should we just part ways  i still care deeply about him after all that i did and he has done  but he is seeing someone else on and off for years now  will our marriage still be saved if he decides that he wants to try to do so,relationship dissolution marriage,sorry to hear about the stress in your relationship  there is definite value in being clear as you are about your own emotional investment in your husband and that you expect sexual exclusivity from him as part of the foundation of your marriagealso positive is your awareness that only your husband is the one who must similarly decide his own standards of being sexually exclusive to you or notwhether your marriage can be saved depends on what each person is willing to accept about the other oneis sleeping with other women the only criterion of what will satisfy you about being together with your husbandlove and care are not enough to make a marriage work partners need to be able to compromise and cooperate with each other that you care for him definitely intensifies any emotion you feel toward your husband  it intensifies any frustration and sadness about the relationship toodecide how much emotional sadness and hurt youre willing to tolerate and the reason youre willing to do sofrom what you write you are being very generous of yourself and not being reciprocated for thisif your husband doesnt start taking steps toward satisfying your wishes this may be your time to question your own generosity in waiting for him to do so,1,1,T,F,0.902595043182373
1631,over the course of a few days my wife was unsure about her feelings for me due to constant intimacy issues after she thought things through she came to the realization that she is no longer in love or attracted romantically to me she instead has more of a platonic love and just cares for me as just family at that point she said our marriage was over now over the course of the last few days she has taken a friendship from a coworker she insists there is nothing more than friends but she has spent all her free time with him,intimacy,hi portlandthis must feel like your world is turned upside down for your wife to declare her confusion followed closely by resignation followed closely by a new friend i get how upsetting this isif i was your therapist id want to explore this a good deal because there are several possibilities concerning what might be happening be careful not to jump to conclusions sometimes people have been slowly falling out of love for a long time and often this is due to some perhaps unnamed unmet need in the marriage she may have been coming to this point over a period of time and has only finally said so its also possible that your wife is going through some temporary crisisshes changing and personally unhappy and blaming the marriage for it only she can help herself through this she could get the help of a therapist but its not your place to tell her to do this or its possible shes met this new friend and her attachment to him has clouded her view or clarified something for her  right now its important that you respect your wifes decision to separate if shes asking for that we cant trap people in a marriage if she needs separation or distance then its respectful to give her thatthat doesnt mean that you have to give up on the marriage right now i would seek the support of a therapist who can help you sort out what you want whether its to move on with your life or wait patiently for a period of time i cant predict what will happen here but you can find out what the best path for you is i wish you the best,1,1,T,F,0.8503293395042419
434,im unemployed just relocated i cant get approved for a place to live because of past mistakes which follow me to this day im depressed and on the verge of loosing my partner because im overwhelmed and have trouble functioning on a daily basis i see no light at the end of this tunnel and need some help i see no point in this chaos infested joke some call life,depression,it sounds like you are feeling like things are hopeless and out of control and youre not sure what to do about it if you can find a competent therapist to work with together you may be able to come up with some strategies for alleviating the overwhelming distress that you are experiencing and gain some insight into what may be contributing to these challenges additionally a therapist may be able to support you in getting back on your feet in regards to work a place to live and showing up with your partner in a way that will be more satisfying to you,1,1,T,F,0.7943025827407837
3141,i feel like every time i do something someone asks me to i never fully meet what they want i feel that when i finish it they always think that they should have picked someone else to do it i feel like  they just want nothing to do with me,social relationshipsselfesteem,it sounds like you have the perception that people are frequently disappointed in you wish you were different or someone else and ultimately reject you one question i would have for you is what is your evidence that people feel this way is there anything in peoples words or behaviors that gives you this impression if your not sure it may be useful for you to try to notice what people say and do in response to you even though you perceive these attitudes within them additionally working with a competent therapist may be a great way to get an answer to your question as well as developing ways to move forward with that answer and gain a sense of selfesteem and security in your relationshipsone possibility that comes to mind of which there may be more is that as we grow up we often develop relational templates or sets of expectations about how people are and will relate to us which influence our experiences and behavior in relationships sometimes the templates that we develop to stay connected growing up are not particularly adaptive for adult life and can hamper our selfesteem and capacity for comfortable intimacy as an adult you ask a great question here and one that can be very hard to see through given the difficulty of feeling that people think of you in this way and i hope that you will stay curious about this and consider working with a therapist who is trained to help you discover the answer,1,1,T,F,0.787255585193634
