,Unnamed: 0,question_text,topics,answer_text,q_token_count,a_token_count,a_text_length,proba_F,proba_T,predicted_tf_type
0,2535,"she refuses to talk to me and told my mom her grand mother that she is remembering things from the past i dont know what to do my daughter blames me and swears she hates me

my parents say i should just let my daughter live with her dad but i dont see how i could fix things if i only see her every other weekend what should i do",family conflictparenting,sorry to hear about your high degree of stresshow old is your daughterwho abused yours daughterthe answers make a difference to your decisionobviously if the father was the abuser then unless your ex demonstrates to you and you believe he will not abuse her your daughter should stay with youif someone other than the father was the abuser and the father has a good relationship with your daughter then it is possible that the time away from your household will give each of you time away from arguing with one anotherwhat does your daughter tell you she wantsher wishes must be considered toorelationships can be fixed   sometimes being apart helps this process because the two people each have time to reflect more deeply on what they value about the other,1,1,758,0.2042892829969848,0.7957107170030152,T
1,668,"she refuses to talk to me and told my mom her grand mother that she is remembering things from the past i dont know what to do my daughter blames me and swears she hates me
   my parents say i should just let my daughter live with her dad but i dont see how i could fix things if i only see her every other weekend what should i do",parenting,sorry to hear about your high degree of stresshow old is your daughterwho abused yours daughterthe answers make a difference to your decisionobviously if the father was the abuser then unless your ex demonstrates to you and you believe he will not abuse her your daughter should stay with youif someone other than the father was the abuser and the father has a good relationship with your daughter then it is possible that the time away from your household will give each of you time away from arguing with one anotherwhat does your daughter tell you she wantsher wishes must be considered toorelationships can be fixed   sometimes being apart helps this process because the two people each have time to reflect more deeply on what they value about the other,1,1,758,0.2042892829969848,0.7957107170030152,T
2,1153,i have no idea what happened i go places and do things but still feel lonely i honestly have no friends and i am always the one texting people and bothering people i feel invisible like someone that no one wants to be around,intimacy,a lot of times any and each of us creates what we need for ourselves by seeing other people as creating these circumstances and situationsis it possible that at this time period in your life being alone is positive for sorting through your true values or sorting through key situations in your lifeif yes then possibly you are giving yourself some alone time even though to some degree being alone is not your first choiceat the very least since you arent happy with being the one who texts others then some alone time may encourage new thoughts and ideas creating more open space within you to attract other people who do enjoy texting you firstalso most relationships are not forever  is it possible you are at a phase when some relationships are simply closing down so that you have clear space within your life for new and different activity,1,1,845,0.2274724785167805,0.7725275214832195,T
3,1638,im having a quinceañera and the girls dont like their dresses they never told me and now its a week away i dont know what to do,socialrelationships,how did you find out that the girls arent happy with their dressesdid you hear this directly from one of them or is this third hand information that someone else told you about one of the girls in your partythe answer matters because gossiping instead of directly telling you about a problem is a problem in itselfi suggest a conversation with the entire group of girls in which you tell them how you actually are feeling about their opinions about the dressesone topic you may consider bringing up is what everyone expects to get out of the party  are they coming because they like one another and wearing a dress in which the girl is happy is only one way of having fun togetheryou may learn a great deal as to the difference in values about a quinceaña among you and your friendsi hope youll have a fun party,1,1,811,0.2294504498127397,0.7705495501872602,T
4,371,i am a really shy person im currently in a graduate program which requires lots of presentations but they always make me feel stressed out and less confident how can i get more confident,anxiety,i wanted to share these two short books see below you could also look into working on your throat chakra which deals with speaking your truth selfexpression  being heard  communication crunch high impact communication,1,1,217,0.2426075324698265,0.7573924675301734,T
5,1373,i dont know how to tell someone how i feel about them how can i get better at expressing how i feel,relationships,i wanted to share these two short books see below you could also look into working on your throat chakra which deals with speaking your truth selfexpression  being heard  communication crunch high impact communication,1,1,217,0.2426075324698265,0.7573924675301734,T
6,2782,"we rent from from my boyfriends parents his father drops by unannounced and stays for long periods of time he lets himself into our home when we arent there on a daily basis and takes our dogs to his house he picks up our mail he has no boundaries 

hes an opinionated rude pushy person he expects to spend every weekend around us gives unsolicited advice on child rearing and does not respect our privacy at all he barges in with no warning he has a key and lets himself into our house without asking permission i need help how do i address this",family conflictrelationships,youre expecting reasonable behaviors from your boyfriends fathersince the father is his your boyfriend is the person in position to speak directly with his dad about the expectations you and he have of the fatherif your boyfriend has a good relationship w his dad which is not what this sounds like then greatif your boyfriend has a stressed and tense relationship w his dad then somehow he needs to develop or be coached and encouraged by the people in his life who truly care about and know him a way to state the very reasonable standards you describe hereif all else fails then a new living space is always another possibility,1,1,630,0.2470997235850046,0.7529002764149954,T
7,1227,we rent from from my boyfriends parents his father drops by unannounced and stays for long periods of time he lets himself into our home when we arent there on a daily basis and takes our dogs to his house he picks up our mail he has no boundaries    hes an opinionated rude pushy person he expects to spend every weekend around us gives unsolicited advice on child rearing and does not respect our privacy at all he barges in with no warning he has a key and lets himself into our house without asking permission i need help how do i address this,familyconflict,youre expecting reasonable behaviors from your boyfriends fathersince the father is his your boyfriend is the person in position to speak directly with his dad about the expectations you and he have of the fatherif your boyfriend has a good relationship w his dad which is not what this sounds like then greatif your boyfriend has a stressed and tense relationship w his dad then somehow he needs to develop or be coached and encouraged by the people in his life who truly care about and know him a way to state the very reasonable standards you describe hereif all else fails then a new living space is always another possibility,1,1,630,0.2470997235850046,0.7529002764149954,T
8,840,does this go against any ethical codes are there legal ramifications,workplacerelationships,generally the ethical codes only prohibit relationships with clients there are however a few types of counselortocounselor relationships that are prohibited by the ethics codes such prohibited relationships include those between supervisors and supervisees between professors and students or any time the relationship might negatively impact your or their clients lastly some workplaces have rules against dating coworkers it would be a good idea to check if there is such a rule that applies to you,1,1,499,0.2474664057964085,0.7525335942035914,T
9,1427,i really like this guy and i think he likes me back but his sister is my bestfriend im afraid that if i tell her i have a crush on her brother she would loose it i once told her i thought her brother was cute and she got really angry ive gotten to know her brother better lately and ive realized he may actually feel the same way i dont want to lose her friendship what do i do,relationships,do you and the brother to whom you feel attracted ever see each other or are in surroundings in which the sisteryour friend isntif yes then this gives you the chance to find out whether you and the brother actually do like each otherif no then definitely have a private and direct conversation with your friend about the fact youre attracted to the brotherfind out the reason your friend becomes angry to hear you like the brotheranything is possible from shed like to warn you about qualities in her brother which you may not know and if you did wouldnt like or react negativelyor if protection isnt your friends reason then maybe shes fearful to lose your friendship if you start a relationship with the brotherfriends are people who care about each others lives  let your friendship with this girl work on behalf of each of you,1,1,830,0.2597950579465941,0.7402049420534059,T
10,1420,i met this girl in high school she had switched schools at the end of the year and i have not seen her since its been a few years we had a very good and friendly relationship and we seemed to have a lot in common i never gained the courage to ask her out,relationships,one way to make good use of the situation you describe is to prepare and rehearse within yourself the way youd handle a similar situation in the futuresince a lot of time has gone by since you and this girl saw each other on a regular basis right now youve got no idea if youd feel the same way about her today as you did a few years agothe relationship does point out the priorities and values you hold for a potential partner  that you liked the friendliness you shared is good for you to recognize  this way you realize you like friendship as a relationship property  to have lots of similar interests is another quality you appreciate in a partnerthe more you know about what you do and dont like in a partner the greater your chance to notice these qualities in someone new who comes along your path,1,1,804,0.263969566648399,0.736030433351601,T
11,1108,he said that if i were to visit my mother he will be gone when i get back my boyfriend and i hit a rough patch in our relationship a few months back and my mom had a few choice words with him,intimacy,your boyfriend and you have a separate relationship than your relationship with your mother   by trying to control whether or not you visit your mom unless you are in agreement with this is building tension between you and himask why he resents your interest to see your motherif he is insecure to the point where he fears your mother will influence your opinion about him then trying to prevent you from visiting your mom is itself creating negativity in you toward himif something still bothers him about the problems you both had several months ago then talking about these problems will do more to clear the air between the two of you than him trying to interfere in your relationship with your mother,1,1,705,0.2642642640857559,0.7357357359142441,T
12,2701,"i am in a high stress position for a tech company i am being overworked and underpaid for my contributions and it is not only giving me anxiety but also demoralizing

what can i do to manage my stress",stressworkplace relationships,recognize your reason for continuing to work for this placesometimes overworked and underpaid is tolerable bc of the valuable learning which the person will take with them when theyve decided the time has come for these lessons to endor are you in this place bc it is an easy commute to your home or fits well with other parts of your life such as education or some health related programas long as you have a good reason to be there you will feel there is good purposeif there is no good purpose and every day you wake up to work for a place you cant stand then its time to look for a new position,1,1,598,0.268929582444859,0.731070417555141,T
13,824,"i am in a high stress position for a tech company i am being overworked and underpaid for my contributions and it is not only giving me anxiety but also demoralizing
   what can i do to manage my stress",workplacerelationships,recognize your reason for continuing to work for this placesometimes overworked and underpaid is tolerable bc of the valuable learning which the person will take with them when theyve decided the time has come for these lessons to endor are you in this place bc it is an easy commute to your home or fits well with other parts of your life such as education or some health related programas long as you have a good reason to be there you will feel there is good purposeif there is no good purpose and every day you wake up to work for a place you cant stand then its time to look for a new position,1,1,598,0.268929582444859,0.731070417555141,T
14,1963,"my therapist is gay so there are no sexual issues here however my therapist for six years has made me believe that he cares about me and that we are friends i have loaned money to him many times and he always paid me back

i had a medical emergency last weekend and i was heavily medicated i knew that this therapist came into my home and wrote down my credit card information so he could pay back what he owed me but this therapist dropped me off and never came again  i dont know what to do",professional ethics,im sorry to hear that this has happened counselors are legally and ethically required to make sure that they always put the wellbeing of their clients above their own interests in addition counselor ethical rules and the laws in just about every state make it illegal for counselors to take advantage of a client financially a counselor borrowing money from a client even if the counselor pays it back would usually be considered to be taking advantage of the clientthere are a few options you have at this point if you cant or dont want to continue to try to contact him directly you can file a complaint with your states regulatory board and let them know what has happened  an investigator will then look into the situation for you  another option would be for you to find a different counsleor who can provide you with an independent and netural point of view to help you figure out how you want to handle this situation,1,1,924,0.2692051653042947,0.7307948346957053,T
15,1604,"my therapist is gay so there are no sexual issues here however my therapist for six years has made me believe that he cares about me and that we are friends i have loaned money to him many times and he always paid me back
   i had a medical emergency last weekend and i was heavily medicated i knew that this therapist came into my home and wrote down my credit card information so he could pay back what he owed me but this therapist dropped me off and never came again i dont know what to do",professionalethics,im sorry to hear that this has happened counselors are legally and ethically required to make sure that they always put the wellbeing of their clients above their own interests in addition counselor ethical rules and the laws in just about every state make it illegal for counselors to take advantage of a client financially a counselor borrowing money from a client even if the counselor pays it back would usually be considered to be taking advantage of the clientthere are a few options you have at this point if you cant or dont want to continue to try to contact him directly you can file a complaint with your states regulatory board and let them know what has happened  an investigator will then look into the situation for you  another option would be for you to find a different counsleor who can provide you with an independent and netural point of view to help you figure out how you want to handle this situation,1,1,924,0.2692051653042947,0.7307948346957053,T
16,1294,she is living with her boyfriend of seven years he is in therapy for depression and social anxiety he hasnt worked in all this time,familyconflict,congrats on your upcoming grandchilddoes your daughter want you to break news of her pregnancy to the familytalk with your daughter first whether or not she would like you to tell other family membersalso given the other facts you mention in your post if household and financial management are areas you feel your daughter is vulnerable then bring up these topics toostay open minded about your daughter having views which are different from yours,1,1,447,0.271571546939816,0.728428453060184,T
17,239,i have a severe back problem ive had  major and several minor operations but im still in constant pain how can i deal with the depression from this chronic pain,depression,chronic pain at the back likely results from a few areasll kidney zone most likely lower backbone spurs fused discs and slipped discs caused by connective tissue weakness and calcium deposits used to neutralize highly acidic areasthe depression will evaporate when the chronic pain is drained out through natural meanspharmaceutical means will simply extend the pain and cause it to deepen over time not solving the problemremember medical doctors suppress natural doctors cure,1,1,477,0.2727324968625864,0.7272675031374136,T
18,210,im in my early s ive worked since two months after i turned  i have plans i could become an electrician or i could operate heavy machinery i have goals but i do nothing to try to meet them because i dont feel i can i just want a better life for my fiancée and the kids than i did,depression,if youre not following the goals you gave yourself there are two possibilitiesyou dont really like your goalsyou selfsabotage and prevent yourself from your own strengths and accomplishmentsthink through each of theseif youve set goals which arent true to your nature then intuitively some part of you will reject themif you selfsabotage get in your own way from achieving what you truly would like then ask questions of yourself around whether you feel undeserving of success,1,1,476,0.2757728733768412,0.7242271266231588,T
19,1560,my doctor seems to think i am in danger of having one i neglected to ask how this was different than an episode i have been formally diagnosed with bipolar type ,behavioralchange,i do not think there is such a thing as a psychotic seizure however there is something called a pseduoseizure or psychogenic nonepileptic seizure basically this is when a person shows signs of a fullon seizure such as falling and convulsing but they are not producing brain waves consistent with a seizure psedoseizures tend to be brought on by high stress emotional challenges and trauma history you can learn more here httpswwwncbinlmnihgovbooksnbk still the best way to now what your doctor meant would be to ask them ,1,1,521,0.2792627117357603,0.7207372882642397,T
20,1263,i have known i was always different this year in december i found out that i never felt female i did research and have identified myself as male but dont know how to tell my dad,familyconflict,in part the answer depends on your ageif you are legally a minor then consulting with a doctor for guidance on transitioning will require your father or whoever else pays for your health insurancethe way to tell him if it is a necessity and even if you are older and would like him to know your truth is as followsknow the reason for your hesitancy to speak with himthis  way you can anticipate and to some degree rehearse your answerstell him the truth about your own difficulty to speak about the topic  people usually soften if they feel you appeal to their compassion and sensitivityalso accept that you may hear a bad reaction from him and be prepared for this possibility,1,1,677,0.2935002996492747,0.7064997003507253,T
21,708,im a teenage girl and i feel very bad about my weight i dont know how to make it stop,selfesteem,one way may be to take some sort of physical movement class in which you will be regarded by the teacher as one of the students not the girl who weighs a certain amountin a movement class such as pilates yoga aerobics weights dance when the standard for clothing is somewhat fitted and shows more of our physical bodies than regular clothing and to be considered as one of the students not stigmatized for how much or how little you weigh may help you be as accepting of yourself as the teacher is of you,1,1,504,0.2960122714901165,0.7039877285098834,T
22,1384,"ive been with my partner for  years shes given me no reason not to trust her but lately ive been overreacting a lot when shes just doing normal things i think its triggering my bad past relationships
   how can i get rid of these insecurities and be more trusting with her",relationships,two paths are possibleyoure not overreacting and instead are genuinely sensing that something feels unsettled within your girlfriendyou are overreacting because you have difficulty accepting how safe and loving your relationship is with this personthe only way to find out is to start conversations with your girlfriend on how you feelthis will allow new light to open an answer as to the truthonce you know what truly is going on between the two of you your selftrust naturally will grow stronger selftrust will give you an accurate read of what and whom you are able to safely trust,1,1,584,0.2968379445938177,0.7031620554061823,T
23,2506,"ive been with my partner for  years shes given me no reason not to trust her but lately ive been overreacting a lot when shes just doing normal things i think its triggering my bad past relationships

how can i get rid of these insecurities and be more trusting with her",relationships,two paths are possibleyoure not overreacting and instead are genuinely sensing that something feels unsettled within your girlfriendyou are overreacting because you have difficulty accepting how safe and loving your relationship is with this personthe only way to find out is to start conversations with your girlfriend on how you feelthis will allow new light to open an answer as to the truthonce you know what truly is going on between the two of you your selftrust naturally will grow stronger selftrust will give you an accurate read of what and whom you are able to safely trust,1,1,584,0.2968379445938177,0.7031620554061823,T
24,639,my daughter is in later elementary school she cant color in the lines her words jumble together when she writes unless there are big spaces or she skips lines,parenting,if your daughter is the same age as most of the other students in her class and the other students easily complete the tasks you list here then there is a problem in the performance of these tasks for your daughterwithout knowing more about the context of your daughters life for example is she a new student to the school and class are there major stressors in the home environment does your daughter have friends does your daughter have the same problems she has in school when she is in other environmentsalso who is telling you she has these problems  are you the one who notices what you describe here or is your daughter or is her teacher telling you these factsdepending on your answers to the questions start to get clarity with the classroom teacher and the school guidance counselor as to the source of your daughters problemgood luck,1,1,844,0.2987173990111806,0.7012826009888193,T
25,1131,weve been dating for two months now i have a heavy past that gets him angry does he have a right to penalize me for things i did before i met him,intimacy,not in my book youre only two months in at this early stage this is a bit of a warning sign if he cant accept or feel comfortable with who you are and decisions youve made theres already a level of discomfort here that shouldnt be ignored no he doesnt have the right to penalize you or punish you not just for past thingsnot for anything what he does get to do it tell you how it affects him sureif he feels uncomfortable or needs reassurancelisten to those things but if he doesnt dig who you are maybe he can walk the other way,1,1,529,0.2996391660300909,0.7003608339699091,T
26,787,i got married in  i have a two year old son his mom and i decided to separate due to my infidelities weve tried to reconcile our differences but it never works out since weve been separated ive dated someone and we are expecting a baby girl is this something i should mention to my wife the current woman whom im dating has been telling me for months to break up with her but its hard because i actually love her,relationshipdissolution,my answer is yes you should tell her because you have a child with her she is the mother of your son and this new baby would be his half sister i think telling her is mature and appropriate usually procrastinating just makes it worseanother thing to consider would you want her to tell you if she was pregnant with her boyfriends baby hope this helps take care,1,1,360,0.3034661017602499,0.6965338982397501,T
27,835,ive been suppressing it for quite some time but there are days when i cant make eye contact with her i think she knows and we both admitted there was some type of vibe but the overall discussion was vague i think she could possibly be dating someone that works with us its driving me crazy as an act of expression i have purchased a gift for her thats personalized i havent given it to her yet,workplacerelationships,there are many possible ways dating your boss could go awry and jeopardize your occupational wellbeing so my recommendation is to hold off on presenting your boss with a personalized gift and instead focus on building attraction and romantic interest with someone who is not at the workplace  sometimes the element of power and unavailability can heighten our sexual interest but that doesnt mean its a healthy idea to pursue someone who is in a position of power over you at your workplace,1,1,490,0.3065392816798477,0.6934607183201523,T
28,977,were in an eight year relationship my boyfriend drinks a lot he experienced childhood trauma i dont know how to deal with violent outbursts,angermanagement,you shouldnt need to educate yourself on violent outbursts  he is the one in the position to change his violent outbursts   they are his behavior not yours  all youre trying to do is have a relationship with this guythe one task to do is during a quiet time to tell your boyfriend the way you feel about his outburstshis answer whether he denies having a problem blames you for his problem tells you the problem isnt so bad why are you complaining tells you a lot about his willingness to changewhether or not he considers himself to have a problem and wants to change himself is very good for you to knowthis tells you what to expect from him in future   you can reflect and plan ahead for your own life depending on your tolerance and willingness to live with what he answers you,1,1,781,0.3086409993272915,0.6913590006727085,T
29,1147,my partner and i have had an amazing relationship and connection for over two years were very committed to each other and are planning a very long life together however he recently was very open and honest that he isnt interested in having sex with me anymore he says this has happened in every past relationships and has ended it as a result he knows its because its the same person feeling but how can he get over this,intimacy,i wonder how long anymore will be for your boyfriendsince you both are planning a long life together instead of his custom of ending relationships when he feels bored with the sex he will be facing the situation of being in a relationship and not having sex with his partner to whom he is committedwhat are your own views on the meaning of sex in a relationshipknowing this will help you be better able to collaborate with your boyfriend on finding ways of balancing what you each would like,1,1,491,0.3108358987352043,0.6891641012647957,T
30,1432,"my girlfriend recently started hanging out a lot more with one of her friends who did her wrong in the past and just walked out on her so for the past  years its been just me and my girlfriend things have been great up until the last month now she ignores me and texts and hangs oit with her friend more and more
   i dont know what to do anymore my girlfriend is so distant how do i keep from losing her",relationships,well if you each want to be with the other than no one will be losthave you told her about feeling slighted  start telling her about your feelings  how she responds to you will tell you a lot about where her heart is and maybe too some of the reasons she has been so involved w the friendwho knows maybe the friend has problems of her own and your gf is spending extra time w the friend to help the friend and doesnt even know you feel hurtyou would do yourself and your gf a lot of good to tell more about your feelings  either you will get more closeness and consideration or not  at least you will have the truth,1,1,615,0.3128162418567259,0.687183758143274,T
31,645,when my son was a teenager we sent him to live with his dad because of the constant disrespectful attitude a week after he graduated his dad made him leave because of the same issues all four parents tried to talk to him and he just refuses help all around he is now living with his grandparents he had a job and took steps to get his license and an insured vehicle i thought he was heading down the right road and then he tells me he quit his job because he didnt like it i just dont know what to do,parenting,probably the best way to be supportive of your son is to tell him what bothers you about the way hes handling himselfif youd like him to work with your suggestions then before you make critical comments be sure to validate his strong points and to recognize his natural talentspeople are much more likely to take advice if the person feels the criticism is spoken by someone who respects them and isnt only critical of themoffer your availability to talk with him if you genuinely feel available to speak with him in a nonjudgmental way,1,1,536,0.3133977356757508,0.6866022643242492,T
32,2557,weve been in a long distance relationship for two and a half years i recently saw his phone and saw the people he texts the most and one of them was a  female coworker i dont know how to approach this situation how do i ask him about it,relationships,if youd like to ask a question then go ahead and askboyfriendgirlfriend is a close relationship and it is usually understood as an exclusive relationship  youre definitely entitled to know if your wishes to not have him texting another woman are being respectedoften people are afraid to ask because they fear the truth will hurt themin the short term this is definitely truein the long term knowing you are getting what you want and at the very least stating your expectations to your boyfriend will clarify for him what is meaningful in your relationship,1,1,556,0.3165253439570861,0.6834746560429139,T
33,1349,weve been in a long distance relationship for two and a half years i recently saw his phone and saw the people he texts the most and one of them was a female coworker i dont know how to approach this situation how do i ask him about it,relationships,if youd like to ask a question then go ahead and askboyfriendgirlfriend is a close relationship and it is usually understood as an exclusive relationship  youre definitely entitled to know if your wishes to not have him texting another woman are being respectedoften people are afraid to ask because they fear the truth will hurt themin the short term this is definitely truein the long term knowing you are getting what you want and at the very least stating your expectations to your boyfriend will clarify for him what is meaningful in your relationship,1,1,556,0.3165253439570861,0.6834746560429139,T
34,570,when my daughter is stressed about a silly thing from school she starts crying and freaking out she is a bright student always has a  but i am afraid she is stressing too much im afraid its going to break her i dont know if i should get her to a doctor or someone because this is not normal,parenting,your daughter is suffering from extremes of perfectionism she needs to know that god accepts her as she is i can provide her with a knowledge of her godgiven inborn temperament to help her find her godesteem,1,1,207,0.3184384299392273,0.6815615700607727,T
35,677,my daughter didnt see her biological father for the last three years she doesnt want to see him because she remember really bad things from him such as domestic violence and child abuse the visitation is with supervision but she refuses to see him is it better to take my daughter to the therapist and try to see him after the therapy,parenting,has the father or the visitation supervisor contacted you regarding why your daughter hasnt shown up for the past three years worth of supervised visitationor is the supervised visitation a new development for the bio dad and your daughterif no one is pressuring or expecting your daughter to show up no one has even asked where she is why she isnt present then i dont see any reason for you to offer more effort by your daughter than the father is willing to make for seeing herif your daughter is willing to talk with a therapist then let her find out first hand if the sessions seem useful or notthe one move id avoid is to force your daughter to go to a therapist since growing up in a household in which child abuse took place being forced may remind her of her own feelings from this past of feeling no one heard or cared about the way she wanted to be treated,1,1,866,0.3190184096557521,0.6809815903442479,T
36,2504,over a year ago i had a female friend she turned out to be kind of crazy so i decided to stop talking to her  when she would call me i wouldnt answer the phone this made my girlfriend really suspicious she would ask me why i wouldnt ever answer that phone number i told my girlfriend that i dont want to be friends with that other woman but i dont think she believes me how can i get my girlfriend to understand,relationshipssocial relationships,open and honest communication can go a long way in situations like yours your girlfriend may be suspicious if you dont give her enough information answer her questions fully ask for her suggestions as to how to handle this female friend ask for your girlfriend for help in getting the female friend to understand that you are not interested in continuing the friendship if you are honest with your friend your girlfriend will probably feel like you are being honest with her,1,1,474,0.3206681832732827,0.6793318167267173,T
37,1381,over a year ago i had a female friend she turned out to be kind of crazy so i decided to stop talking to her when she would call me i wouldnt answer the phone this made my girlfriend really suspicious she would ask me why i wouldnt ever answer that phone number i told my girlfriend that i dont want to be friends with that other woman but i dont think she believes me how can i get my girlfriend to understand,relationships,open and honest communication can go a long way in situations like yours your girlfriend may be suspicious if you dont give her enough information answer her questions fully ask for her suggestions as to how to handle this female friend ask for your girlfriend for help in getting the female friend to understand that you are not interested in continuing the friendship if you are honest with your friend your girlfriend will probably feel like you are being honest with her,1,1,474,0.3206681832732827,0.6793318167267173,T
38,596,"there is just no communication at all between us she sleeps constantly all day not at night she acts angry and unfocused and stays in her very messy room all the time the only time she comes out is to eat    she has aches and fatigue weight gain hair loss and skin problems she does not look after her health
   i dont know how to communicate with her she is not open to any suggestions how do i get through to her",parenting,not much to go on  her age medical etc  this can be frustrating seeing a loved one sick  find what interests her or has an influence over her  if you know whymaybe try and allow her to heal  presents things in front of her that give her no choice but to focus on instead of what has put her in this state  what brings her joy good luck,1,1,335,0.3214507628108581,0.6785492371891418,T
39,248,i have been dealing with depression and anxiety for a number of years i have been on medication but lately my depression has felt worse can counseling help,depression,my initial response  consider a more comprehensive mh assessment to determine other factors a medical evaluation is warranted to rule out poor health issues blood work is helpful review what hadnt helped,1,1,203,0.3222539108182579,0.6777460891817421,T
40,1230,im a teenage gay girl and im in love with a girl a few years older than me she loves me too but were not physically together at the moment ive been thinking about being transgender soon too but my family doesnt accept me so i honestly dont know what to do about that because i feel like i have to constantly hide the real me it hurts so much to hide the real me what can i do,familyconflict,many people do not accept the reality of gender beyond male and femaleobviously if your family doesnt accept your questioning status then this feels painfulall you really can do is continue your selfexamination and know youre in a nonsupportive family of doing soto know the truth about your surroundings is much better than to not know and also much better than pretending you are not in your current phase of gender expression questioning,1,1,440,0.3257507327182156,0.6742492672817844,T
41,1287,im in my midtwenties now and my boyfriend of seven years and i want to start a life my mother is  codependent on me and is extremely manipulative she suffers from type  diabetes which she uses to guilt me if i ever leave her the problem is that i will feel guilty,familyconflict,focus more on your own life and less on the very heavy descriptors you wrote to describe your momall the words you wrote represent psychological conditions which are either lifelong or take a lot of motivation and effort to changesince the only person who can change how your mom handles her life is your mom and you are the only one who can do the same for yourself devote more energy and time to living your own life fully despite the emotions you feel regarding her,1,1,468,0.3258682100531562,0.6741317899468438,T
42,551,when my daughter is stressed about a silly thing from school she starts crying and freaking out she is a bright student always has a  but i am afraid she is stressing too much im afraid its going to break her i dont know if i should get her to a doctor or someone because this is not normal,parenting,sounds like your daughter is a high achiever and is keenly aware of what is required of her and what other expectations are for her she may need to speak with someone if this is disturbing her life or causing her undue stress,1,1,225,0.3259487685013793,0.6740512314986207,T
43,642,my daughter seemed to be developing at a normal rate until about the age of  she then started to act younger than she is    now she only wants to play with younger kids and she doesnt act her age i dont know why this is happening is this normal,parenting,this is certainly an important issue to look into it is always helpful to speak with the childs pediatrician since they are most familiar with the childs developmental history also children tend to regress behaviorally when facing events and interactions they feel to have no control over this can be as simple as a loss of a pet a recent move death in the family  andor as serious as sexual abuse and other things if you have not spoken to the school that can be a good starting point,1,1,485,0.3286247924439617,0.6713752075560383,T
44,2771,"my daughter seemed to be developing at a normal rate until about the age of  she then started to act younger than she is 

now she only wants to play with younger kids and she doesnt act her age i dont know why this is happening is this normal",parentingchildren  adolescents,this is certainly an important issue to look into it is always helpful to speak with the childs pediatrician since they are most familiar with the childs developmental history also children tend to regress behaviorally when facing events and interactions they feel to have no control over this can be as simple as a loss of a pet a recent move death in the family  andor as serious as sexual abuse and other things if you have not spoken to the school that can be a good starting point,1,1,485,0.3286247924439617,0.6713752075560383,T
45,1083,shes busy because her mom makes her clean all the time and go out places with her family we dont talk much because of it also we have little fights we want to work it out but we dont know how,intimacy,maybe your girlfriend feels torn in her emotions between loyalty toward her family and toward investing herself in a relationshipthere are so many maybes that the best way to strengthen your relationship is to ask your girlfriend if she feels any pressure from her family to avoid involving herself with youif the answer is no then continue to talk with each other as to what would make you each feel more secure with one anotheralso more simply are the  two of you able to resolve the little fightsdifferences of opinion are normal between two people even to the point of each person feeling they are the only one who knows the correct answeras long as each one of you has the goodwill to give a little then the fights are a healthy way to respect and care about each otherif the fights are about the same topic which repeats itself then there are strong differences between the two of you including the possibility that her family places and she is willing to accept some obstacle to this relationship,1,1,1003,0.3301597625754318,0.6698402374245682,T
46,1233,my mother takes care of niece whom my sister abandoned she calls me every day complaining but i dont want to hear it anymore,familyconflict,then one day when life between you and mom feels calm tell your mom that you arent able to listen to her complaints about your sisterthe truth exists whether or not it is acknowledged   bu acknowledging what feels real and necessary in your life you are helping your mom see what she may not like to see and what nevertheless is right in front of herthere is no good reason or good to come of hiding your own truth about not wishing to continue listening to your mom complain,1,1,475,0.3316655264594772,0.6683344735405228,T
47,832,i believe it is wrong for men to look at inappropriate content the father of my child has agreed to respect my beliefs his coworker sent him an inappropriate video he got mad because he does not think he should tell his friend to not send him things like that,workplacerelationships,from what you write it sounds like youre reaching quite far into your childs fathers way to handle his friendshipstheres a difference between an agreement between you and the childs father to not view porn and with you monitoring and setting standards for your childs fathers way to handle his social lifetry to accept the limits of your request extends to you and the childs father not the way the childs father wants to handle his relationships with other peoplealso pushing too hard or setting your expectations of the childs father too wide for him to tolerate may end up backfiring on youwho knows maybe hell decide enough is enough and withdraw from the otherwise reasonable agreement to not watch porn,1,1,708,0.33195050355815,0.66804949644185,T
48,207,i dont know if i have depression but i have been very sad there are nights that i dont sleep i dont eat all day sometimes i dont have energy to anything anymore,depression,these symptoms are all classic to the diagnosis of depressiona diagnosis itself doesnt help anyone get better  often people say the word depression as though it means something terrible   the diagnosis of depression can be depressingforget matching symptoms with a diagnosismore important to improvement is to know the reason for your sadness  when people become sad there is a reason for it and knowing this reason is the first step to changing the situation which creates the sadness in youthink of depression as a way to slow down and examine aspects of your life and relationships  if you continue at the same pace of living and didnt stop and examine your life then you may not notice what needs changing,1,1,709,0.3437495006832551,0.6562504993167448,T
49,1107,my boyfriend wont touch me intimately he wont kiss me while we are having sex and he wont have oral sex with me i know he has done this things with other women in the past i dont know why he wont do them with me what should i do,intimacy,ask himhaving a conversation about sexual satisfaction increases emotional intimacynot only will you potentially feel more deeply connected from a sincere conversation about your sexual questions maybe this increased emotional closeness will inspire the sexual closeness you wish to receive,1,1,290,0.3451875617523023,0.6548124382476976,T
50,2510,"i have a mother who is still running my life even though im almost  years old i want to move out and live my own life but it feels like as long as i do what my mom wants our relationship is okay its never okay if i dont do what she wants 

i dont know how to start making my own decisions and not worry about  whether its right in her eyes  would it help for me to talk to someone about this",family conflictrelationships,if the only way the relationship you have with your mother feels okay is when she is the only one who makes decisions concerning your life then this only seems okin fact it is not okay for one person to be the authority for another person unless the one for whom this is being done does not have their own ability to think for themselvesseparating your own wishes and way of handling life matters from your mothers point of view may be difficultfirst realize you need to get familiar with feeling at ease with the idea of deciding matters for yourselfyoull need practice until you feel comfortableunless if youve been thinking through decisions youd like to make and the idea of your mothers anger is the only point which stopped you then you may almost instantly start living in a liberated way of running your own lifebasically it is right and fair for you to have the chance to live your life the way you feel is best   be prepared that your mother may disagree with you and that her disagreement is not a reason itself to not do what you believe is in your best interest,1,1,1074,0.3495462914917435,0.6504537085082565,T
51,1268,i have a mother who is still running my life even though im almost  years old i want to move out and live my own life but it feels like as long as i do what my mom wants our relationship is okay its never okay if i dont do what she wants    i dont know how to start making my own decisions and not worry about whether its right in her eyes would it help for me to talk to someone about this,familyconflict,if the only way the relationship you have with your mother feels okay is when she is the only one who makes decisions concerning your life then this only seems okin fact it is not okay for one person to be the authority for another person unless the one for whom this is being done does not have their own ability to think for themselvesseparating your own wishes and way of handling life matters from your mothers point of view may be difficultfirst realize you need to get familiar with feeling at ease with the idea of deciding matters for yourselfyoull need practice until you feel comfortableunless if youve been thinking through decisions youd like to make and the idea of your mothers anger is the only point which stopped you then you may almost instantly start living in a liberated way of running your own lifebasically it is right and fair for you to have the chance to live your life the way you feel is best   be prepared that your mother may disagree with you and that her disagreement is not a reason itself to not do what you believe is in your best interest,1,1,1074,0.3495462914917435,0.6504537085082565,T
52,1154,i love my boyfriend and everything that leads to sex but when it comes to the actual penetration i hate it i dont know why but i just want it to be over i feel like crying i dont know why i dont like it because all of my friends enjoy it,intimacy,does your boyfriend notice that you hate sexif yes then it is a topic which the two of you would gain deeper understanding of each other by discussingif no then possibly one reason for hating sex is that your boyfriend doesnt notice who you are as a person not simply a physical body engaged in sex,1,1,298,0.3505198370125597,0.6494801629874403,T
53,643,my daughter seemed to be developing at a normal rate until about the age of  she then started to act younger than she is    now she only wants to play with younger kids and she doesnt act her age i dont know why this is happening is this normal,parenting,your daughter is fortunate to have an observant parent who is willing to seek out help in this regard regression can be indicative of some stress in your childs life so the issues she is facing should be examined seeking advice from your daughters pediatrician as well as a practitioner familiar with adolescent issues or perhaps play therapy can equip you with insight into the causes of the behavior and give you tools to assist your daughter in learning age appropriate social interactions,1,1,492,0.3513509103571736,0.6486490896428264,T
54,1205,my boyfriend and i recently broke up one week we were fine and the next he told me he needed space he completely deleted me out of his life he does have an opiate addiction he claimed he was sober but since weve split ive heard many lies from him could he be using again and does this addiction affect the mind,substanceabuse,studies have proven that addiction affects the brain there are many coping skills that addicts use to enable their addiction as well  i would recommend that you speak with someone abut your relationship and your concerns  not only so you can have more clarity in the situation but we often tend to gravitate around or toward the same types of individuals  being more aware of your relationship will help you in the future when reengaging in personal relationships,1,1,463,0.3524105372357201,0.6475894627642799,T
55,644,i am a counselor at day camp where we have a child with severe autism we try to keep him entertained by carrying cards around for when he starts acting up so we can get him to focus on something else the day camp administrator has told us not to yell at him because he will zone out and not listen so we just talk in a calm voice however other kids see the treatment as unfair,parenting,behavioral interaction with someone who has severe autism requires highly specialized training both for any professional staff involved with the person and for the family membersit is an unfair situation for both the person who has autism as well as the campers who do not to expect both sides to get along harmoniouslyin order to achieve this the campers would need specialized training to know how to respond to distress in the camper who has autismthis would obviously stretch and burden the summer camp budget as well as provide an activity which usually isnt part of summer camp for childrenwhat you can do which may be productive in helping the camper who has autism is to point out the interaction difficulty to the summer administratorsultimately it is their problem to only take campers who are able to reasonably adjust to socializing together and from what you write the administration has overreached whom they consider reasonable camper mates,1,1,955,0.3557706172539662,0.6442293827460338,T
56,893,my good childhood friend died suddenly as a teenager i havent seen him in four years and havent talked to him in months yet somehow this hurts me more than i could ever imagine its been about three months since his passing and im still not sure how to cope with this,trauma,often people with extensive trauma have difficulty talking about it this lessens the impact of traditional talk therapy and there benefits there is a helpful therapy called emdr that is limited in the amount of talking and also has quick benefits for the reduction of symptoms for those who are in great distress you can also complete emdr therapy every day if you would likehave the means this can quicken the recovery time from these distressing life events,1,1,459,0.3580788156892421,0.6419211843107578,T
57,876,"there are issues from my past that have me very heavily burdened in my heart ive been torn for so many years and i need help so i can move on with my life
   i experienced trauma when i was  years old and i did come out about it until i was 
   now i know this is whats holding me back on my happiness ive met a very loving and caring man but because im holding on to these things from my past im pushing him away
   how can i get my life back",trauma,often people with extensive trauma have difficulty talking about it this lessens the impact of traditional talk therapy and there benefits there is a helpful therapy called emdr that is limited in the amount of talking and also has quick benefits for the reduction of symptoms for those who are in great distress you can also complete emdr therapy every day if you would likehave the means this can quicken the recovery time from these distressing life events,1,1,459,0.3580788156892421,0.6419211843107578,T
58,905,i have ptsd the side effects are really bad and have impacts on sex anger and my relationships i even lost my job month ago    how can i get my life back,trauma,often people with extensive trauma have difficulty talking about it this lessens the impact of traditional talk therapy and there benefits there is a helpful therapy called emdr that is limited in the amount of talking and also has quick benefits for the reduction of symptoms for those who are in great distress you can also complete emdr therapy every day if you would likehave the means this can quicken the recovery time from these distressing life events,1,1,459,0.3580788156892421,0.6419211843107578,T
59,887,i am a survivor of multiple sexual abuserape experiences triggers are having an effect on my daily life and my sexual relationship with my partner im trying to learn to cope with them,trauma,often people with extensive trauma have difficulty talking about it this lessens the impact of traditional talk therapy and there benefits there is a helpful therapy called emdr that is limited in the amount of talking and also has quick benefits for the reduction of symptoms for those who are in great distress you can also complete emdr therapy every day if you would likehave the means this can quicken the recovery time from these distressing life events,1,1,459,0.3580788156892421,0.6419211843107578,T
60,659,i am in my s with  kids and no job and im behind on the bills ive been trying everything with no results i feel like everyone else puts their needs in front on mine i give intil it hurts and im afraid that im going to fail my babies    ive been struggling for  yrs in a relationship with no communication and no alone time how can i get some support,parenting,financial stability is probably a good place to start your new life projectif your partner doesnt work or doesnt contribute his money to the household bills then maybe you are eligible  for some type of stipend from the governmentespecially since you have kids the child welfare service may intervene to help you  sometimes too a partner who is unwilling to pay for their kids wellbeing may be pressured by child welfare to make regular contributions to you and your kidsim glad you are thinking of your needs and those of your kids  this is the philosophy which will show you what road to follow so all three of you are in a secure financial place,1,1,648,0.3603636290286913,0.6396363709713087,T
61,1397,im dating a guy i really love we have our problems but i could see myself with him long term but theres this other guy who ive had feelings for for awhile now he gives me butterflies when we talk and my heart beats fast when i see hes texted me which i never felt with my current boyfriend,relationships,decide your purpose in being part of a relationshipfastbeating heartbeat sounds exciting and usually goes gradually awayif youd like excitement then the heartbeat guy is for youif youre trying to find a partner who will be with you for a long time then the first guy fits this agendayou could also test out your theories by discussing with each of them their opinion of why they are with you and whether they would like a long term relationship or playfulness and funbest relationship is when each partner wants something similar as the other,1,1,542,0.3609551435257322,0.6390448564742678,T
62,2682,"a few years ago i was making love to my wife when for no known reason i lost my erection 

now im in my early s and my problem has become more and more frequent  this is causing major problems for my ego and its diminishing my self esteem this has resulted in ongoing depression and tearing apart my marriage 

i am devastated and cannot find a cause for these issues i am very attracted to my wife and want to express it in the bedroom like i used to 

what could be causing this and what can i do about it",intimacyhuman sexualitydepressionrelationships,when im working with men with this type of situation i always suggest a medical examination to rule out any type of organic reason for a difficulty in maintaining interaction in cases where there is no medical reason for the loss of erection i find that many men have a similar situation in experiencing negative intrusive thinking during lovemaking my counseling approach for this situation is to incorporate the use of mindful sex,1,1,432,0.3611713828608885,0.6388286171391114,T
63,102,a few years ago i was making love to my wife when for no known reason i lost my erection    now im in my early s and my problem has become more and more frequent this is causing major problems for my ego and its diminishing my self esteem this has resulted in ongoing depression and tearing apart my marriage    i am devastated and cannot find a cause for these issues i am very attracted to my wife and want to express it in the bedroom like i used to    what could be causing this and what can i do about it,depression,when im working with men with this type of situation i always suggest a medical examination to rule out any type of organic reason for a difficulty in maintaining interaction in cases where there is no medical reason for the loss of erection i find that many men have a similar situation in experiencing negative intrusive thinking during lovemaking my counseling approach for this situation is to incorporate the use of mindful sex,1,1,432,0.3611713828608885,0.6388286171391114,T
64,1020,im  and my girlfriend is  am i a pedophile because im attracted to her and shes under ,intimacy,you wrote that each of you is under the age of    a  year old cannot be a pedophile because youre not an adultalso if you mean girlfriend in a romantic way then this makes sense bc romantic relationships include physical attraction to the other person,1,1,251,0.3639356514983441,0.6360643485016558,T
65,1587,they discontinued treatment for no apparent reason after they thought to diagnose me with schizophrenia,legalregulatory,the general rule against medical abandonment says thst whenever healthcare providers discontinue treatment with you when you still need it they are legally required to make sure that you have access to another provider of equal or higher abilityin this case if your treatment team decided to discontinue your treatment based on a diagnosis of schizophrenia they still will likely be required to provide you with a referral to someone who can provide you with treatment if you havent already done so id recommend that you explicitly ask for a referral,1,1,550,0.3652763783901297,0.6347236216098703,T
66,2279,is this something i should be worried about  should i do something about it,parenting,the answer depends on how the other areas of your sons life are doingis he happy or does he seem happy playing alone during recessdoes he have friends in other social circles besides the students whom hes with at recesshow is his academic progresshow is his social integration among his classmatesare there any special or unusual circumstances in the home and family environmentgo through this list to form a fuller idea of whether your son simply likes alone time and takes this option during recess or if any if the above areas show stress or difficulty for him and which need to be further understood and handled,1,1,615,0.3676865837016458,0.6323134162983541,T
67,603,is this something i should be worried about should i do something about it,parenting,the answer depends on how the other areas of your sons life are doingis he happy or does he seem happy playing alone during recessdoes he have friends in other social circles besides the students whom hes with at recesshow is his academic progresshow is his social integration among his classmatesare there any special or unusual circumstances in the home and family environmentgo through this list to form a fuller idea of whether your son simply likes alone time and takes this option during recess or if any if the above areas show stress or difficulty for him and which need to be further understood and handled,1,1,615,0.3676865837016458,0.6323134162983541,T
68,1104,ive been in a relationship for almost a year and i absolutely trust my boyfriend he treats me nice checks on me and tells me sweet things however when it comes to making life decisions i feel he is very immature i try to talk things out so we can compromise or make sound decisions together but he lacks any ideas and prefers to just go with anything to avoid fighting as far as dates if i dont say anything plan it or have money to chip in we will not go i feel like i put in a lot of work supporting and sometimes spoiling and all i get is a loyal man who will not cheat and say sweet things on occasion,intimacy,well then your decision is whether you want to stay in this type of relationship or notone point to keep in mind is thisjust because hes not telling you his opinions doesnt mean he doesnt have any opinionsin the long run t is always easier to talk with someone about their differences from our point of view than to be someone who doesnt tell you what is in their mindshort term it seems easy to have someone agreeablelong term someone who doesnt tell you their thoughts and who disagrees with you may potentially go about their true wishes in hidden ways,1,1,555,0.3681371426837718,0.6318628573162282,T
69,1527,im a teenage girl i dont know if im straight bisexual or gay ive been straight all my life but a sudden rush of questions have come over me and i dont know anymore,lgbtq,being open minded about the type of sexual connection which feels true and real is a solid starting pointhaving questions is a very valuable way of more clearly defining your sexualitywrite one or two of your questions if youd like a more specific focus to your general search about your sexual preference,1,1,305,0.3683393085464257,0.6316606914535743,T
70,1112,im trying to make marriage work after a split before our split he lied a lot and broke every promise to me i dont think he cheated last month i asked what women work with him so he told me yesterday i found out about a girl that he said he forgot about should i be upset,intimacy,imagine your best friend just told you that her husband lied to her all the time and that he had broken every promise he ever made to her what would you tell her if i were her best friend id tell her to run the other way you may love this man we dont choose who we love but the evidence is pretty clear isnt it a healthy relationship cannot be built on a foundation of lies and broken promises i believe that as adults we are always treated as well as we insist on being treated by our partners if you continue to accept unacceptable behavior you are likely to see lots more of it,1,1,580,0.3690907613925116,0.6309092386074884,T
71,388,"i recently broke up with my boyfriend after being together for over  years i truly believe i did the right thing but omehow being single now has made me very needy and unsure of myself
    i am seeing someone casually and i am losing my mind with anxiety about how he feels about me and this need for validation
   how can i learn to be content and at peace with myself regardless of my career relationship status etc",anxiety,possibly you havent completed your phase of mourning the recently passed relationship and lifestyle which surrounded itrelationship breakups mean a persons entire life goes through an adjustment since the relationship impacted all areas of your lifegive yourself some patience to restore yourself from the old relationship when you feel whole again then more than likely you will lose some of the anxiety wondering what your new casual partner feels about youand instead of wondering  you may simply decide to ask the person your question,1,1,538,0.3710571883607265,0.6289428116392735,T
72,1585,i terminated my counseling relationship with a social worker several years ago i am now realizing that i would like to begin counseling again the social workers voicemail message says that he returns calls in  hours but he hasnt called me back i called him on the weekend and made it clear that i want him to call me back can he just ignore me,legalregulatory,yes your former social worker should return your phone callit is the professional ethic to do so and plain human decency to do soif he doesnt there is nothing you can directly do about the fact of his ignoring youthere are formal complaints you can make which you can consider doingwhat matters most is receiving social work servicestick with looking for another social worker who is willing to help youthe selfdoubts you mention may be worth examiningthey do not however excuse the social worker mishandling himself,1,1,516,0.371069548576232,0.628930451423768,T
73,2249,i terminated my counseling relationship with a social worker several years ago i am now realizing that i would like to begin counseling again  the social workers voicemail message says that he returns calls in  hours but he hasnt called me back i called him on the weekend and made it clear that i want him to call me back  can he just ignore me,legal  regulatoryprofessional ethics,yes your former social worker should return your phone callit is the professional ethic to do so and plain human decency to do soif he doesnt there is nothing you can directly do about the fact of his ignoring youthere are formal complaints you can make which you can consider doingwhat matters most is receiving social work servicestick with looking for another social worker who is willing to help youthe selfdoubts you mention may be worth examiningthey do not however excuse the social worker mishandling himself,1,1,516,0.371069548576232,0.628930451423768,T
74,1081,my husband had an emotional affair with his exwife in november she invited him to dinner alone with their daughter i wasnt aware of this until after pm when i asked where he was he had been drinking and i told him not to come home that night the next morning we talked about going to counseling he went out that night with friends and said his exwife wasnt going i found out in april that she did go i gave him the chance to get everything out in the open i found out that he stayed that second night with her i asked if they slept in the same bed and he said yes both nights his daughter wasnt there the second night he claims they didnt have sex but what else should i think,intimacy,i agree with you that professional counseling is a wise choice for your relationshipyour husband may not know want to know or want to discuss with you what his true feelings are toward you and the exthe topic is very heated which is why discussing these matters alone may do more harm than goodusually people start deeply complex emotional matters discussion and get so upset the conversation goes off track and unintended hurts happenin a therapist office the two of you will be guided on talking about these critical areas and this will be much more productive than trying to do so only with the two of you,1,1,608,0.3718359461202599,0.6281640538797401,T
75,1626,every time i send a message to someone or a group message on instagram imessage or snapchat people will read my messages but then they wont answer me    could it be that there is something they dont like about me i dont understand why they wont answer my messages how do i get people to respond to me,socialrelationships,"stand in your power and ask
for your needs in this case an answer 
to be met you are valid people often feed off our energy  so exude the energy of standing in
your power and making your voice heard knowing what you say is worthy of being
heard and receiving a response you could also look into working on your throat
chakra which deals with speaking your truth selfexpression  being heard",1,1,389,0.3769315057504885,0.6230684942495115,T
76,522,i have not had a friend since i was  i dont go anywhere and i have no job all because im afraid of people,anxiety,individual andor group therapy can be a powerful antidote for social anxiety often in therapy the things that tend to get in the way of our securing satisfying and lasting personal relationships will appear in some way in the therapy relationship and a competent therapist will be able to help you work through this anxiety in a sensitive way and eventually encourage you to seek out the personal relationships that you want in group therapy you have an opportunity to have a relationship not only with the therapist but several other people who are all in the group in order to give and receive mutual support to one another,1,1,625,0.3782424808919541,0.6217575191080459,T
77,277,i think i may suffer from depression and it is affecting my life and sleep i am on my parents insurance and they wont let me see a therapist because they dont believe in it,depression,the answer here really depends upon your age and something called the age of consent in the state where you live in pennsylvania anyone over the age of  can provide consent for their own treatment as for billing purposes try talking to some local agencies if you are under  you may be able to have medicaid out of medical necessity so that you can have treatment if you are over  there may be some discounted rates at some agencies because of the situation youre in maybe your primary care physician will be able to refer you to some local agenciesif you are in school you may be able to talk with a guidance counselor or someone at the school this would not require using your insurance,1,1,687,0.3786632427286169,0.621336757271383,T
78,1853,after first meeting the client what is the process that a counselor facilitates,counselingfundamentals,counselor tries to build rapport and gets the client talking when the client talks shares whatever they feel counselor merely listens a counselors job is to bring out coping mechanism from the clients only and emphasise on the coping mechanisms,1,1,244,0.3792216801218873,0.6207783198781127,T
79,462,ive been having horrible anxiety for the last week i cant sleep i get a sense of doom and its hard to breathe i feel like nothing i do makes it better,anxiety,anxiety is usually a sign of a current problem to which familiar emotional patterns of feeling similarly upset attach themselvestry to understand more about who you are what you like feel uneasy about especially your deeper emotions of being emotionally harmed or injured by meaningful peopleanxiety is best addressed indirectly by understanding and kindly accepting previous hurt and fears from long agoonce you feel at ease with dynamics of past situations then the current anxiety will decrease  this is because you will have adjusted and found new ways of handling otherwise frightening and overwhelming interactions and involvements with others,1,1,649,0.3810438440836511,0.6189561559163489,T
80,508,i am so terrified of having sex anymore because i have been told over and over that sex is dangerous even though me and my partner used both forms of protection my partner is not happy about this and simply wants more sex and honestly i want to give that to her,anxiety,maybe youll feel less fear by understanding that whoever told you sex was dangerous was wrongif this message came from your upbringing then it may a deeply embedded beliefsince the belief itself instructs to avoid risk and overturning this belief requires taking the risk to believe the logic that reasonable safe sex measures are adequate protection give yourself time to absorb this new understandingtalk w your partner about your psychological difficulty bc their patience will help you,1,1,489,0.3831533892340719,0.6168466107659281,T
81,1253,i have been dating my exboyfriends cousin for a few years we have gotten pretty serious he wants to cut it off because people are giving him a hard time that our kids will be related to my ex,familyconflict,does your boyfriend agree with the other peoples opinions or is the problem that he feels that doing what they want will be an easy way to stop hearing them say what he doesnt like hearingtalk through whether he actually believes what the others are telling him or figures that complying will make them stop bothering himonce the two of you understand what if any the differences are in the opinions you each have on the double relationship status youll be more clear whether the differences can be aligned somehow,1,1,514,0.3842943286718266,0.6157056713281733,T
82,1869,what are some difficulties that a counselor can encounter when dealing with a client,counselingfundamentals,each counselor will have their own list of difficulties in doing therapy work with a client  even if clinically trained similarly since counselors are human then their response to your question will reflect their unique differences as humanson my list is when the emotional pain i feel for someone describing some type of injustice or unfair treatment by another feels very deepsometimes i feel like avoiding the pain i feel by asking questions which will steer the conversation away from the painful areas the client talks aboutwhat in fact is necessary to clear out their pain is to step further into so as to realize their emotional pain isnt greater than who they are,1,1,671,0.3847671854233827,0.6152328145766173,T
83,1078,with college over my boyfriend and i have such different work schedules since i cant see him often i want to talk more on the phone he plays video games while talking to players so often i feel ignored i find myself always telling him what to do in relation to me things he should know,intimacy,directly tell him what you write hereeither he is losing interest in you or he is simply caught up in short fun w his friends and video gamesa conversation on this subject will give you more clarity on your question,1,1,215,0.3862966326795415,0.6137033673204585,T
84,1600,how does a counselor decide when to end counseling sessions or to terminate working with a client,professionalethics,counseling ends when the client has received the maximum benefit from the therapist even if the therapist believes the client is not making progress the client may feel they are improving and receiving a benefit and the therapist may see a benefit and the client does not it is best to have ongoing dialogue with the client to determine when termination is appropriate,1,1,368,0.3874826554575925,0.6125173445424075,T
85,686,what makes my step child an  year old boy choke my daughter a  year old girl this has been going on for  years the boy tells my daughter not to tell on him he knows its wrong we have did time out spanking taking away toys and sitting on the wall i am afraid for my daughters safety,parenting,i can see why you are alarmed that is a scary situation for a parent do you know if the child has been evaluated by a mental health professional early treatment is often the key a professional will be able to help the child learn how to control their anger and mend the troublesome actions into more appropriate responses have you addressed your concerns with the childs other parent there could be contributing factors in his life that could be causing these issues exposure to violence sexualphysical abuse drug use stressful events in his life etc it is important that these factors are identified so that they can either be eliminated andor reduced i wouldnt hesitate to have him evaluated if he hasnt been already and to ensure that he is getting the help that he needs whether it be medication andor therapy until then i would make sure that he is always supervised under an adults care,1,1,892,0.3880332583579376,0.6119667416420623,T
86,637,my daughter is in later elementary school she cant color in the lines her words jumble together when she writes unless there are big spaces or she skips lines,parenting,contact your daughters school and ask for an occupational therapy evaluation an occupational therapist can determine if your daughter struggles with eyehand coordination visual processing or sensory motor difficulties the therapist will develop a plan of care if your daughter demonstrates delays or difficulties in learning otonthegoorg mobile therapy that comes to you accepting most insurance,1,1,395,0.3892339109787578,0.6107660890212422,T
87,661,"my daughter was overly tired and throwing a fit at her grandparents house she wanted to come home at midnight and cried screamed said she said she hated her grandma and that she wanted to kill herself
    we also have a new baby in the house i didnt know if this would contribute to this how should i approach this",parenting,you wrote a very full family context w many directions to examinedo you know or can you find out what the grandma and your daughter were doing in the evening of the screaming episodeis it possible the grandma abuses your daughter or tells her scary stories watches scary movies  these are only suggestions of some problem between grandma and your daughteralso ask your daughter directly why she wants to kill herself and what killing herself means   seven year olds dont have a concept of death being a forever condition  seven year olds dont have a sense of future meaning besides likingdisliking them   maybe the new baby is a factor  do you feel this is a factor   trust your intuition to tell you if your daughter is resentful of your new babyeven if she is i doubt a seven year old has the capacity to connect current unhappiness with the intention of a future action including suicide,1,1,890,0.3894508519232063,0.6105491480767937,T
88,1952,"she was raised by her abusive father and his wife  years ago i shot and killed my rapist and was convicted in louisiana i lost custody of my daughter and served  years when i was released she was  and didnt remember me many many sad memories came from my having to leave her visit after visit having to leave her in texas to travel back to louisiana she doesnt remember that i do
over the years i thought we had developed a close mother daughter relationship she gave me good reason to doubt that on several occasions but especially last year i have been cruel to her verbally and to my son who i met years after giving him up for adoption last night i was angry at the world and afraid of god i drank and cussed out a maintenance worker for not doing his job  months running now im not only feeling guilty for that but afraid of being evicted now help",parentingsubstance abusespirituality,was either parent abusive or violent toward youyou sound to have suffered emotionally in your relationships since early in lifeone point to consider is to strive for moderation in what you offer in relationshipsa lot of what youve lived through is extreme either as victim or perpetratorif you imagine that apologizing to the custodian for the way spoke to him would calm him down do soat the very least youll be actively resolving your guilt over cussing at him and fear of his retaliation,1,1,490,0.3941377245429568,0.6058622754570432,T
89,684,she was raised by her abusive father and his wife  years ago i shot and killed my rapist and was convicted in louisiana i lost custody of my daughter and served  years when i was released she was  and didnt remember me many many sad memories came from my having to leave her visit after visit having to leave her in texas to travel back to louisiana she doesnt remember that i do over the years i thought we had developed a close mother daughter relationship she gave me good reason to doubt that on several occasions but especially last year i have been cruel to her verbally and to my son who i met years after giving him up for adoption last night i was angry at the world and afraid of god i drank and cussed out a maintenance worker for not doing his job  months running now im not only feeling guilty for that but afraid of being evicted now help,parenting,was either parent abusive or violent toward youyou sound to have suffered emotionally in your relationships since early in lifeone point to consider is to strive for moderation in what you offer in relationshipsa lot of what youve lived through is extreme either as victim or perpetratorif you imagine that apologizing to the custodian for the way spoke to him would calm him down do soat the very least youll be actively resolving your guilt over cussing at him and fear of his retaliation,1,1,490,0.3941377245429568,0.6058622754570432,T
90,1393,"i have a friend that who i used to be in a relationship with it was brief and turned into us being just good friends
   i spent the weekend with him and it upset my boyfriend was i wrong",relationships,this can be a very complicated situation the boundaries of relationship include the rules to follow in the relationship it is important to follow the rules of your relationship  in regards to each person being able to spend time with exes if you and your boyfriend agree upon a rule about spending time with exes then there should be no problem,1,1,344,0.3958573334912895,0.6041426665087105,T
91,2685,"i have a friend that who i used to be in a relationship with it was brief and turned into us being just good friends

i spent the weekend with him and  it upset my boyfriend was i wrong",relationshipssocial relationships,this can be a very complicated situation the boundaries of relationship include the rules to follow in the relationship it is important to follow the rules of your relationship  in regards to each person being able to spend time with exes if you and your boyfriend agree upon a rule about spending time with exes then there should be no problem,1,1,344,0.3958573334912895,0.6041426665087105,T
92,1265,they broke up recently she was a huge part of my life,familyconflict,the possible pathways for you depend on whether youd be wiling to be straightforward with both your mom and her gf about your own emotions about their breakupstart by talking with your mom because she has the more potent and the more long term relationship meaning in your lifeopen the conversation as your genuine need for a positive settlement to the end of their relationshipdepending on the outcome of the talk with your mom come to your own conclusion as to whether youd like to find ways to maintain some level of connection to the ex gfholiday and birthday cards occasional emails with the person may feel supportive for youonce you have some idea of your preferences for contact or not and what type then speak with the ex gf to find out her reaction to how open she is to your remediesat the very least you will have done a thorough job in examining what is possible for your own relationship with each one,1,1,915,0.3968898819518506,0.6031101180481494,T
93,635,my daughter is in later elementary school she cant color in the lines her words jumble together when she writes unless there are big spaces or she skips lines,parenting,at times when a child is not displaying milestone behavior at the same rate that is average for their peers this should raise concern so you are correct in reaching out for advice speaking with your childs pediatrician as well as school staff may be the first places to start you can request that she receive an assessment and evaluation with a subsequent treatment plan to meet any needs she may have,1,1,401,0.3972894343055535,0.6027105656944465,T
94,1203,shes my stepmom im pretty sure shes illegally buying the drugs and hiding them from my dad,substanceabuse,i would suggest having a conversation with your dad and then having a conversation as a family with your stepmom  usually there are other signs of use that can often be missed  be aware of behavior changes and mood swings  be supportive and ready to listen often times individuals suffering from addiction will deny use until they are ready for help,1,1,349,0.3976484318829077,0.6023515681170922,T
95,633,when they come home from their dads and i fuss at them for anything they move like they are dodging being hit they say theyre sorry over and over really fast i ask and they say no one has hit them and ive seen no marks am i being paranoid or am i right to be,parenting,i agree w your theory about your kids behaving fearfully means theyve been w someone who created this feeling in themits possible the father threatens and intimidates and stops himself from following through w physically harming themapproach the father the way you feel has the greatest chance of you knowing moresometimes indirect questions like asking how the kids behave around him how does he generally handle this are better than do you hit them,1,1,450,0.3985981116353243,0.6014018883646757,T
96,513,i get so much anxiety and i dont know why i feel like i cant do anything by myself because im scared of the outcomes,anxiety,the other two post answers to your question are very good and i dont feel the need to repeat what has already been said quite well but i will offer one other option i have been able to utilize quite successfully with those dealing with panic attacks  chain analysis is a fantastic way for your to map out the situation starting with the prompting event the chain of events links that lead up to the behavior  in this case a panic attack and then what the consequences were  see the illustration belowthis is very useful in that it lays everything out for you to see so that it becomes possible to alter one of the links leading up to the unwanted behavior panic attack allows you to come up with strategies for similar situations prompting events and allows you to understand how you are reinforcing the behavior when it does occur consequences  finally  it would also allow you to identify any particular vulnerabilities such as not enough sleep poor nutrition trauma history or having a cold the time it occurred  working with someone who utilizes a behavioral approach such as dbt or behavioral analysis you can find solutions that replace one of the links and therefore breaks the chain of events,1,1,1200,0.3992909687923811,0.6007090312076189,T
97,897,i was raped a couple months ago since then along with other unfortunately events that have occurred i have been having trouble feeling emotions its almost as if im a sociopath lacking any feeling what can i do to change this,trauma,its common to feel numb after a distressing event like this you are not alone often people with extensive trauma have difficulty talking about it this lessens the impact of traditional talk therapy and there benefits there is a helpful therapy called emdr that is limited in the amount of talking and also has quick benefits for the reduction of symptoms for those who are in great distress you can also complete emdr therapy every day if you would likehave the means this can quicken the recovery time from these distressing life events,1,1,537,0.3999801663293376,0.6000198336706624,T
98,1407,theres this boy who asked me out awhile ago i said no because my friends and family would think weirdly of me how do i be with him and tell him and tell my friends,relationships,since youve decided to be with the boy who already showed you his interest then why not simply tell him you decided to accept his invitation to be togetherprobably your first concern about hesitating to accept this boy into your life due to the way you imagine your family may react if you do is the more complex matter to solveforming a relationship does bring up our values and the way these are different or similar to our own    at the same time we already have values which are rooted in those from the family in which we grew upyour dilemma of wanting to be with this boy shows there is a clash between your values as an individual including your choice of partner and the way your family understands the values which support being part of a couplestay true to what you feel whether this comes from your family or the way you currently are evolvingthis will guarantee that your new relationship will be built on the values and person you truly are,1,1,953,0.401531731766066,0.598468268233934,T
99,1579,this is my recovery and i dont feel that it is okay for them to ask this they told me it is policy due to the fact that i may run into a peer there i am a peer counselor in the small community that i grew up in i am in recovery myself i was asked to come work for this organization after i was two years sober i was in treatment in this organization i work with mental health peers and run life skill groups i dont work with substance peers,addiction,you definitely want to make sure not to inadvertently create an inappropriate dual relationship with a client in fact it is not uncommon for state regulatory boards to determine that a clinician and client being in the same  step group is professional misconduct you might want to consider attending a  step meeting that is located in a different community than the one you work in  another option would be to look for oneonone or small group recovery support,1,1,459,0.4018220492906333,0.5981779507093666,T
100,1019,im  and my girlfriend is  am i a pedophile because im attracted to her and shes under ,intimacy,nope in fact you are not a pedophile that term is reserved for older adolescents attracted to children or adults who are attracted to children i see an age difference as being one key factor in determining pedophilia if the older person is still in adolescence you being only a year older than your girlfriend doesnt qualify so go right ahead and be attracted to your girlfriend without shame,1,1,392,0.4019166978896348,0.5980833021103652,T
101,971,when i think of things people put me through in the past i get upset all over again and take it out on everyone ill be mad for nothing at all and have a attitude with everyone for no reason,angermanagement,youre definitely not mad at nothingi agree with your point about not emitting your upset about internal matters onto people who have nothing to do with what bothers youyour internal stressors are real otherwise you wouldnt feel the way you describetake time to understand what bothers you about past situations and leave open the amount of time you will need to feel finished with examining these topicsthe more thoroughly you understand yourself the less likely you will be to bring past stressors into current relationships,1,1,525,0.4023644870534872,0.5976355129465127,T
102,167,im facing severe depression and anxiety and i just feel like im going through a lot this really distracts me and i cant get my mind off the things that are bothering me    how do i overcome this anxierty and depression,depression,anxiety and depression is caused by ineffective functioning of the adrenals kidneys and the other systems that affectsa basic protocol of natural health makes quick work of it about  monthsish maybe shorter with a good constitution in your body ,1,1,245,0.4024475911420397,0.5975524088579602,T
103,1119,my fiancé and i recently had an argument over finances he gives me the money each month to pay his automobile insurance he no longer has one of the vehicles on the policy he realized he was still paying for the coverage and asked why i was allowing him to continue to do that since i was physically paying it for him my response was that he was giving me the money and i just made the payment i didnt think of the coverages he was angry about it i still cant figure out that anger,intimacy,id be more worried generally about a fiancee who assumes you are responsible for tracking what in fact are his responsibilities than about the anger per sewhat you describe holds the seeds of classic abusive behavior which is blaming the partner for what in fact are the persons own responsibilitiesstart by withdrawing yourself from paying his billsif he is on his own in terms of tracking what and when is due regarding his auto policy then surely the only one for him to blame will be himselfstay clear of involving yourself in doing favors for him if the favor involves something that he is the one accountabletell him it is so the relationship remains fair for each of you,1,1,677,0.4029230306613686,0.5970769693386314,T
104,1588,i had a dispute with my therapist regarding an appointment cancellation now she is blocking me from seeing other psychologists at the same clinic which takes my insurance which is also where i get my psychiatric services there is a strict  hour cancellation policy and my appointments are at  on tuesday i called to cancel at  the previous friday i was late so we contacted my doctor to tell her that i would be out of town she said i could do a phone in session the thing is we do double sessions,legalregulatory,my recommendation would be to try to talk to your therapist about this  from your description it sounds like you have a legitimate explanation for missing your scheduled session maybe if you could explain that to her she would be willing to work with you if she is not willing to consider your explanation and if she is not willing to continue working with you she still has an ethical obligation to provide you with referral resources to another therapist,1,1,456,0.4030579979401257,0.5969420020598742,T
105,1360,ive been in a long distance relationship with my girlfriend for just over a year this past week she admitted to me that she has feelings for another guy she says its just a crush but i dont know how to cope with it    how should i deal with this,relationships,did your girlfriend tell you her reason to tell you about the new personyour feelings of insecurity is natural because you dont know where the crush fits into her lifesince any longlasting relationship in which both people thrive means each partner freely speaks their mind and will be listened and responded then your current situation is a good one to start these foundations of talking with one anothertell your girlfriend whatever is on your mind regarding her crush   as your trusted partner theoretically she would like to know all about how you feelkeep the expectation that talking about anything at all is the best sign of closenessonce you learn more about this crush you can decide what if anything to do differently in your relationship,1,1,748,0.4040107617836486,0.5959892382163514,T
106,583,when my daughter is stressed about a silly thing from school she starts crying and freaking out she is a bright student always has a  but i am afraid she is stressing too much im afraid its going to break her i dont know if i should get her to a doctor or someone because this is not normal,parenting,i agree with your observation about your daughter feeling stressed  are you able to open this topic in conversation with heralso reflect on your own expectations as a parent  it is possible that your daughter is trying to please you by getting consistently high gradesif your daughter prefers talking in confidence to a therapist then this may help her regain a sense of balance in her life so that schoolwork feels less stressfuli wouldnt take her to a doctor because based on what you write the problem is psychological and emotionally based  while the stress may have physical symptoms addressing the root cause of the problem has nothing to do directly with something being physically wrong with your daughterunless there is some other medical or physical problem that would explain your daughters sense of stress  id start first by bringing your areas of concern to your daughter then possibly to a therapist,1,1,913,0.4043537107733918,0.5956462892266082,T
107,593,he just walks in the house whenever he wants to see his kids my fiancé tells me it makes her angry and doesnt like it but she seems afraid to say anything to him about it for some reason is it okay for him to do this,parenting,do you know the reason your fiancé puts up with the exs behaviorif not then ask herthe answer could be anything from some agreement the two of them made either formally or informally before you came into her life to residual sense of obligation she feels toward him as a parent or that she genuinely does fear his physical or verbal anger if she disagrees with what he wantsfacts are the best starting point to know how to handle a situationthere is no blanket rule and certainly no law which prohibits what hes doing   the situation is entirely in the hands of the people involved,1,1,581,0.4045345094206137,0.5954654905793862,T
108,1213,my new daughterinlaw just informed me that she is smoking marijuana while pregnant because of her morning sickness im in shock and i dont know how to respond i just lost my mom and she was good with advice,substanceabuse,have you reached your own conclusions and reasons for these regarding the topic   when you feel confident in your own reasons for your conclusions then obviously ask your daughter in law for some time together and tell her what you think and your reasons for opinionsplan for this meeting according to the type of relationship you have with your daughter in lawsince your son will also be affected by the prenatal conditions of his child he may also be interested in being part of this conversationalso during your discussion find out the exact ways the morning sickness affects your daughter in lawit is possible that scheduling adjustments in routines can be made so your daughter has more time to rest or fewer responsibilities for a while until she feels bettermaybe you and other family members can lighten her daily routines so she has more time for herself to manage her morning sickness in a less risky waysending good luck,1,1,931,0.4046912759228245,0.5953087240771755,T
109,1025,i love my girlfriend so much i get an erection even just thinking about her or seeing her but the two times we tried to have sex i couldnt get an erection weve only had sex once and it was a long time ago    why this is happening and what can i do about it,intimacy,im sorry to hear of your problemfirst step as always when a possible medical explanation exists go for a urology check up to either your internist or a urologistonce you know there is no medical reason which would prevent an erection then we can consider the psychological and emotion based factorsmaybe youre nervous about your sexual performance or that your gf may be disappointed in your performancemen often mistake their own fears of performance failure with the assumption that their partner thinks about sex as a performancetalk with your gf about whatever is on your mind which may inhibit you from enjoying sexthe reasons are endlesswhat matters is to have a heartfelt dialogue with each otherthe emotional support which comes through such an intimate conversation may very well be the catalyst for a more relaxed and satisfying approach to sex w your gf,1,1,864,0.4051859450937206,0.5948140549062794,T
110,2773,"i love my girlfriend so much i get an erection even just thinking about her or seeing her  but the two times we tried to have sex i couldnt get an erection  weve only had sex once and it was a long time ago 

why this is happening and what can i do about it",human sexualityintimacy,im sorry to hear of your problemfirst step as always when a possible medical explanation exists go for a urology check up to either your internist or a urologistonce you know there is no medical reason which would prevent an erection then we can consider the psychological and emotion based factorsmaybe youre nervous about your sexual performance or that your gf may be disappointed in your performancemen often mistake their own fears of performance failure with the assumption that their partner thinks about sex as a performancetalk with your gf about whatever is on your mind which may inhibit you from enjoying sexthe reasons are endlesswhat matters is to have a heartfelt dialogue with each otherthe emotional support which comes through such an intimate conversation may very well be the catalyst for a more relaxed and satisfying approach to sex w your gf,1,1,864,0.4051859450937206,0.5948140549062794,T
111,1535,ive tried working out and eating fruits and vegetables but i always seem to eat the junk in the house,behavioralchange,maybe you need more motivation to avoid eating the junk in your housealso if you are the only person in your household who eats healthy eating differently from everyone else may seem less funtry creating your own world of a healthy culture through social media because this may give you a sense of not being alone in your effort in healthy living,1,1,346,0.4053680954463531,0.5946319045536469,T
112,638,my daughter is in later elementary school she cant color in the lines her words jumble together when she writes unless there are big spaces or she skips lines,parenting,it sounds like it might be worth asking the school for an evaluation to determine whether your daughter has any learning disabilities such as dysgraphia or dyslexia or seek an evaluation through an educational neuropsychologist  i would also suggest having her vision checked by a developmental optometrist,1,1,306,0.406444979689476,0.593555020310524,T
113,1163,im a  year old male and having erection problems still have the desire for a woman awfully frustrated any suggestions my doc doesnt want to discuss it,intimacy,when a doc blows you off it may be a signal that it is time to find a new one ed can often be caused by health issues if all physical possibilities are ruled out then its time to look within and enlist the help of a sex therapist heres a good article for you to start with,1,1,272,0.4080910129897477,0.5919089870102523,T
114,288,i started having anxiety three months ago im new to having anxiety and its making me depressed,depression,i agree with cory acceptance and commitment therapy act does seem to help a lot of people who struggle with anxiety its not the only type of therapy that can help but it seems to help people in a way that is more natural and realistic as cory mentioned anxiety is something that is part of life so therapies that indicate we can get rid of it are questionable our natural inclination when we have anxiety is to stop any and all things that may cause it or provoke it we do this because we think it will help but it actually doesnt anxiety usually has us rehashing the past or rehearsing the future while ignoring the present act helps folks who have those kinds of tendencies be wellrobin j landwehr dbh lpc ncc,1,1,711,0.4082195697471156,0.5917804302528844,T
115,1510,im a girl and i cant tell whether im bisexual or gay i like girls a little more than boys but i dont really know,lgbtq,i think longevity has a lot to do with arriving at a clear answerits ok to not know and while you dont know read join groups which discuss the topic and most valuable pay attention to the way you actually feel around girls how being approached and approaching girls feels and whether this feels about the same as when you are around boyseventually the question will answer itselftry to avoid deciding a conclusion until your heart feels ready to tell you a clear answer,1,1,469,0.4087060029474544,0.5912939970525456,T
116,559,when my daughter is stressed about a silly thing from school she starts crying and freaking out she is a bright student always has a  but i am afraid she is stressing too much im afraid its going to break her i dont know if i should get her to a doctor or someone because this is not normal,parenting,great question hopefully you received your answer i would get her to her pediatrician to rule out medical issues and if the pediatrician says that nothing medically is wrong with her then it has to do with mental health issues so yes get in with someone for help not just for her but also for you to help her when she freaks out,1,1,328,0.4087280539868019,0.5912719460131981,T
117,2573,"im  and im sick and tired of going back and forth id like to stay at my mothers house this problem has really affected me ive had anxiety attacks and suicidal thoughts and selfharm in the past 

currently im going through anxiety and my thearapist is not available how do i handle this",anxietyparentingfamily conflict,have you told either of your parents that the current house rotation of where you stay bothers yousince each parent has an interest to be together with you i imagine that to some degree each cares how you feelif these conversations are not getting your problem solved then maybe your therapist can have a family session with your parents together and depending on the outcome with you and each parent,1,1,400,0.4093139739821354,0.5906860260178646,T
118,483,im  and im sick and tired of going back and forth id like to stay at my mothers house this problem has really affected me ive had anxiety attacks and suicidal thoughts and selfharm in the past    currently im going through anxiety and my thearapist is not available how do i handle this,anxiety,have you told either of your parents that the current house rotation of where you stay bothers yousince each parent has an interest to be together with you i imagine that to some degree each cares how you feelif these conversations are not getting your problem solved then maybe your therapist can have a family session with your parents together and depending on the outcome with you and each parent,1,1,400,0.4093139739821354,0.5906860260178646,T
119,1281,"how do i ever trust another woman i have found myself constantly reading between the lines with every other woman that i meet i am having a difficult time making any sort of connection to anyone because of her deception and willingness to say and do literally anything in order to control my emotions
 once the relationship was over she became extremely abusive and has attempted to intimidate me into silence regarding the many false claims made on her immigration application",familyconflict,im sorry to hear about that situation if the woman was your therapist or had been at one time this could represent a significant ethical violation when she created a dual relationship with youeven if you were not her client this might still be an ethical violation counselors are held to a high standard of conduct and honesty at all timesin a situation like this you might consider filing a complaint with the state regulatory board,1,1,433,0.4094361370305891,0.5905638629694109,T
120,2250,"how do i ever trust another woman i have found myself constantly reading between the lines with every other woman that i meet i am having a difficult time making any sort of connection to anyone because of her deception and willingness to say and do literally anything in order to control my emotions
once the relationship was over she became extremely abusive and has attempted to intimidate me into silence regarding the many false claims made on her immigration application",marriagefamily conflictprofessional ethicslegal  regulatory,im sorry to hear about that situation if the woman was your therapist or had been at one time this could represent a significant ethical violation when she created a dual relationship with youeven if you were not her client this might still be an ethical violation counselors are held to a high standard of conduct and honesty at all timesin a situation like this you might consider filing a complaint with the state regulatory board,1,1,433,0.4094361370305891,0.5905638629694109,T
121,1561,my doctor seems to think i am in danger of having one i neglected to ask how this was different than an episode i have been formally diagnosed with bipolar type ,behavioralchange,the best path is to ask your doctor what she meant when telling you about your high risk for psychotic seizureyour doctor knows you better than any of the therapists who write on this blog   and because your doctor knows your health will likely have suggestions and advice for you regarding the seizures she thinks you may develop,1,1,330,0.4109176546164752,0.5890823453835248,T
122,650,im concerned about my  year old daughter    about a month or two ago she started walking on her toes as well as coloring and writing very messy this all happened very suddenly she has never walked on her tiptoes and has always colored and written very neatly    is this something i should be concerned abou any advice will help,parenting,have you asked your daughter why shes doing the behaviors you describeoften the best way to find out why someone does something is to simply ask them their reasonher answer will give you some guidance as to next possible stepsif shes pretending to be a fantasy figure or trying to find out how being taller feels or walking on high heels or some other image then knowing this rules out that she has some unbearable pain in her arch which may require more practical answers such as new shoes or even indicate a medical problemask if shes noticed any change in the way she walks   maybe she doesnt know shes doing this and maybe she feels embarrassed to tell you shes doing something a bit oddsince usually  year olds dont color is it new that she started coloringmaybe given the fact of messy handwriting shes in a phase of pretending or reflecting on good times as a young childthen this becomes the topic of examinationdoes she feel insecure about being on the cusp of adolescencesome of these questions can be asked directly and some are for you to first decide based on what you know of your daughter which questions and what direction to take in understanding your daughters motivation,1,1,1189,0.4114595782515521,0.5885404217484479,T
123,2677,"im concerned about my  year old daughter 

about a month or two ago she started walking on her toes as well as coloring and writing very messy this all happened very suddenly she has never walked on her tiptoes and has always colored and written very neatly 

is this something i should be concerned abou any advice will help",parentingchildren  adolescents,have you asked your daughter why shes doing the behaviors you describeoften the best way to find out why someone does something is to simply ask them their reasonher answer will give you some guidance as to next possible stepsif shes pretending to be a fantasy figure or trying to find out how being taller feels or walking on high heels or some other image then knowing this rules out that she has some unbearable pain in her arch which may require more practical answers such as new shoes or even indicate a medical problemask if shes noticed any change in the way she walks   maybe she doesnt know shes doing this and maybe she feels embarrassed to tell you shes doing something a bit oddsince usually  year olds dont color is it new that she started coloringmaybe given the fact of messy handwriting shes in a phase of pretending or reflecting on good times as a young childthen this becomes the topic of examinationdoes she feel insecure about being on the cusp of adolescencesome of these questions can be asked directly and some are for you to first decide based on what you know of your daughter which questions and what direction to take in understanding your daughters motivation,1,1,1189,0.4114595782515521,0.5885404217484479,T
124,1581,for some reason i look at my phone and in no time five hours has passed during those five hours im playing games and trying to find out how to make my phone fun to use so i dont feel like i wasted my time trying to improve my phones performance in my life,addiction,start by spending small amounts of time with your own thoughts and feelingsalways being focused on what a phone offers keeps people at a distance from knowing themselvesas long as you make time to spend in an activity which is not interactive the way a phone is and instead depends only upon your actions you will be investing time and energy into your own lifewhether by consciously considering your own interests or doing housecleaning or chores by devoting yourself to areas which you decide to be involved in you will increase your knowledge of your own intereststhen to not be so involved with your phone will be natural and easy,1,1,634,0.412326926889858,0.5876730731101419,T
125,1274,its the way my mom said i was worth nothing stupid no point of being in school im lazy little fat,familyconflict,your mom is telling you cruel wordsthe fact that she is your mother and is not supportive and willing to point out your strengths is a good reason to not believe what she tells youparents are meant to nurture their children not take them down with wordskids go to summer schmo for all sorts of reasons  if you were unable to concentrate during the school year on academic subjects for whatever reason summer school is a way to catch up so you will stay with your classmates in the school year which starts in septemberi understand not liking the idea of school in the summer  only this is different than being putdown the way your mother does to you,1,1,649,0.4130089419535369,0.5869910580464631,T
126,1009,my spouse visited the red light district a couple of years back in amsterdam after he got back from the trip he got me tested for stds in the aftermath he has provided multiple versions of what happened from having a total blackout to being touched by a prostitute how do i know if he had sex,intimacy,the only two people who know the answer to your question are your husband and the prostitutethe question you did and can answer is the reason you would doubt your husband which is bc of his multiple storiesideally your husband cares to restore your sense of confidence in the stories he tells youif you state your doubts and your interest for the truth ideally he will produce enough evidence of the truth so you will have facts and can make sense of them   hopefully the two of you will do this sense making together especially if he did have sex w the prostitituteif hes unwilling to care about restoring your trust in him then this is a different problem entirely,1,1,666,0.4132405702991928,0.5867594297008072,T
127,1634,i was mentored by this guy for a few years spiritually it was okay at times but other times it was just weird i try not to think about it too much but a lot of manipulation and lying happened yet no one else really believed me when i told them its like hes two different people and no one else really sees that side of him i was blamed for a lot of our troubles and now we dont really talk much im worried because hes in a trusted position of leadership and no one suspects anything they just think im attacking his character how do i know for sure,socialrelationships,you may intuitively be sensing what many professionals in the social sciences and psychology have already understoodjust google psychopaths and leadership and many articles come up about boardroom politics and that psychopaths are very successful in these rolestheoretically is it terrible that corporate leadership qualities match those of psychopaths  well yes  and i consider your question as a mark of your sensitive awareness toward other people  being able to recognize social dynamics is a strength that you havepsychopaths know how to be charming and to twist words so that others believe that their own interest is the same as the psychopathsi agree with you about not being able to change peoples minds who are attached to this persons interactionsthe only way you can introduce a change in the relationship system of a psychopath is that if you are aware of illegal or law breaking activity and you have evidence of this that you contact relevant authoritiesno one is allowed to break laws including psychopaths,1,1,1022,0.4150275810386155,0.5849724189613845,T
128,1167,when having sex i think of other men and want other men all day long been married  years together  what do you think,intimacy,sustaining passion in marriage is tough stuff its a relatively modern dilemma you are facing with perhaps unrealistic expectations of what marriage should be it sounds like your definitions of love and sexual passion have merged together thats both common and confusing intimacy and sexuality within your marriage are bound to ebb and flow resparking your passion will involve growing using your sexual drama and fantasies as windows into discovering your needs security and wants desires marriage is a people growing process you mature into one another and to achieve fulfillment your continued development will be required,1,1,624,0.4156417303572965,0.5843582696427034,T
129,933,my mother has quite severe undiagnosed ocd diagnosed posttraumatic stress disorder and maybe other mental health issues she is weeks away from moving in with me my husband and our three children i love my mother but once she gets within her own area she begins to tape all cracks and crevasses she cannot tolerate any smells,trauma,one way to handle the situation is to develop willingness to tolerate her unusual habits  would you be willing to talk with your kids that grandma is sensitive to smells and her way to address this is to tape up cracks and crevassesas long as her behavior isnt aggressive harmful to anyone unethical or immoral and youd like her to live with you then someone both sides need to be happy with the living conditionalso if you havent already done so negotiate with your mom that the common family areas are off limits to taping the the cracks  as part of adjusting to living with your family it is reasonable to expect she respect common areas and to limit her taping habit to her private sections within the houseapproach the matter fairly and with the expectation to satisfy all the people who are affected,1,1,805,0.4156447653243179,0.5843552346756821,T
130,1088,im a man and im soon to be married i have been messing around with other men on the side it started as a once in a while thing but its been happening a lot i dont know what to do,intimacy,i would start by examining the reasons for seeking out other relationships are you getting something from the other men that you do not currently receive from your current partner such as is it more exciting with others and that excitement is lacking in your current relationship,1,1,279,0.4159716450570652,0.5840283549429348,T
131,144,"im going through some things with my feelings and myself i barely sleep and i do nothing but think about how im worthless and how i shouldnt be here
   ive never tried or contemplated suicide ive always wanted to fix my issues but i never get around to it
   how can i change my feeling of being worthless to everyone",depression,people who feel worthless were in one way or another were told that they are worthless this is the lie that they are living with the work of therapy is to help people see their true good selves this gives them self esteem,1,1,221,0.4163635153257667,0.5836364846742332,T
132,1815,does counseling really do anything that can help people,counselingfundamentals,helps to define the problem and gain a clearer understanding of where it originates many people seek counseling because of symptoms they are experiencing allows for a safe outlet to vent not everyone likes to share their problems with close friends or family members counselors can offer various problem solving solutions a good therapist usually will not directly point their client in the direction they need to go gives one the tools needed to cope with current and future problems,1,1,484,0.4183867304568299,0.58161326954317,T
133,629,can a counselor take sides with one parent and allow a parent to order the child to tell the counselor every detail about what happened during the other parents visitation in order to help build a case for child custody,parenting,"i see a few issues herefirst the age of the child is important  if the child is considered an
adult by state law with regard to counseling states differ on this
 the range is typically between age  and age  no one is allowed to
be in the session without the childs consentsecond ethical and legal standards generally require that a
counselor be in the role of a therapist or in the role of an evaluator but
not both  this means that a counselor
should not generally provide both counseling and offer an opinion regarding who should
have custody of a childthird knowing the details of any parenting plan or
separation agreement is important 
generally either parent can consent to counseling for a minor child and
can be present during the childs sessions 
if a court order parenting plan or separation agreement specifies that
one of the parents has sole decision making authority then only that parent can
consent to counseling for the minor child and only that parent can be present during the childs
sessionsin a situation like this i would strongly recommend seeking
out legal advice specific to your state law",1,1,1114,0.4191986844468972,0.5808013155531028,T
134,1275,my boyfriend and i have been arguing every night about the same thing he also tells me that if i go visit my mother out of state he will be gone when i get back he and my mother do not get along what should i do,familyconflict,a relationship gets weaker not stronger by threatening control of the other personstart by telling your boyfriend to keep his remarks about you and the interests he is in which you two disagree limited to these areasyour relationship with your mother is between you and herregardless of how much he doesnt like her to not respect your mother daughter relationship is unreasonable and disrespectful toward youthreatening to take action against you by withdrawing himself from your relationship is almost guaranteed to harm the good feelings between the two of youdoes you boyfriend dislike your mother for any reason having to do with her being a danger to youask his reason since if he does this from concern for your emotional or physical safety then this is good sentiment which is handled incorrectly by a threat to youwhat you should do is ask your boyfriend to not threaten you and to calmly talk about the topics you bring up here,1,1,936,0.4202098034834817,0.5797901965165183,T
135,1202,shes my stepmom im pretty sure shes illegally buying the drugs and hiding them from my dad,substanceabuse,are the drugs themselves illegal or the method of her purchasing themhow do you know the facts of what you write herealso are you sure your stepmom is buying or hiding them for her own use and not on behalf of your fatherif youd like to lovingly make your father aware of your findings then be clear on these answers since most likely hell want to know this informationif the drugs are illegal and in his house then he is just as liable for arrest as the stepmomim sure from this perspective at least hed appreciate your telling him of your findings,1,1,549,0.4206950756373701,0.5793049243626299,T
136,81,my girlfriend just quit drinking and she became really depressed she told me that she wants to move what can i do to help her i want her to stay,depression,"changing scenery often
helps in recovery could you move with her 
moving could help her depression
also is she also open to therapy  
being supportive is one way to help her and allowing her the space and
ways to heal that suits her best",1,1,237,0.4207001103337577,0.5792998896662422,T
137,1597,how does a counselor decide when to end counseling sessions or to terminate working with a client,professionalethics,for a therapist deciding to end counseling sessions or terminate working with a client is a thoughtful and intentional decision one that is not entered into lightly while there are many considerations counselors take into account to help answer this question ill offer an example of two areas that counselors take into consideration when ending counseling sessionsdoes the client need different or more specialized care than the current counselor can provide this requires the counselor to determine whether referring the client to another therapist or health care provider is neededand has the therapeutic relationship reached treatment goals while this question is specific to the counselor id like to also add that a client at any time can end counseling,1,1,757,0.4214206213519842,0.5785793786480158,T
138,1571,i just need to know if im really crazy or not,behavioralchange,do an internet research on psychosis symptoms and see if you have several of the symptoms  if you do seek a medical evaluation from your primary care physician  there are great medications and psychotherapy that can help you live your life to the fullest  there a many people who are diagnosed with psychosis and living a productive life,1,1,337,0.4219222478625632,0.5780777521374367,T
139,1591,how does a counselor decide when to end counseling sessions or to terminate working with a client,professionalethics,there are typically three reasons why therapy is terminated client has met therapy goals client is not progressing  therapist is not a good fit for clientin order to properly assess whether therapy is helping and what progress is being made the therapist needs to have ways of consistently checking in with clients sessionsbysession to determine what is helping what isnt and where the client is at in relation to their original therapy goals when a client has met their goals that is a good time to end counselling sessions unless the client has new goals or simply wants to checkin periodically to make sure that they are still on track sometimes referred to as relapse prevention when a client is not progressing and feedback has been taken and attempts have been made to make the therapy more helpful for the client but to no avail than it is considered unethical to continue to work with the client in these circumstances referring out to another therapist who may be a better fit is a good idea,1,1,1000,0.4219889272909131,0.5780110727090869,T
140,2233,i feel like every time i do something someone asks me to i never fully meet what they want i feel that when i finish it they always think that they should have picked someone else to do it i feel like  they just want nothing to do with me,social relationshipsselfesteem,as long as you try to reach others expectations you will never feel satisfied or accepted  how about setting your own expectations for self and strive for those  make sure your expectations are reachable and realistic,1,1,217,0.4220298196974086,0.5779701803025914,T
141,697,i feel like every time i do something someone asks me to i never fully meet what they want i feel that when i finish it they always think that they should have picked someone else to do it i feel like they just want nothing to do with me,selfesteem,as long as you try to reach others expectations you will never feel satisfied or accepted  how about setting your own expectations for self and strive for those  make sure your expectations are reachable and realistic,1,1,217,0.4220298196974086,0.5779701803025914,T
142,664,my grandsons stepmother sends him to school with a pink barbie backpack as a form of punishment,parenting,absolutely not it is never in a childs best interest to use humiliation as punishment this can lead to issues in the relationship between parent and child as well as the childs social relationships kids have a hard enough time to then go and cause them embarrassment is unconscionable the entire job of a parent is to prepare their child to become a successful healthy adult you do this by using healthy ways to teach a child when they make a mistake discipline shouldnt be seen as punishment it should be seen as a way to teach a lesson what lesson could this possibility be teaching him absolutely nothing meanwhile she is most likely damaging her relationship with him and causing great distress in his school day and peer interactions she should be one of the people he can come to when hes hurting not someone who causes him pain,1,1,834,0.4249801864083328,0.5750198135916672,T
143,544,i find myself being very outgoing most of the time but there are some times when i dont know what to say i dont even want to talk at all its like i search for the right thing to say and nothing ever comes out i dont know if im outgoing only to fill the void of not knowing what to say i dont know if people like that about me im very selfconscious and always think people are talking about me so it makes me have a cold shoulder and not want to talk,anxiety,would you feel more secure in conversations if instead of talking soon after meeting someone or entering a social situation you simply listened attentively to the other peoplethis way youd have a more secure idea of what topics the group likes talking about and whether you like talking about these topics as wellmaybe you simply are in groups or situations in which you dont care for the people or focusstart by trusting your own evaluation of your true interest in being among the groups in which you aremaybe you simply need new and different groups,1,1,552,0.4251549190764677,0.5748450809235323,T
144,1058,my husband and i have been married for seven years and in that time we have only had sex four or five times others have told me that most men would have left me by now honestly i think i have a low sex drive or neither one of us actually knows what we are doing i want to be better connected with my husband,intimacy,the numbers you write are low compared to how much sex many other people would be satisfied havingthe key is your and your husbands satisfaction with the amount of sex you are havingand know if there are reasons besides low sex drive that possibly explain thisknowing the other possibilities matter because a low sex life may mean one of you is being satisfied sexually outside the marriage or that one of you prefers sex with a same gendered partnerif youve ruled out these possibilities and you are satisfied with your emotional and financial life in the relationship then a low sex drive may simply be the norm for the two of you,1,1,632,0.4254527371221104,0.5745472628778896,T
145,316,i start counselingtherapy in a few days im freaking out but my main fear is that ill cry and embarrass myself is it something to worry about,anxiety, ways crying may benefit your healthdetoxifies the body reflex tears clear debris like smoke and dust from your eyes helps selfsoothe crying may be one of your best mechanisms to selfsoothe dulls pain improves mood rallies support helps you recover from grief restores emotional balance helps baby breathe helps baby sleep ,1,1,323,0.4257353480341443,0.5742646519658556,T
146,193,i suffer from adult adhd anxiety disorder and depression it has been difficult to find a doctor in my area and my primary physician wont help i am unemployed and overwhelmed what would you suggest i do,depression,look up online what the local hospital offers to people  also google some of the key words you just wrote here like depression and counseling lowcost counselingdid your primary physician tell you their reason to not help you  if not then ask the person to tell you their reasoning  even if the specific doctor wont help you by understanding their reason you may be able to work with the answer you hear,1,1,402,0.4259672497396474,0.5740327502603526,T
147,1055,my wife and i have a great relationship except for our sex lives we are pretty transparent and honest and basically she feels bad because she never wants to have sex she doesnt have the desire shes also never orgasmed she feels like a terrible wife and fears ill cheat on her she doesnt know why last time we had sex she cried and felt bad and didnt know why she cried however she also told me that the last time we had sex she felt me in her but it just felt ehh and wanted to stop that makes me feel really awful we rarely have foreplay everything i try tickles her so she makes me stop we are both frustrated but very much in love she and i are in our early s were married and we have a baby on the way,intimacy,have you guys ruled out medical disorders there is new data that post part depression starts in the pregnancy before baby is delivered there maybe those factors please check out those arenas firstly then consider marital therapy services relationship changes with the time passing and with the time and care deposits of investment onto the relationship bank account  thanks for this opportunity to answer some of yaalls relationship intimacy concerns,1,1,450,0.4261080075740567,0.5738919924259432,T
148,1633,my best friend and i were pranking her friend and i told her to tell him that she likes him she said no but i forced her after she told him he told her that he likes her too their friendship is ruined because of me she wont forgive me and i feel really guilty i feel like crying,socialrelationships,in order for your friend to forgive you shed need to trust you understand the damage you introduced into her relationship with her friendits possible if you offer your friend expressions of your empathy toward her  over an extended time possibly shell forgive youyoure certainly learning relationship lessons on how to treat people and the effect of betraying another person which will last forevermaybe this was meant to be the outcome,1,1,436,0.4263146411763847,0.5736853588236153,T
149,417,"when im in large crowds i get angry and i just cant deal with people i dont really like other people i prefer animals they make me nervous and scared
   i lay awake at night thinking and having conversations in my head and i almost always end up making myself feel terrible and crying i have more conversions in my head than i do with actual people    i dont know whats wrong with me and why i feel this way what should i do",anxiety,so amazing that you are aware of your social anxiety and distress with others you are in relationships with you have taken the first step toward a journey of healing secondly make an appointment with a therapist who specializes in neurofeedback and biofeedback treatment a test is needed to determine which areas of your brain are on and which areas of your brain are off then it will be focused treatment which will speed your healing,1,1,435,0.4266012076347427,0.5733987923652573,T
150,784,a year ago the love of my life left me and never looked back our son was two months old at the time and it broke my heart i miss her so much and cant seem to get over being so heartbroken,relationshipdissolution,who takes care of your son is a significant part of getting over your heartbreakif you made reasonable custody terms re your son then the relationship heartache is much easier to recover from than if your sons mother vanished from his life or if the mother wants nothing to do w himre the actual relationship let yourself feel sad and hurt since this is the truthusually life gradually fills in new people including a relationship once you feel strong enough from having endured such sadness and loss,1,1,500,0.4268466765117896,0.5731533234882104,T
151,1425,my boyfriend is always saying hes done with me and says hes leaving but then at the end of the night hes still here he wakes up in the morning acts like nothing happen and repeats this every night,relationships,do the two of you ever talk over why he does this or your reaction to itare you asking your question because his behavior upsets you or only out of curiosity to understand him betterbasically first know your own reason for your question   then go ahead and tell him if what he does bothers you  in the best of cases he doesnt realize how his actions affect you and he will change,1,1,379,0.4275623859933812,0.5724376140066187,T
152,612,he is an adolescent he has peed his pant multiple times over the last few years all at times when he is too wrapped up in a video game or video we have taken away games and videos for long periods of time as punishment but after a few months of having then back he pees his pants again,parenting,sounds as though your son is pissed off about somethingpunishment will most likely result in more of the same not less of the peeing you would like to stop from happeninglaziness is more of a social judgement than it is a characteristic of its own meritis this your description of your son or his description of himselffirst step always before addressing any of the family dynamics emotions and psychology of the people involved is a medical rule out as to why your son pees at times he plays video gamesif he has medical clearance that there is no physiological  problem then talk with your son on his opinions as to why he pees if he is aware of the urge to pee and ignores it or that his attention gets so absorbed he doesnt notice the urge to peesee what modifications you can create by cooperating with your sonmaybe it is as simple as each two hours he sets a timer and when it goes off he takes a bathroom break,1,1,918,0.4275786036925879,0.5724213963074121,T
153,1602,how does a counselor decide when to end counseling sessions or to terminate working with a client,professionalethics,in my therapy practice the decision to end therapy is mutually made together with the patientotherwise the person can end up with a sense of tremendous rejection and abandonmentthe way youll both know therapy is coming to a close is that the discussion will feel lighter and move easilythe persons mood will be better they will smile more sit in their seat in a more relaxed way look more at ease take better care of their appearanceone of the ways to end therapy is to gradually decrease the frequency of the sessionssometimes people who are in my practice start to come each three weeks then monthly then every three monthsthis gives a sense of security friendliness and casualness to the therapy and demedicalizes it as though the person was treated for a medical symptom and the symptom stops completely one daytalk therapy is about life and life problems usually end graduallyi end my therapy in a way which mirrors the life process in which many interaction and situation problems show their effects gradually and show different effects over time,1,1,1052,0.4280275766054849,0.571972423394515,T
154,1220,my mother has alzheimers and she has become so nasty and mean to everyone and she always asks for unrealistic silly or meaningless items i get so frustrated and angry but then i feel guilty because i know it probably isnt her fault how can i cope with feeling like this,familyconflict,make sure that you continue to treat your mom with respect however you also need to make sure that you have time away from her so that the stress of caring for her doesnt overwhelm you balance is the key,1,1,203,0.4281550878259573,0.5718449121740427,T
155,2511,"on the first day of school i wore a bra that was too big so that it would look like i had bigger boobs  i did that the whole school year and my parents never found out but now i can never hang out with my friends at my house or invite them over because it would be around my parents and my friends would see there is nothing there on my chest 

how do i fix this",selfesteemsocial relationships,wear baggy clothes to disguise the problem and if you do this for a long enough time then your friends may forget what size boobs you havecan you tell your parents what you wrote here  if yes then maybe they will be empathetic and this always helpsthey may also agree to not make any comments about your boobs when you wear the bigger bra around your friends when they visit you at homealso its possible your friends already have questioned why you wore a bigger bra than your boobs  maybe they saw what was going on the whole time during the school year and felt too awkward to tell you,1,1,587,0.4285715991235101,0.5714284008764898,T
156,717,on the first day of school i wore a bra that was too big so that it would look like i had bigger boobs i did that the whole school year and my parents never found out but now i can never hang out with my friends at my house or invite them over because it would be around my parents and my friends would see there is nothing there on my chest    how do i fix this,selfesteem,wear baggy clothes to disguise the problem and if you do this for a long enough time then your friends may forget what size boobs you havecan you tell your parents what you wrote here  if yes then maybe they will be empathetic and this always helpsthey may also agree to not make any comments about your boobs when you wear the bigger bra around your friends when they visit you at homealso its possible your friends already have questioned why you wore a bigger bra than your boobs  maybe they saw what was going on the whole time during the school year and felt too awkward to tell you,1,1,587,0.4285715991235101,0.5714284008764898,T
157,1763,is it normal for people to cry during therapy or is it just me,counselingfundamentals,crying  shedding of tears ways crying may benefit your healthdetoxifies the body reflex tears clear debris like smoke and dust from your eyes helps selfsoothe crying may be one of your best mechanisms to selfsoothe dulls pain improves mood rallies support helps you recover from grief restores emotional balance helps baby breathe helps baby sleep ,1,1,348,0.4287579322582487,0.5712420677417512,T
158,856,i was born a girl but i want to be a boy because of my religion i cant tell my family i know they wont accept me what do i do,spirituality,no religion stops a person from being themselves gender is selfidentified and not the one assigned at birth few families need sensitiation program for them to understand that their child is perfectly normal and gender dysphoria or gender incongruence is normal,1,1,260,0.4297356974469041,0.5702643025530959,T
159,2678,"a few years ago i was making love to my wife when for no known reason i lost my erection 

now im in my early s and my problem has become more and more frequent  this is causing major problems for my ego and its diminishing my self esteem this has resulted in ongoing depression and tearing apart my marriage 

i am devastated and cannot find a cause for these issues i am very attracted to my wife and want to express it in the bedroom like i used to 

what could be causing this and what can i do about it",intimacyhuman sexualitydepressionrelationships,first step always is to do a medical rule out so that youre sure the problem is psychological and emotion based not a medical condition which requires care and attentionif you are medically clear in the reasons for losing your erection then reflect on what may be creating a loss in confidence in either who you are and what youre doing with your life or whether your wife has these sort of problems within herselfoften a problem transfers ownership of who shows itif you are a sensitive person its possible your erection problem reflects your wifes insecurities and selfdoubt  if she is someone who is reluctant to talk about feeling unsure then in a certain way by you showing a problem she can avoid looking at herselfthere may not be a direct cause such as usually exists in a medical problemmedicine looks for symptoms to treatour emotional lives are much more indirectif you feel stress at work or are unhappy in the place you live for example then your frustration may show up in your sex lifebasically do a broad inward search of your life and what it holds and maybe ask your wife to do the sameyou may clear the air within yourselves and between each other so the problem goes away,1,1,1191,0.4298787855742709,0.570121214425729,T
160,101,a few years ago i was making love to my wife when for no known reason i lost my erection    now im in my early s and my problem has become more and more frequent this is causing major problems for my ego and its diminishing my self esteem this has resulted in ongoing depression and tearing apart my marriage    i am devastated and cannot find a cause for these issues i am very attracted to my wife and want to express it in the bedroom like i used to    what could be causing this and what can i do about it,depression,first step always is to do a medical rule out so that youre sure the problem is psychological and emotion based not a medical condition which requires care and attentionif you are medically clear in the reasons for losing your erection then reflect on what may be creating a loss in confidence in either who you are and what youre doing with your life or whether your wife has these sort of problems within herselfoften a problem transfers ownership of who shows itif you are a sensitive person its possible your erection problem reflects your wifes insecurities and selfdoubt  if she is someone who is reluctant to talk about feeling unsure then in a certain way by you showing a problem she can avoid looking at herselfthere may not be a direct cause such as usually exists in a medical problemmedicine looks for symptoms to treatour emotional lives are much more indirectif you feel stress at work or are unhappy in the place you live for example then your frustration may show up in your sex lifebasically do a broad inward search of your life and what it holds and maybe ask your wife to do the sameyou may clear the air within yourselves and between each other so the problem goes away,1,1,1191,0.4298787855742709,0.570121214425729,T
161,2642,every winter i find myself getting sad because of the weather  how can i fight this,depression,change your total daily routine different route different lunch different afternoon  sit outside for  minutes three times every day use a therapy light during the day aromatherapy oils for stimulation butkeep your routine bedtimes and wake up timesand exercise at least  times per week  if after several weeks you are not feeling bettertalk with your doctor,1,1,357,0.4302147527027091,0.5697852472972909,T
162,127,every winter i find myself getting sad because of the weather how can i fight this,depression,change your total daily routine different route different lunch different afternoon  sit outside for  minutes three times every day use a therapy light during the day aromatherapy oils for stimulation butkeep your routine bedtimes and wake up timesand exercise at least  times per week  if after several weeks you are not feeling bettertalk with your doctor,1,1,357,0.4302147527027091,0.5697852472972909,T
163,1598,how does a counselor decide when to end counseling sessions or to terminate working with a client,professionalethics,in general i usually let the client decide when this should occur sometimes with some clients it will be a joint agreement but even in that case it should weigh mostly on what the client feels in short therapy ends when you feel your donec,1,1,239,0.4303887268058357,0.5696112731941643,T
164,25,"i have so many issues to address i have a history of sexual abuse im a breast cancer survivor and i am a lifetime insomniac    i have a long history of depression and im beginning to have anxiety i have low self esteem but ive been happily married for almost  years
   ive never had counseling about any of this do i have too many issues to address in counseling",depression,absolutely not a lot of the issues that have been identified are strongly correlated to each other sometimes when you start therapy and address the first issue it helps decrease the severity of the other issues,1,1,210,0.4307483948252545,0.5692516051747455,T
165,1707,"how do you know you have the right therapist for you
 how would i know how to train my therapist to be able to give me what i need from treatment",counselingfundamentals,there are lots of very good therapists out theredoing all types of therapy however studies show that more important than the type of therapy the biggest indicator of client success is the therapeutic relationship that develops between the therapist and client in other wordsthere needs to be a good fit,1,1,302,0.4307525478670155,0.5692474521329844,T
166,1101,my fiancé of  years is always helping out his family and i feel like his family takes advantage of his kindness were about to get married this saturday but i feel like he is always gonna put them first instead of myself and our three kids i am not enjoying our engagement at all,intimacy,congrats on your upcoming weddinghave you told the thoughts you write here to your fiancé this is the place to start since you clearly are unhappy with a part of his and now your life which will be with you for quite some time,1,1,226,0.4310487039036096,0.5689512960963904,T
167,916,my girlfriend was abused as a child now if i hug or touch her in any kind of way she says she feels as if she is being abused as a child what might be going on,trauma,was your gf always this way with you or did her withdrawal develop suddenlyalso are there any other changes going on between the two of you in terms of feeling relaxed and at ease with each other enjoying each otherits possible her physical withdrawal due to her sensitive nature about who touches her and the meaning of touch reflects an underlying emotional hesitation about her feelings toward youthis can be either strong positive or negative feelingsshe may be fearful of becoming more intimately attached to you and withdrawsshe may be actually withdrawing and expresses herself through the amount of touch she wants from othersbest way forward as almost always in a relationship is to have a gentle conversation to open up the tension between the two of you,1,1,764,0.431798801684236,0.568201198315764,T
168,890,i am a survivor of multiple sexual abuserape experiences triggers are having an effect on my daily life and my sexual relationship with my partner im trying to learn to cope with them,trauma,talking about it stops it from being a secret  it takes courage to have posted your question and that is the first step here is an article i wrote a few years back  httpabuseisnotasecretcomwhyabuseisnotyourfaultone day at a time,1,1,228,0.4319939702302745,0.5680060297697255,T
169,1623,i am a young adult and i was sexually assaulted by an older man when i was a teenager which has really intensified the guiltshame however ive been attracted to much older men since i was even younger than that,humansexuality,sometimes the reason for being attracted to older men is because of growing up with a father who was distantif you grew up having enough interaction with your dad to know youd have liked more and didnt receive this then maybe your longings of childhood are still active within youit is ok to like older menjust be sure youre not idealizing them or anyone elsebecause regardless of age a relationship is based on who the two people really are not how wed like imagining them,1,1,473,0.4326299930202792,0.5673700069797207,T
170,810,my husband and i got into a huge dispute he said he wanted a divorce and i left i still come home a lot and see my kids and he has not filed yet even though he still said he is what does that mean for our marriage,relationshipdissolution,in any relationship including marriage each partner will be better able to do their part by understanding their own interests and wishesconcentrate more on what youd like from your marriage  this will naturally raise the questions and criteria of what to talk with your husband about and what to ask of himthink over whether you wish to divorce or notsince he hasnt taken any action then for the moment you can assume he is not sure of what he wantsonce you feel a little more clear on your opinion about your marriage including feeling uncertain if youd like it to end or continue then you will be able to tell your husband the suggestions you have for resolving the dispute matter and emotionstry to redirect your speculations about what does he want i wonder what hes thinking back to answering these very reasonable questions about yourselfthis will strengthen your own purpose in clarifying where to start and guide a discussion with himgood luck,1,1,951,0.4327111753208524,0.5672888246791475,T
171,1100,hes lied about his pastpresent situations since time has passed he has changed but i still have my doubts i have no idea if i should stay or go but i hate this feeling i dont trust him all too much but yet he hasnt done anything for me not to trust him recently,intimacy,your doubts about your dating partner need to be addressed and solved so you can fully believe him againotherwise how would you actually know whether hes lying to you now or notstart the conversation with him about wanting to trust him and asking for whatever details you feel will give you confidence he is telling you the truthif he really wants to clear your doubts then he will be willing to invest in answering your extra questions or wanting to look through his phone or whatever areas you felt were violated by him in the past,1,1,533,0.4328058083630773,0.5671941916369226,T
172,1404,i met the first man five months ago i have come a long way and do have feelings for him i know he would do anything for me and my kids the man i love is their father and no matter how many times things havent been great in the past i cant help but love him i know they both love me and i love both of them,relationships,the answer depends entirely on which interest is stronger for youif the reliable caretaker man is not someone with whom youd have fun lively conversations understand each other be sexually compatible or romantically attracted and your primary interest is in someone who steadily manage the kids household and finances then he is the right one for youthe problem is you may not be happy longterm with someone to whom you feel no romantic compatibility consider the drawback if you reach the moment of restlessness romantically and are with someone on whom you depend to take care of your kidssince you have feelings for him then wait several months longer to see whether or not you can imagine yourself romantically happy with the steady guyif the other guy who is also the bio dad isnt involved with his own kids then he seems like a poor choice of someone to be with longterm,1,1,876,0.4331611720076627,0.5668388279923373,T
173,105,a few years ago i was making love to my wife when for no known reason i lost my erection    now im in my early s and my problem has become more and more frequent this is causing major problems for my ego and its diminishing my self esteem this has resulted in ongoing depression and tearing apart my marriage    i am devastated and cannot find a cause for these issues i am very attracted to my wife and want to express it in the bedroom like i used to    what could be causing this and what can i do about it,depression,erection maintenance is caused by connective tissue weakness as well as lymphatic stagnation of the area and accompanying channels  a proper detoxification is necessary to reverse the stagnation and get things flowing againlower circulation and pituitary might also be indicatedmedical will likely not recommend anything useful in the long term pharmaceuticals do not solve a problem only suppress it and it will return again later and worse than beforecertain herbal protocols and natural protocols would be very warranted in getting things going again ,1,1,554,0.4336179426084348,0.5663820573915652,T
174,1319,what makes a healthy marriage last,marriage,i appreciate your questionthe answer of what makes a good marriage are as varied as there are marriagesbasically similarity like mindedness in beliefs and values makes a good marriage the best chance of getting along with someone on a longterm basis is when two people see life and the world in similar wayseven though opposites attract this is a short lived dynamic which breaks apart when there arent enough similarities in common between the partners,1,1,453,0.4337502341030839,0.5662497658969161,T
175,1537,im a teenager and i created a sort of imaginary friend to help me cope with stressful situations or if im worried or upset she gives me advice and comforts me and tells me itll be okay ive given her a name solace and created a personality for her thats like a comforting motherly figure i know its just my own advice and my own thoughts but its just that im thinking of them through a voice other than my own i do this because i know i never really listen to my own advice and i thought it would be better if it was through someone else who knew my thought process in and out through this imaginary friend is this normal could it develop into a separate personality with time if i continue a mentality that she is her own person,behavioralchange,from your detailed awareness of how you developed and are utilizing solace unless you face some unexpected and altering physical incident to your brain such as physical head trauma drug induced brain change other medical condition which affects your brain you show a strong knowledge that she is imaginary and not a personthe predicted outcome of what you wrote is to continue the selfreflective conversations you have with your invented friend solace,1,1,451,0.4341467827134356,0.5658532172865643,T
176,78,my mother is combative with me when i say i dont want to talk with her about my depression    she hasnt been supportive of me in the past and she isnt someone that i feel comfortable opening up to she constantly tries to instigate conversations where she asks me questions that i dont want to or cant answer i tell her i dont want to talk and she starts arguments with me    how can i get her to understand,depression,do you live with your mom and have constant interaction with her  it is your choice who you share things with  you can set some clear boundaries  she can either talk about the interest you feel comfortable or you can reduce eliminate conversations with her  these arguments are most likely not good for your depression  here is a video regarding boundaries  boundaries,1,1,368,0.4344641061749874,0.5655358938250126,T
177,1232,she constantly tells me what i am doing wrong for once i want her to be proud of me its like no matter what i do she does not have one nice word to say to me she is always hateful towards me and always has been,familyconflict,im sad and heartbroken on your behalfim very sorry your mom has such negative views on youplease know that there must be some reason in her personal history or relationship life which drives her to criticize you so stronglythe natural dynamic is for a mother to love and nurture her childunless at some earlier point in your relationship with her you caused some massive harm to her which would justify her indirect dislike for you then the best way for you is to find supportive and loving other people who will to some degree make up for the harshness you hear from heralso read online about others who have similar situations because there may be good guidance on keeping yourself emotionally safe from how she treats you,1,1,724,0.435196462787216,0.564803537212784,T
178,299,i just had a newborn when i brought him home my mom told me to leave now im in a womens home i dont see my boyfriend that often because he works the womens place is helping me find an apartment so i can go back to work and get child care,depression,congrats on the birth of your sonwas your moms request for you to leave her house one which she asked awhile ago or was this her greeting when you walked in the doormy question is whether your mom had some changed circumstance in her life whether she and you discussed living arrangements prior to your sons birth or whether nothing was talked about you assumed youd be living with her she assumed you wouldnt and the two of you didnt speak to one another about any of thisdepending on the answers there may be clues as to handling future expectations of others especially your momfrom what you write the womens home is supportive of your basic daily living needs   it is good news that the people who run this home know and offer community resourcesin your interactions with the staff of the womens home ask all the questions necessary so youll have a clear understanding of the apartment lease anything at all that is on your mind about becoming employed and finding childcarethe point is to have all the major steps youre about to start addressedthis way youll be minimizing the possibility of any sudden bad news by the womens home told to yousending lots of good luck,1,1,1172,0.4355463139617428,0.5644536860382572,T
179,2,"i have so many issues to address i have a history of sexual abuse im a breast cancer survivor and i am a lifetime insomniac    i have a long history of depression and im beginning to have anxiety i have low self esteem but ive been happily married for almost  years
   ive never had counseling about any of this do i have too many issues to address in counseling",depression,absolutely not  i strongly recommending working on one issueneed at a time  in therapy you will set smart goals and objectives that will help you reach your goals  i see you as a survivor and not a victim  best wishes to you,1,1,224,0.4362828966080226,0.5637171033919773,T
180,379,im dealing with imposter syndrome in graduate school i know that by all accounts i am a phenomenal graduate student and that i am wellpublished i am well liked by students and faculty alike and yet i cannot shake the feeling that im going to be found out as a fraud    how can i get over this feeling,anxiety,imposter syndrome is a basic effect is a dishonest causebasically there is a fundamental lack of honesty in some important parts of your life my guess would be relationships that has led to this sense of dread and guilti wonder where the dishonesty be,1,1,251,0.4365490218326071,0.5634509781673929,T
181,1261,my mom and dad got divorced four years ago i had to finish out the school year with my dad and now they are deciding which place is best for me i cant choose how can i choose if i love both places,familyconflict,if youve already stated to your parents that youd like your opinion to be considered and listed the key areas youd like them to keep in mind when making a final decision as to which house you will live then youve done all you possibly and reasonably can dosince you wrote that you have difficulty to decide in which parents home you prefer to live then even if you had free choice of whose house in which to live are you not better off with the decision made by them on your behalf,1,1,481,0.4368193385052422,0.5631806614947578,T
182,806,ive been in an on an off relationship with a this man for almost  years even though i care about him he continues to hurt me    he and his wife were separated when we met now hes going through a really difficult divorce from her and is taking it really hard i want to end this relationship but i dont feel like i can how can i let go,relationshipdissolution,first decide what you truly would like in the current relationship understand your reasons for staying in the relationshipthree years is a substantial amount of time to be involved with someone   whatever attachment you feel toward this man is deep and complexinstead of deciding to leave or not leave change your question to figuring out your satisfactions and dissatisfaction with the man also important is to tell the man your feelingswhatever problem you are feeling may become clarified by discussing what bothers youat the very least you will give the guy a chance to show how interested he actually is in the tension you currently feel and have felt for a while,1,1,668,0.4369071847869936,0.5630928152130064,T
183,2289,"ive been in an on an off relationship with a this man for almost  years even though i care about him he continues to hurt me 

he and his wife were separated when we met now hes going through a really difficult divorce from her and is taking it really hard  i want to end this relationship but i dont feel like i can how can i let go",relationship dissolution ,first decide what you truly would like in the current relationship understand your reasons for staying in the relationshipthree years is a substantial amount of time to be involved with someone   whatever attachment you feel toward this man is deep and complexinstead of deciding to leave or not leave change your question to figuring out your satisfactions and dissatisfaction with the man also important is to tell the man your feelingswhatever problem you are feeling may become clarified by discussing what bothers youat the very least you will give the guy a chance to show how interested he actually is in the tension you currently feel and have felt for a while,1,1,668,0.4369071847869936,0.5630928152130064,T
184,420,"i have been with my boyfriend for more than a year he recently got a new job and travels a lot im not used to him being gone all the time i feel as though he has forgotten about me because he does not talk with me as much and doesnt keep me up to date on everything that he does throughout the day which he used to
 i feel lost sad and unwanted this is really a tough new challenge i just want to break up with him but i love him so much i dont know why he is acting this way lately i believe i have separation anxiety is there anything that i can do to help me cope with this while he is out of town",anxiety,first step is to tell your boyfriend the reasons you feel upsetthis way he has a chance to answer your questions as to why he doesnt keep in touchhis responses will guide your next stepsthere is a difference between his unavailability due to a heavy workload or because he has less interest in the relationshipin order to work with his current behavior you first need to find out why it is happening,1,1,399,0.4370297859746553,0.5629702140253446,T
185,174,"im in my late teens and live with my dad the only time i go out is for my college classes sometimes when i see my friends i want to talk with them but sometimes i wont want to talk to them for days or even weeks    sometimes i feel im not worth knowing or im never going to do anything right
   are they right am i depressed",depression,characterized by persistent sadness and a lack of interest or pleasure in previously rewarding or enjoyable activitiesyoure not alone globally more than  million people of all ages suffer from depression  whofollowing could be potential causes of depression family history youre at a higher risk for developing depression if you have a family history of depression early childhood trauma some events affect the way your body reacts to fear and stressful situations brain structure medical conditions drug uselike i always state seeking to get physical and mental tests done then start a path in talk therapy,1,1,607,0.4371201451918167,0.5628798548081833,T
186,1096,my husband cheated while i was pregnant with our son with a socalled friend this was before we were married we split and eventually worked things out i thought i trusted him so we got married now he flirts with girls in front of me ive talked to him but nothing helps,intimacy,this sounds very painful for youare you able to tell him how his flirting affects youmaybe he doesnt care enough to change and maybe he doeslong term if he continues this then usually people feel they have two choices put up with it which of course greatly reduces the sense of satisfaction in the relationship   or of course you can decide to end the relationship  this choice is quite significant now that you have a child together  give yourself plenty of time to think over the best outcome,1,1,494,0.4371628604148392,0.5628371395851608,T
187,1084,i went to my exboyfriend to reach out to one of his high school friends whos attempted to commit suicide when i went to him to reach out to his high school friend he told me that i put him in a terrible position and put an enormous load on his shoulders he was very angry that i went to him to do that am i in the wrong for going to him to reach out he helped me so much with my depression and bad habits so thats why i thought of him to reach out he made me feel awful for thinking highly of him to help why did he react this way towards me i think hes being selfish,intimacy,your compassionate reach out to the friend is praiseworthythat your ex bf has trouble accepting your gesture as kindness shows your ex bf is not seeing the situation clearlyi believe your ex bfs words about feeling burdened by your actionhowever he is mixing up his own responsibility to know the root of his feelingsblaming you for feelings he doesnt understand within himself is unfair and not helpful to anyone including himfrom what you write you did nothing wrong and your action toward the potential suicider was graciousmy only guess which is also very general about your ex bfs behavior is that he doesnt yet fully understand himself and finds blaming others easier than understanding himself,1,1,700,0.4389456829192099,0.5610543170807901,T
188,2574,"i have high functioning autism and i have been on a lot of dating sites like meet me match and zoosk i havent had any luck on any of the dating sites i have been on

 i really want a boyfriend but i dont know what i should do i just want to be in a relationship how can i meet someone",relationships,are there dating sites for people who have autism on the high functioning endif not then find out the names of different organizations which support people who have autism  at least one of these groups will have some guidance as to social activities for dating or even specific sites for dating when autism is a criteriaall the rejection on dating sites is rough for anyone to handlehow do you know that youre being passed over by guys who are on dating sites because you have autism    any reason is possibleunless youve heard from a few particular guys that their reason for looking beyond you is because of your autism it is possible youre in the same boat as everyone else who feels similarly frustrated by dating site rejection,1,1,732,0.4389701652952408,0.5610298347047592,T
189,1378,"i have high functioning autism and i have been on a lot of dating sites like meet me match and zoosk i havent had any luck on any of the dating sites i have been on
    i really want a boyfriend but i dont know what i should do i just want to be in a relationship how can i meet someone",relationships,are there dating sites for people who have autism on the high functioning endif not then find out the names of different organizations which support people who have autism  at least one of these groups will have some guidance as to social activities for dating or even specific sites for dating when autism is a criteriaall the rejection on dating sites is rough for anyone to handlehow do you know that youre being passed over by guys who are on dating sites because you have autism    any reason is possibleunless youve heard from a few particular guys that their reason for looking beyond you is because of your autism it is possible youre in the same boat as everyone else who feels similarly frustrated by dating site rejection,1,1,732,0.4389701652952408,0.5610298347047592,T
190,1666,how do therapists classify the type of personality their clients have what characteristics do they look at to decide what type of personality the client has ive read about this online but id like to understand this from a therapists point of view,diagnosis,in my therapy practice i avoid characterizing people except for whether or not they are selfharming or a risk to harm other peopleas long as someone is sincerely trying to know more about themselves my work is help the person clarify who they really are and how their true self may be quite different than the life the person created for themselves based on satisfying other peoples standardsin broad terms personality disorders have stock characteristics which change very minimally over time instead of  uniqueness  which constantly flows and changes with circumstances over time,1,1,581,0.4391205757929944,0.5608794242070055,T
191,654,shes in her early s and she has a toddler,parenting,well first lets identify what factors are involved in the situation about which you wroteare you the only decision maker regarding your stepdaughter living with youis her dad and your partner living under the same roofwould you feel any obligation to consult with your husband about his opinion and his way of handling the situationhave you talked with your stepdaughter about your observation and your reaction to the fact of her not honoring your boundariesconsider too that there will be an effect on the toddler your grandchild if you kick out your daughteris your daughter financially ready to live on her own and support herself and her childyou certainly have the right to define the terms of what goes on under your roofit is only fair to everyone that as many variables as possible be consideredthe conclusion may be that it is in everyones best interest for your stepdaughter to move outif everyone feels respected and a well thought out plan is developed then the least amount of hurt and stress and the most amount of happiness will be possible from this change,1,1,1073,0.4396235797641702,0.5603764202358298,T
192,751,how do i decide if i should end my relationship with my boyfriend,relationshipdissolution,hiim sorry youre having this dilemma i wish i knew a little more about the situation to give a better answer have you discussed what is causing you to consider breaking up with your partner based on the information given i suggest starting off making a pros and cons list pros for staying in the relationship and cons for staying see which side has more follow your gut hope this helps as a start,1,1,396,0.4400016666183832,0.5599983333816168,T
193,240,i have a severe back problem ive had  major and several minor operations but im still in constant pain how can i deal with the depression from this chronic pain,depression,maybe if you started to address questions of an inner nature of what changed in your life as a result of the back problemto know your limitations and the areas of your life which they affect will greatly contribute to stronger selfknowledge within yougreater awareness and sense of direction very often decreases depression,1,1,323,0.4411341662434014,0.5588658337565986,T
194,1121,i believe my partner has a masturbation and porn problem he masturbates daily even when i am lying in bed sleeping beside him we have sex once a week he is rough and worries about his needs he never touches me and treats me like a porn star wanting to finish on my face or chest,intimacy,the comments here from the other therapists are spot on as a certified sex addiction therapistcandidate im convinced your partners acting out creates trauma for you your partners addiction is not your fault and his recovery is his responsibility whats paramount is for you to get immediate help from an experienced therapist who understands trauma as result of the partnersspouses problematic sexual behaviors your needs safety and the establishment of reasonable boundaries is vital to your wellbeing i wish you the very bestresources for your consideration  httpswwwiitapcom  httpswwwsanonorg  httpwwwcosarecoveryorg,1,1,618,0.4416444591461879,0.5583555408538121,T
195,1596,how does a counselor decide when to end counseling sessions or to terminate working with a client,professionalethics,ideally termination should be a mutual process its not that the therapist kicks the client out at some point and says okay youre done rather over time the client will decrease the frequency with which heshe comes to session so that it may start off as weekly then decrease to biweekly then perhaps once every three weeks then oncemonth and so on throughout this process the therapist and client should have had regular check ins about progress toward goals if the client feels good about where heshe is in life heshe might decide to suspend therapy for now that being said the therapist should make it very clear that if the client ever decided to return for maintenance therapy or a check in heshe would always be welcome there is no hard and fast rule to ending or a particular time period in which it must end what matters most is that the client feels good about it and knows that the therapist will always be there should heshe wish to return,1,1,947,0.4422786650398809,0.5577213349601191,T
196,652,i have three children the oldest is nine and not my biological child the middle child is three and the youngest is one i have a great relationship with the oldest two children but i havent developed the same level of attatchment to the youngest child i rarely want her around and look forward to her nap times is this normal,parenting,this is a common response parents can have  there are many reasons for attachment disruption   but attachment is  important for the child as well as your long term relationship with them    i would want to know more about the history of the child and any stressors you have gone through during the childs lifetime  often if there is stress parents will not have the time or energy to attach well to the child  sometimes the energy of the child and the parent are mismatched as well  but whatever is at the core this is something that can be addressed in counseling  the earlier the better because adult relationships are based on parental relationships we had as children  therapy can start at age  to address these types of issues  visit staceybshapirocom for more information about getting started,1,1,799,0.4423014569303753,0.5576985430696246,T
197,791,my spouse decided he no longer wanted me six years ago things have deteriorated so badly that we have separated but still live in the same house he says he despises the sight of me wants to be with other women and divorce what i dont understand is that he says constantly that i have no feelings for him and gets absurdly jealous if i speak to another male why does he constantly do these behaviors i might add he has been diagnosed with borderline personality disorder and as a narcissist,relationshipdissolution,what a burden for youyour husband cannot seem to make up his mind on his viewpoint and doesnt seem to care whether or not youre affected by speaking out of two sides of his mouthkeep yourself protected emotionally from him   theres no good which can come by arguing with a person who  flips their positionlive as separately as possible from him and stick to roommate type matters such as groceries bill paying and housecleaning as discussion topicsif he cannot make sense of what he thinks and feels then certainly you will face similar difficulty trying to do so,1,1,563,0.442402190077933,0.557597809922067,T
198,636,my daughter is in later elementary school she cant color in the lines her words jumble together when she writes unless there are big spaces or she skips lines,parenting,kids develop in different ways and different speeds it can sometimes feel like your kid has a delay because of these different ways of development if you have concerns about your childs development then addressing it with the school is the best solution they will be able to provide a full assessment if needed with an academic diagnosis as well as academic support,1,1,365,0.4428447451426924,0.5571552548573075,T
199,1094,when my boyfriend gets in a snit he gives me the silent treatment for days when i ask what is wrong i get nothing no reply no phone call if he does reply it is something very sarcastic and hurtful he never admits he is wrong and never apologizes,intimacy,try during a good moment between you to tell him youd like to talk over something about your relationship and that youd like to set a time with him to do sowhen a person shuts down and withdraws the only choice is to withdraw yourself   if this continues on a regular basis after a while the two of you will become increasingly distant and have developed the very unhappy habit of not clearing the air between the two of yougood for you to recognize a problem and be willing to address it,1,1,488,0.4429802541559695,0.5570197458440305,T
200,671,my husbands exwife married a man who was charged with seven felony counts of pandering involving a minor he by his own admission is addicted to child pornography my stepdaughters are now all teenagers they do not know my husbands exwife has kept this information from my stepdaughters the stepfather has had issues regarding his pornography addiction recently the exwife minimizes it by saying that he has repented it is a constant strain on my husband knowing that his girls are living with a man who is addicted to child pornography my own therapist believes the girls should be told the exwife says her therapist says the opposite,parenting,lorain youre correct that your husbands exwife is seriously minimizing this problem i have a very strong opinion here in my book the safety of children trumps potentially insulting or hurting the feelings of adults of course the girls should be told because they have the right to know their voice is not the only one im concerned about here though i believe your husband has the right to insist that his daughters be in a safe home and there is clear evidence this man is not safe this woman is putting her own comfort she simply doesnt want to deal with her partners situation her own fears or anyone elses needs above the safety of two vulnerable girls honestly if it was me my kids wouldnt be even visiting that home with that man present repented or not its not worth the risk if she decides to stay with him the natural consequence of having a known perpetrator in your home is not having access to vulnerable children in that same home,1,1,942,0.443478436017836,0.556521563982164,T
201,1074,we cant hold a conversation together the blame is always pointed at me we have no intimacy,intimacy,how recent is your awareness of a lack of intimacyif this is recent or sudden then the best road forward is have a conversation with your partner on the way you feeldepending on the result and whether youd like to try this conversation several times in order to see your partners receptivity to explain their side you will know how likely the lack of intimacy will continueif you are living with a lack of intimacy for what feels like a long time such as a few years and your partner is unwilling to talk with you about it then you may have reached the end of the road of intimacy returningwhether or not youd want to live this way becomes the next question,1,1,657,0.4444659375532501,0.5555340624467499,T
202,1813,does counseling really do anything that can help people,counselingfundamentals,yes counseling provides an area for people to speak to an unbiased professional about their concerns to address their unique needs while length of time varies counseling is a process and can be done from as little as one session to multiple sessions counseling provide a safe nonjudgmental empathetic atmosphere from a professional helper provide the service,1,1,358,0.445459002551728,0.554540997448272,T
203,879,"there are issues from my past that have me very heavily burdened in my heart ive been torn for so many years and i need help so i can move on with my life
   i experienced trauma when i was  years old and i did come out about it until i was 
   now i know this is whats holding me back on my happiness ive met a very loving and caring man but because im holding on to these things from my past im pushing him away
   how can i get my life back",trauma,i would recommend finding an emdr therapist eye movement desensitization and reprocessing emdr therapy is an integrative psychotherapy approach that has been extensively researched and proven effective for the treatment of trauma as an emdr therapist can attest to the massive changes that using emdr has had for many of the people i have worked with,1,1,350,0.445490044957467,0.554509955042533,T
204,1636,she mostly targets me on social media the bullying used to be much worse but it is still going on the comments are so vague but i know that they are meant for me even when i confront her she messages me short phrases to try to get in my head if i try to fight back she will ruin me,socialrelationships,sorry to hear of your problem situation  feeling intimidated by another person is very unsettlingstop having contact with the personbullies only interact with others either by intimidating someone or by themselves feeling intimidated by someonebullies do not have the same dynamics as everyone elseno one can convince or persuade or talk a bully out of their behaviorthe best protection for yourself assuming you are not being physically threatened by the person is to close contact with themthis does not take away any of the disappointment or sadness of wishing for a better relationship with the personuntil the bully wants to interact differently with others only harm can result from contact with themstep one is to stop the bleeding then to assess and learn to live with not having the person in your life,1,1,811,0.4470038241411515,0.5529961758588485,T
205,1594,how does a counselor decide when to end counseling sessions or to terminate working with a client,professionalethics,from the very beginning of counseling sessions i emphasize that the work will and must end at some pointin counseling there is an arc to the process a beginning middle and end i am always digging searching and exploring there comes a point where things come to there natural endingi always leave an opening for continuing counseling in the future at least as a check in,1,1,369,0.4485599560867755,0.5514400439132244,T
206,1380,over a year ago i had a female friend she turned out to be kind of crazy so i decided to stop talking to her when she would call me i wouldnt answer the phone this made my girlfriend really suspicious she would ask me why i wouldnt ever answer that phone number i told my girlfriend that i dont want to be friends with that other woman but i dont think she believes me how can i get my girlfriend to understand,relationships,do you know why your girlfriend doesnt believe youit is strange that your girlfriend prefers you to take the phone call of another womanhave you blocked the unwelcome phone callshas your girlfriend said she doesnt believe you or is this your interpretationfind out the answer and then ask your girlfriend to tell you her reasons behind her thoughtsit is much easier to help someone understand a situation if the person is engaged in a conversationwhether or not she understands is up to herall you can be responsible to do is to offer your explanation which sounds like youve already substantially offeredkeep or reintroduce the topic for the two of you to talk about again,1,1,673,0.4486342347046581,0.5513657652953419,T
207,2536,over a year ago i had a female friend she turned out to be kind of crazy so i decided to stop talking to her  when she would call me i wouldnt answer the phone this made my girlfriend really suspicious she would ask me why i wouldnt ever answer that phone number i told my girlfriend that i dont want to be friends with that other woman but i dont think she believes me how can i get my girlfriend to understand,relationshipssocial relationships,do you know why your girlfriend doesnt believe youit is strange that your girlfriend prefers you to take the phone call of another womanhave you blocked the unwelcome phone callshas your girlfriend said she doesnt believe you or is this your interpretationfind out the answer and then ask your girlfriend to tell you her reasons behind her thoughtsit is much easier to help someone understand a situation if the person is engaged in a conversationwhether or not she understands is up to herall you can be responsible to do is to offer your explanation which sounds like youve already substantially offeredkeep or reintroduce the topic for the two of you to talk about again,1,1,673,0.4486342347046581,0.5513657652953419,T
208,641,my daughter is in later elementary school she cant color in the lines her words jumble together when she writes unless there are big spaces or she skips lines,parenting,its hard to tell from the information that you were able to provide here but talk with her elementary school a guidance counselor someone working with the school usually a school psychologist should be able to evaluate her to see if she needs extra help and to tell you more clearly what may be happening,1,1,304,0.4508621880185351,0.5491378119814648,T
209,485,i panicked over a minor parking lot mistake it was totally my fault but due to another insurance issue i left a note with an illegible phone number guilty over this i got an envelope containing several hundred dollars unfortunately by the time i returned the other driver had seen my ersatz note and drove away since i cannot make this up to that individual how do i atone for my cowardly act i have been trying to do random acts of kindness in hopes that karma will somehow even out,anxiety,from your writing you have already atoned for what you describe as cowardlyrecognizing your action and trying to directly correct it realizing your action was improper and demonstrating the willingness to take right action are all examples of making things rightsince the actual driver is unavailable to consult as to their wishes on what they expect and feel would correct the matter you did the next best thing and considered the situation from the driver point of view,1,1,471,0.4512058644754078,0.5487941355245922,T
210,2222,"i have a relative who is in his twenties  he was in a drug rehabilitation program and got kicked out for using drugs again no one informed family that he was using drugs again  he subsequently overdosed and was found dead
is their accountability of counselors therapists or the halfway house for not reporting that he had relapsed is there a legal case for failing to report",professional ethicslegal  regulatoryaddiction,im so sorry to hear of your loss  this sounds like a really difficult situation for the whole family  since the answer to this question will depend a lot on the applicable state laws i would suggest talking with a local attorney  that being said i see two competing issues here  on the one side is the duty of confidentiality the counselors owed to your relative  on the other side is the duty the counselors had to act reasonably to protect your relative from harm  generally there is not a requiremt for substance abuse treatment centers to notify family members if an adult client relapsesa local attorney will be able to provide more specific guidance on the legal obligtions and liabilities in this situation,1,1,713,0.451512632525691,0.5484873674743089,T
211,1582,"i have a relative who is in his twenties he was in a drug rehabilitation program and got kicked out for using drugs again no one informed family that he was using drugs again he subsequently overdosed and was found dead
 is their accountability of counselors therapists or the halfway house for not reporting that he had relapsed is there a legal case for failing to report",addiction,im so sorry to hear of your loss  this sounds like a really difficult situation for the whole family  since the answer to this question will depend a lot on the applicable state laws i would suggest talking with a local attorney  that being said i see two competing issues here  on the one side is the duty of confidentiality the counselors owed to your relative  on the other side is the duty the counselors had to act reasonably to protect your relative from harm  generally there is not a requiremt for substance abuse treatment centers to notify family members if an adult client relapsesa local attorney will be able to provide more specific guidance on the legal obligtions and liabilities in this situation,1,1,713,0.451512632525691,0.5484873674743089,T
212,969,sometime when small thing happen like losing a comb i get furious i even start throwing things do i have a problem,angermanagement,anyone who asks whether or not they have a problem usually feels at least partly that they do have a problemyour answer to the question is what matterssince you already understand that your reaction is overstated to the events which trigger them the reactions youre having are more than likely anger that is leftover from past events either in the near or distant pastbe aware consider reflect on  how you usually handle feeling angry  based on your description here it is quite likely that the anger you show toward what you call little things reflect anger at much bigger matters that are uncomfortable and not easy to understandknowing more about the more significant matters causing frustration for you may very likely decrease reacting angrily toward smaller matters,1,1,771,0.4515514250010137,0.5484485749989862,T
213,2470,sometime when small thing happen like losing a comb i get furious  i even start throwing things do i have a problem,anger management,anyone who asks whether or not they have a problem usually feels at least partly that they do have a problemyour answer to the question is what matterssince you already understand that your reaction is overstated to the events which trigger them the reactions youre having are more than likely anger that is leftover from past events either in the near or distant pastbe aware consider reflect on  how you usually handle feeling angry  based on your description here it is quite likely that the anger you show toward what you call little things reflect anger at much bigger matters that are uncomfortable and not easy to understandknowing more about the more significant matters causing frustration for you may very likely decrease reacting angrily toward smaller matters,1,1,771,0.4515514250010137,0.5484485749989862,T
214,1456,i found out my boyfriend takes antidepression medicine lately hes been saying he has a lot on his mind and he needs time to think about us weve only been dating  weeks but i like him a lot,relationships,your boyfriend may like you a lot as wellpeople have different styles of reflecting on their lives one of which is to retreat the way you describe your boyfriend doingone point you can consider is asking for a time frame of when hed be ready to discuss his thoughts on your relationshiphes entitled to retreat as much as youre entitled to talkcooperating with the other persons way of handling themselves is one aspect of relatingsince the antidepressants are a concern for you consider bringing up this topic when the two of you do talk,1,1,537,0.4516755296691271,0.5483244703308728,T
215,57,"i have so many issues to address i have a history of sexual abuse im a breast cancer survivor and i am a lifetime insomniac    i have a long history of depression and im beginning to have anxiety i have low self esteem but ive been happily married for almost  years
   ive never had counseling about any of this do i have too many issues to address in counseling",depression,there are never too many issues in living in a way we take on too many issues at one time then we become over whelmed with anxiety and depression  a skillful caring therapist will help you find a place to start and deal with one issue at a time when this helps the other issues then the other issues become more manageable i gain confidence i can take on life better and importantly  enjoy living life more my best to you dr spencer,1,1,432,0.4516961612505443,0.5483038387494557,T
216,1543,i read that you should ignore them and they have to come to a conclusion that they were wrong on their own terms is that correct,behavioralchange,it is not correct because someone who is narcissistic believes they are always rightif you ignore the person then their thinking is that there is something wrong with youignoring the person to the degree this is possible in the situation or relationship will spare you to be misunderstood further,1,1,296,0.4526127831600419,0.5473872168399581,T
217,1459,now that the other girl is out of the picture our sex life isnt the same is it because he is still thinking about the other girl,relationships,orbetter yet is it you still thinking about the other girl  i am sure his cheating hurt you emotionally and may have affected your sexual performance as well  make sure the other girl is out the picture on your end as well  sounds like something the both of you need to have a calm and adult conversation about,1,1,310,0.4526452267567042,0.5473547732432957,T
218,2667,"i crossdress and like to be feminine but i am attracted to women but yet that seems to bother girls i date or ask out 

how can i approach them about it should i hold back and keep it a secret or should i just be upfront about it  i wonder if i should stop or if i should continue to do it since it makes me happy  what should i do",human sexualitylgbtqintimacy,keep doing the crossdressing since you like ityour problem sounds more a matter of timing and reason to tell the girl about itnot keeping a secret is a good attitude regarding meaningful parts of your life  usually our relationship partner is someone whom we trust as a safe person to know all about usonce you feel at ease with your potential partner then bring up your crossdressing  based on their handling of this intimate part of your life you will know more as to whether or not you feel more or less drawn to themsecrets held within a relationship usually get worse with time   the person who feels unsafe in truly being and stating themselves eventually will end up feeling ashamed of parts of them which prior to the relationship felt good or at least not worrisome,1,1,774,0.4527055260136039,0.5472944739863961,T
219,1039,i crossdress and like to be feminine but i am attracted to women but yet that seems to bother girls i date or ask out    how can i approach them about it should i hold back and keep it a secret or should i just be upfront about it i wonder if i should stop or if i should continue to do it since it makes me happy what should i do,intimacy,keep doing the crossdressing since you like ityour problem sounds more a matter of timing and reason to tell the girl about itnot keeping a secret is a good attitude regarding meaningful parts of your life  usually our relationship partner is someone whom we trust as a safe person to know all about usonce you feel at ease with your potential partner then bring up your crossdressing  based on their handling of this intimate part of your life you will know more as to whether or not you feel more or less drawn to themsecrets held within a relationship usually get worse with time   the person who feels unsafe in truly being and stating themselves eventually will end up feeling ashamed of parts of them which prior to the relationship felt good or at least not worrisome,1,1,774,0.4527055260136039,0.5472944739863961,T
220,913,i was the one who ended it and im so glad i did it was the best decision i made in my life but how do i stop the nightmares and flashbacks it is creating a wall in my current relationship,trauma,it sounds like you have not had the opportunity to process through the trauma you have endured it would help if you have the opportunity to speak with someone on a regular basis until the symptoms of your trauma have subsided,1,1,225,0.4529415078633302,0.5470584921366698,T
221,618,"i am in my early s and i still live with my parents because i cant afford to live alone
   my mother says that if i live under her roof i have to follow her rules she is trying to control my life what should i do",parenting,youre among many millennials who live with their parents due to financial reasonsdoes your mother mean rules pertaining to the way your family household organizes its daily or does she mean something elseevery household needs rules as responsibilities to keep the house clean who does the grocery shopping the way costs are distributed for this and all the other carrying charges  and tasks of maintaining the house in decent order as well as respecting the privacy and noise level requests of others who live in the homethis set of responsibilities applies whenever more than one person lives with another personhave you tried simply telling your mom that youre willing to be a responsible household member and that you prefer to keep the details of the way you live the rest of your life to yourselfthis would show respect to your mom and start the discussion as to the areas of your life you feel deserve privacy and how you would like to handle when your right to run your own life overlaps with any household duties,1,1,1020,0.4529798785515442,0.5470201214484558,T
222,2675,"i am in my early s and i still live with my parents because i cant afford to live alone

my mother says that if i live under her roof i have to follow her rules she is trying to control my life what should i do",family conflictparenting,youre among many millennials who live with their parents due to financial reasonsdoes your mother mean rules pertaining to the way your family household organizes its daily or does she mean something elseevery household needs rules as responsibilities to keep the house clean who does the grocery shopping the way costs are distributed for this and all the other carrying charges  and tasks of maintaining the house in decent order as well as respecting the privacy and noise level requests of others who live in the homethis set of responsibilities applies whenever more than one person lives with another personhave you tried simply telling your mom that youre willing to be a responsible household member and that you prefer to keep the details of the way you live the rest of your life to yourselfthis would show respect to your mom and start the discussion as to the areas of your life you feel deserve privacy and how you would like to handle when your right to run your own life overlaps with any household duties,1,1,1020,0.4529798785515442,0.5470201214484558,T
223,788,i got married in  i have a two year old son his mom and i decided to separate due to my infidelities weve tried to reconcile our differences but it never works out since weve been separated ive dated someone and we are expecting a baby girl is this something i should mention to my wife the current woman whom im dating has been telling me for months to break up with her but its hard because i actually love her,relationshipdissolution,only tell your former girlfriend who is the mother of your son what is necessary for her to know as it relates to your sonthe mother of your son has every right as a parent to know who is directly involved in her sons lifefirst figure out how you will handle your current girlfriends request to end the relationship you have with herwithout knowing whether you are in a relationship or not is a key piece of information which the mother of your son would likely have interest to know and be entitled to knowalso love is never enough to keep a marriage working  love is a wonderful emotion only managing daily life and family decisions requires commitment to the other personreflect within yourself if you are willing to commit to your current girlfriend   then youd have a substantial offer to make to her of your willingness to be together with her,1,1,849,0.4531059800424285,0.5468940199575715,T
224,1103,someone i care about told me im not teachable and im irritating i just want to be happy and wanted to please the person but i always fall short it seems,intimacy,pleasing someone certainly does feel satisfying  if the other person does not appreciate your effort and good will then this feels dissatisfyingoffering happiness to someone does not include tolerating mean comments such as the ones you describe heretell the person that you are trying to please them and also tell the person that their comments are hurtfulif the person said their words with no bad intentions then next time they comment its reasonable to expect these comments to not hurt your feelingskeep in mind that your good intentions may not be received in the way you intend them  some people sometimes are insensitive or just plain not interested in being pleased by another person,1,1,692,0.4537706213855143,0.5462293786144857,T
225,1061,my husband and i have been married for seven years and in that time we have only had sex four or five times others have told me that most men would have left me by now honestly i think i have a low sex drive or neither one of us actually knows what we are doing i want to be better connected with my husband,intimacy,when it comes to sex drive we are talking adrenal function and a little bit of kidneythe endocrine glands require a bit of pumping up to improve ones sense of desire motivation and joyconsider herbal formulas centering around womans reproductive function to improve desireto improve his there are herbs for the mans side as well ,1,1,329,0.4551836819269651,0.5448163180730349,T
226,1400,i have been holding myself for nearly a month i can not bear it he is isolated from everybody and i want to help but i cannot find him,relationships,if you mean he has been reported to police as missing then this is different than him deciding to make himself unavailable to you and othersif the police cannot find him then there is a level of risk or secrecy to his whereabouts beyond someone simply shutting themselves off temporarily from othersthe best you can do is selfcomfort from the surprise and possibly shock of his behaviorfrom your description whether or not he reappears is up to him returning or up to police skill to locate himthis is beyond the ordinary abilities of average everyday people even those who are involved relationship wise with someone,1,1,617,0.4556076356658392,0.5443923643341608,T
227,799,she said she needed space after three days of dating and she got a boyfriend a week later i still really miss her and she told me she still likes me,relationshipdissolution,given the short amount of time you know this girlfriend there is no history on which to make a judgment about the likelihood of what she will do nextcertainly she is confusing by telling you she likes you and is with someone new  and not giving you any explanation as to why she made her decisionid suggest two possibilitiesspeak with her and ask her if she considers opening your relationship with heror simply wait and see what she does when you contact her in a friendly waypay attention to your own satisfaction levelif you get more answers from her which arent agreeable with you then it is time to put the hope for this relationship behind youthen youll have clear space to find someone who is as interested in you as you are in them,1,1,739,0.4556855982964054,0.5443144017035946,T
228,1816,does counseling really do anything that can help people,counselingfundamentals,counseling provides a safe environment for people to explore the beliefs about the challenges in life the various typesmodalitiestechniques of counseling serve as guides for specific individuals personal journeys,1,1,212,0.4562437871271263,0.5437562128728737,T
229,813,im a teenager and i just got my first job i am a month and a half in yesterday my boss pushed me to the point where i had to go to the restroom and cry she didnt see me and im glad but when i went to talk to her about it today i let a tear or two come out i hate it i feel like theyre not going to keep me anymore,workplacerelationships,how sad for youim sorry your first job is turning into a place of tensiondid the matter between you and your boss get resolveddo you feel respected by your boss and does she listen to your point of view even if afterwards she disagreeskeep an open mind over the next several weeks or few months on how you feel in your new work situationexpect to be treated fairly and reasonablyif this is not the way you feel most of the time then consider finding a new place to work,1,1,469,0.4563478881431714,0.5436521118568286,T
230,76,i have been diagnosed with general anxiety and depression by my family doctor they wrote a prescription for me to have an emotional support dog i have the paper work and i gave it to my apartment manager they said i cant keep the esd because im not disabled what do you suggest i do,depression,agree with the apartment managers viewpoint that your disability is not a physical limitationask the manager if theyd accept an explanatory letter from a therapist who is licensed to diagnosis emotional disabilitiesif the answer is yes then find a therapist whos willing to cooperate with what you need from them and find out this particular therapists terms of working with you to compose such a letterif the manager tells you no then find out who is above this person or entity and find out how to formally introduce your request to the board or apartment owner or whoever actually is the legal owner of the building,1,1,618,0.4567576516286686,0.5432423483713313,T
231,1367,ive been with a man for four years for the last year he has said he is done but he still talks texts visits and has not moved on with anyone else his words do not match his actions i love this man but its hurting so much,relationships,have you brought up the topic as to the way youre feelingthe best way for someone to understand us or to understand someone is to directly talk about  the specific problemto start the discussion w your partner understand your own reasons for continuing the relationshipgiven his stated disinterest in the relationship your mood is probably affected by thisonce you are clear on how the range of your feelings especially any fears on being alone suggesting you may be staying w this guy simply to avoid such fears then youll be ready w your selfknowledge to start a conversation w your partner about your relationship,1,1,616,0.4570595960020617,0.5429404039979383,T
232,1405,i have had a crush on this guy for years i last talked to him a few years ago when we graduated from high school we left off on a good note should i message him and see how he is doing or is it too late,relationships,youll only find out whether or not it is too late by following through with wanting to message himregardless of whether the response you receive is what youd hoped to hear including not hearing back from him you will have done yourself a great honor and respect by following through on a wish and curiosity youve had for some time,1,1,330,0.4573257946685825,0.5426742053314175,T
233,1601,how does a counselor decide when to end counseling sessions or to terminate working with a client,professionalethics,in the best case scenario its a mutual discussion and decision if not  ive had the discussion initiated both ways by me when i sense the client has gone has far as they want by lack of interest in accepting or completing homework assignments missing or cancelling appointments usually at the last minute lack of participation during sessions  client initiates by asking me pointed questions about why the need for homework assignments by forgetting their calendar or their checkbook   by suggesting that we make appointments over longer intervals once a week to once a month for example  i rarely have had to terminate a working relationshipthats why i dont charge for the first visit so we know if we are a good fit before we start working together  then i periodically ask whether the client feels we are making progress moving in the right direction talking about the most relevant issues etc,1,1,895,0.4573994512081877,0.5426005487918123,T
234,2790,"my mother is combative with me when i say i dont want to talk with her about my depression  

she hasnt been supportive of me in the past and she isnt someone that i feel comfortable opening up to she constantly tries to instigate conversations where she asks me questions that i dont want to or cant answer i tell her i dont want to talk and she starts arguments with me 

how can i get her to understand",family conflictdepression,your situation sounds extremely frustratingyoure doing the right move to state you dont want to discuss your depression with heri guess you could ask if she would like to know your reason to not speak w her about your depression  if you feel she can handle a reasonable conversation and you would like to tell her your true reason then schedule this or bring up the topic at a neutral time not in the middle of an argumenthaving an unsupportive mom is difficult enough to accept  you may feel greater success and peach of mind to meditate on accepting her lack of understanding than to engage in arguing when she starts this,1,1,624,0.4579676287787897,0.5420323712212103,T
235,79,my mother is combative with me when i say i dont want to talk with her about my depression    she hasnt been supportive of me in the past and she isnt someone that i feel comfortable opening up to she constantly tries to instigate conversations where she asks me questions that i dont want to or cant answer i tell her i dont want to talk and she starts arguments with me    how can i get her to understand,depression,your situation sounds extremely frustratingyoure doing the right move to state you dont want to discuss your depression with heri guess you could ask if she would like to know your reason to not speak w her about your depression  if you feel she can handle a reasonable conversation and you would like to tell her your true reason then schedule this or bring up the topic at a neutral time not in the middle of an argumenthaving an unsupportive mom is difficult enough to accept  you may feel greater success and peach of mind to meditate on accepting her lack of understanding than to engage in arguing when she starts this,1,1,624,0.4579676287787897,0.5420323712212103,T
236,2252,i terminated my counseling relationship with a social worker several years ago i am now realizing that i would like to begin counseling again  the social workers voicemail message says that he returns calls in  hours but he hasnt called me back i called him on the weekend and made it clear that i want him to call me back  can he just ignore me,legal  regulatoryprofessional ethics,mental health providers should promptly return calls from current clients as well as from potential clients  this is even true if the social worker or counselor is unable to make an appointment with the caller  in that case the social worker should call you back to let you know that he is unable to schedule an appointment with youin addition mental health providers have an obligation to follow through with their own communication standards  for example if the social worker in this case has an outgoing voicemail message that promises returned calls within  hours he has an obligation to follow through on that promiseall that being said it is also worth remembering that mental health professionals are just people too it is possible that he had an unforeseen emergency that kept him from from returning your call promptlyin the end i agree with sherrys advice if you feel this social worker is not a good fit for you you probably should trust your gut and find someone else who is a better fit,1,1,999,0.4583515572048935,0.5416484427951065,T
237,1584,i terminated my counseling relationship with a social worker several years ago i am now realizing that i would like to begin counseling again the social workers voicemail message says that he returns calls in  hours but he hasnt called me back i called him on the weekend and made it clear that i want him to call me back can he just ignore me,legalregulatory,mental health providers should promptly return calls from current clients as well as from potential clients  this is even true if the social worker or counselor is unable to make an appointment with the caller  in that case the social worker should call you back to let you know that he is unable to schedule an appointment with youin addition mental health providers have an obligation to follow through with their own communication standards  for example if the social worker in this case has an outgoing voicemail message that promises returned calls within  hours he has an obligation to follow through on that promiseall that being said it is also worth remembering that mental health professionals are just people too it is possible that he had an unforeseen emergency that kept him from from returning your call promptlyin the end i agree with sherrys advice if you feel this social worker is not a good fit for you you probably should trust your gut and find someone else who is a better fit,1,1,999,0.4583515572048935,0.5416484427951065,T
238,859,i was born a girl but i want to be a boy because of my religion i cant tell my family i know they wont accept me what do i do,spirituality,desire to inhabit the opposite sexs body derives from too fast of a reentry into a new feminine body after being released in a previous life from an old masculine bodyyou remember the previous lifes connection with the masculine experience and body and wish to find a way to be more comfortablewe will approach this matter spiritually and i reckon youll feel a great deal better ,1,1,379,0.4590059331546993,0.5409940668453007,T
239,682,my toddler is having a real hard time with toilet training he almost throws up every time he sees his poop he gags and will not go on the toilet we have tried a toilet chair and ring that goes on the bigboy toilet but he refuses to use it when he sits on the toilet he just sits there forever and only will pee he holds the poop in until he get up and then will poop in his diaper i dump his diaper in the toilet and let him know that it is where it goes to try to encourage him how can i help him get over this fear and passed the stress,parenting,your son is showing signs that hes just not ready to be toilet trained you dont say how old he is so im not sure whether the problem is deeper but right his fears may reflect that right now he is simply be not ready to take that step pushing him at this point could worsen the problem so i suggest pulling back the expectations waiting a month or two looking for more signs of readiness and trying again in general teaching children to use the toilet works best when mistakes are handled calmly and when parents pay close attention to cues that the child is responding positively,1,1,579,0.4597616757158896,0.5402383242841103,T
240,1726,"how do you know you have the right therapist for you
 how would i know how to train my therapist to be able to give me what i need from treatment",counselingfundamentals,if you are seeking personal development and challenge resolution in a christian context i am the right counselor for you i will balance the needs of your temperament with scripture prayer and cognitive therapy techniques,1,1,220,0.4610363820915693,0.5389636179084307,T
241,630,i have four children one of them is in her s and she cannot afford to go nor can i pay for her she went last year for two weeks by herself,parenting,i imagine you are trying to figure out a way to be fair to your adult kids  the key word is adult  if your daughter can afford to join the family for a vacation thats great shes welcome to come  however as you pointed out she took a vacation by herself last year  she chose to put her resources time off work and money into doing that  good for her  she did what she wanted  if she wants to budget time and money for a family vacation she willas for feeling guilty let me echo the sentiments already offered  vacations are lovely but not a survival need  your girl is in her s and its her turn to provide for herself  you did your parenting  now go enjoy your vacation with whoever can and wants to join you,1,1,707,0.4612627797609904,0.5387372202390096,T
242,1701,"how do you know you have the right therapist for you
 how would i know how to train my therapist to be able to give me what i need from treatment",counselingfundamentals,the conversation on the phone is critical  it goes both ways sometimes you just feel in their tone and words that you could be a match ask the therapist questions if you have them not every therapist is a good fit for every client not every client is a good fit for every therapist,1,1,281,0.4627910272653772,0.5372089727346228,T
243,1185,the past always feels much brighter and more beautiful than my present everything about whats gone feels so amazing almost like im high off nostalgia but in the end it just makes me feel sadder knowing that all of the memories and a close friend that left me are gone forever how do i move past that and live more in the present,griefandloss,do some selfreflecting as to what areas of your life youd currently like to developthe good news is you know how happiness feelsthat you were able to create situations and dynamics which produced happiness in your life is good motivation to believe happiness is possible and to try new ways to create this in your life,1,1,318,0.4629480474248619,0.537051952575138,T
244,428,i dont understand why this is happening why do i feel this way,anxiety,one reason may have to do with physical anxiety symptoms this is common for people who experience panic attacks or physical anxiety symptoms often it begins with just avoiding certain places or activities where the symptoms happen over time its common for it to spread to more and more places and situations until many people get in the habit of not leaving their home at all in an effort to avoid the symptoms,1,1,410,0.4629794426498005,0.5370205573501995,T
245,1329,all we do is argue we never agree on anything,marriage,for how long has the arguing been occurring and does it relate to a specific incident or circumstance in your relationshiparguing due to temporary stress and feeling lost or uncertain is different than the two of you rarely agree on what foods to buy at the grocery storein both temporary or longer term arguing ask yourself if the points being argued are core principles of yours or matters which you can accept in service to the benefits you feel from the marriageif your core principles are rejected youve been arguing for an extended amount of time and the value of the marriage doesnt outweigh this then seriously consider if ending the relationship is a better option than to stay in it,1,1,692,0.4634892630103656,0.5365107369896344,T
246,1498,i am a heterosexual male in my late s i find myself wearing pantyhose heels skirts and other womens clothing in private i am torn on how to feel about it i enjoy it very much i have had a pantyhosestocking fascination and other kinky fetish interests since i was young i have no history of sexual abuse growing up i am currently single,lgbtq,let yourself enjoy crossdressingwhat sounds in your way are whatever beliefs you gre up hearing see and absorb currentlyconcentrate on your own satisfaction and that you are doing this in a nonharming waymaybe if you branch out your interest by finding other people who enjoy crossdressing as much as you dowith any interest or activity social interaction supports it,1,1,367,0.4641775397283845,0.5358224602716155,T
247,1392,"i have a friend that who i used to be in a relationship with it was brief and turned into us being just good friends
   i spent the weekend with him and it upset my boyfriend was i wrong",relationships,ideally you and your boyfriend will reach a balance point where you and your boyfriend are each happy with the level of involvement you have with your former boyfriendstart w a discussion with your current boyfriend as to what specifically he doesnt like about your friendship with your former boyfriendit is possible that you can answer his concerns as well he can find out from you more as to what the friendship is all aboutas a therapist ive never seen a former romantic relationship become only a friendship   as sincere as you may be in your intention to only keep the friendship with the former relationship partner if  your former boyfriend secretly has romantic feelings for you then at best youve got an unclear friendship with this personthe obvious possibility is to socialize together with your current boyfriend and your former one if neither guy would go for this then this would show there is an undercurrent of competition for your romantic attentionbasically make your romantic partners feelings and your own the major considerations and discuss from this perspective,1,1,1085,0.4645746850785881,0.5354253149214119,T
248,2691,"i have a friend that who i used to be in a relationship with it was brief and turned into us being just good friends

i spent the weekend with him and  it upset my boyfriend was i wrong",relationshipssocial relationships,ideally you and your boyfriend will reach a balance point where you and your boyfriend are each happy with the level of involvement you have with your former boyfriendstart w a discussion with your current boyfriend as to what specifically he doesnt like about your friendship with your former boyfriendit is possible that you can answer his concerns as well he can find out from you more as to what the friendship is all aboutas a therapist ive never seen a former romantic relationship become only a friendship   as sincere as you may be in your intention to only keep the friendship with the former relationship partner if  your former boyfriend secretly has romantic feelings for you then at best youve got an unclear friendship with this personthe obvious possibility is to socialize together with your current boyfriend and your former one if neither guy would go for this then this would show there is an undercurrent of competition for your romantic attentionbasically make your romantic partners feelings and your own the major considerations and discuss from this perspective,1,1,1085,0.4645746850785881,0.5354253149214119,T
249,1350,weve been in a long distance relationship for two and a half years i recently saw his phone and saw the people he texts the most and one of them was a female coworker i dont know how to approach this situation how do i ask him about it,relationships,i think honesty is the right approach in this situation share with him that you looked at his phone as well as sharing with him any fears or concerns that youre having about the long distance relationship trust is the foundation of any successful relationship and when doubt  distrust creep into a relationship it can undermine the long term health of the relationship hopefully he will understand your concerns and appreciate your honesty this also might be a good time to seek couples counseling to work on relationship  communication skills,1,1,543,0.4647041088054254,0.5352958911945745,T
250,2565,weve been in a long distance relationship for two and a half years i recently saw his phone and saw the people he texts the most and one of them was a  female coworker i dont know how to approach this situation how do i ask him about it,relationships,i think honesty is the right approach in this situation share with him that you looked at his phone as well as sharing with him any fears or concerns that youre having about the long distance relationship trust is the foundation of any successful relationship and when doubt  distrust creep into a relationship it can undermine the long term health of the relationship hopefully he will understand your concerns and appreciate your honesty this also might be a good time to seek couples counseling to work on relationship  communication skills,1,1,543,0.4647041088054254,0.5352958911945745,T
251,1541,my daughter basically freaked out out of nowhere over me saying calm down when she dropped her phone within seconds the situation escalated to her kicking me out on the curb saying horrifically unspeakable things and her calling the cops on me she seems unable to stop herself at times,behavioralchange,this is not necessarily bipolar disorderbased on the little information you wrote here the behavior sounds more borderline personality disorder than bipolarmaybe she simply is angry and impulsive as to how she expresses her angerduring calmer times are you and your daughter able to talk about incidents such as the one you describe aboveand do each of you practice new ways to get along as a result of these conversationsif someone makes good use of the material discussed on relationship improvement and there is progress in getting along then unlikely she has a mental illnesshow you know for sure if she has bipolar disorder is to read a list of the symptoms online and consider whether she behaves in a way similar to the symptom description listdefinitely it is helpful to know the underlying cause of your daughters behavior   this way you can best prepare yourself for what to most likely expect from her,1,1,912,0.4651698632864336,0.5348301367135664,T
252,669,shes a teenager and for the last two years shes lived with her older brother shes angry because she wants to come live with me but my current living situation is not the best for her she refuses to see any reason shes being disrespectful her sexual curiosity is waking up,parenting,youre her mom and she needs you  i would suggest focusing on connection  since you are not currently living together one way to do this would be to plan a date in which she gets to decide what you do together  give her time to think about what she wants to do  as long as the activity is safe and affordable try to do it even if its not your thing  while you are with her turn off the phone and give her your undivided attention  the goal would be just for you to enjoy each other and connect,1,1,492,0.465708703681979,0.534291296318021,T
253,416,"when im in large crowds i get angry and i just cant deal with people i dont really like other people i prefer animals they make me nervous and scared
   i lay awake at night thinking and having conversations in my head and i almost always end up making myself feel terrible and crying i have more conversions in my head than i do with actual people    i dont know whats wrong with me and why i feel this way what should i do",anxiety,since youre aware of your sensitivity to being among large groups of people then continue to satisfy this and stay away from crowds as much as reasonably possibleit is also fine to prefer the companionship of animals as long as it is not to the exclusion of relationships with peoplerecognizing this feature about yourself is another example of selfunderstandingthe only point to consider is the reason you avoid talking with other peopleif its because of bad or stressful encounters betrayals or some type of violation then having this relationship pattern remain in your mind may introduce new problems such as loneliness from lack of close friendswhat you should do is honestly understand whether you avoid people from fear of being hurt or exploited in some way or because you genuinely prefer solitudeif you have the right combination of peoplesolitudeanimals then greatif not then consider the confidential office of a therapist for new understanding of yourself and your social interests,1,1,994,0.4659194887194009,0.5340805112805991,T
254,1322,what makes a healthy marriage last,marriage,its surprising how many folks talk too much on the subjectits the same three things that make all relationships workhonestytrustrespectin that ordermost folks fall down on the first  coughcough therapists  heh heh heh,1,1,217,0.4661055021843545,0.5338944978156455,T
255,1270,im an adult facing problems with my mom shes way too controlling she decides things for me disregarding whatever i say i tried explaining my side to her calmly but she eventually gets angry and doesnt wish to listen to me regardless of how i speak to her,familyconflict,the part of your life which is in your control is the way you handle what your mom does and the way she talks to youit is possible the two of you have very different opinions on a great number of matterseach person including you has the right to decide whether and how to respond to someonestick up for your own right to make decisionsif she doesnt accept your independent viewpoints then this doesnt give away your right to have these viewssince she makes herself clear as to her unwillingness to listen to you then consider this as an easy way to avoid directly speaking with her about whats on your mindif she ever shows an interest in your opinions and you feel like discussing these with her then feel free to make this choice,1,1,731,0.4662432737667,0.5337567262333,T
256,1424,i was never single afraid to be alone and i looked for my boyfriend to make me happy i finally worked on my self was in a relationship and i did everything a healthy girlfriend does and it didnt work out now months later no man peaks my interest am i ready to date again is there a reason no one sparks my interest,relationships,yes of course theres a reasontheres always a reason for most dynamicsdepending on the nature and qualities of what changed as a result of your new self realizations you may be more deeply affected by your new awareness than how you imagined these would gosince you already are on the best road possible for yourself since this resulted from your own introspection keep trusting your own self work as to what develops and at what pace your relationship attraction qualities grow,1,1,477,0.4665971766885903,0.5334028233114096,T
257,1808,is it normal for people to cry during therapy or is it just me,counselingfundamentals,yes definitely crying is normal during therapy   anyone in the midst of new awareness of how theyve been hurt or feel despair or great sadness from burdensome life situations naturally will feel tears come uptherapists are familiar with people crying during a session and will know how to be present for you while you sort through your painful emotions,1,1,352,0.4673514724361199,0.53264852756388,T
258,606,i told her that if daddy dies we will never see him again she started crying because i wouldnt make her daddy die,parenting,toddlers dont have the intellectual capacity to conceptualizebetter to find out why she wants daddy to die than explain the future consequences of death to your toddlera person must be around  possibly  years old before absorbing the potential effects of an action taken in present timepretty much your toddler demonstrated to you here age appropriate and limited understanding of the loss of a parent by crying that you werent able to magically make her father disappearalso please pay attention and form your own opinions as to the reasons why your toddler would wish her fathers deathshe may be pointing out that the father behaves in frightening or harmful ways towards her,1,1,677,0.4680144636194042,0.5319855363805958,T
259,1442,im in my early s my exs parents are friends with them and have told them bad things about me i left my ex due to an abusive situation and they are making me look like i was the bad one,relationships,maybe you can talk with your partner about this first look at the different elements of a possible conversation in the future if you are at a place where you are willing or able to disclose the reason that you left your ex that could be one element of the discussion but it doesnt have to bei dont know how long we have been together with your current partner but perhaps his or her parents would see you for who you are and make their own opinions over time that may be a discussion to have with them as wellhopefully your partner will be a good sounding board before these conversations,1,1,588,0.4681344768674483,0.5318655231325516,T
260,666,i want to live with my mom my dad gets angry and makes me feel like everything is my fault i still talk to my mom although my dad tells me that im no allowed to im scared i will make the wrong decision and that my dad will hate me    how do i tell him that i want to live with my mom,parenting,there is a lot of information that needs to be filled in first so what the custody arrangement does your dad have full custody is the custody shared what does your mom think about the situation is she willing to go to bat for youwhat is your age usually you have the right to choose based on age requirements set by the statelegally you cant be kept away from your mom unless there is some legal complications that prevent itis your father abusive and should you seek protectionmany details need to be filled inyou can seek counseling without your parents approving or knowing depending on your agefind counseling through school or local agenciesyou have rights and one of those is the right to choose,1,1,701,0.4682399584415607,0.5317600415584393,T
261,2555,"i want to live with my mom my dad gets angry and makes me feel like everything is my fault i still talk to my mom although my dad tells me that im no allowed to im scared i will make the wrong decision and that my dad will hate me 

how do i tell him that i want to live with my mom",family conflictparenting,there is a lot of information that needs to be filled in first so what the custody arrangement does your dad have full custody is the custody shared what does your mom think about the situation is she willing to go to bat for youwhat is your age usually you have the right to choose based on age requirements set by the statelegally you cant be kept away from your mom unless there is some legal complications that prevent itis your father abusive and should you seek protectionmany details need to be filled inyou can seek counseling without your parents approving or knowing depending on your agefind counseling through school or local agenciesyou have rights and one of those is the right to choose,1,1,701,0.4682399584415607,0.5317600415584393,T
262,833,i believe it is wrong for men to look at inappropriate content the father of my child has agreed to respect my beliefs his coworker sent him an inappropriate video he got mad because he does not think he should tell his friend to not send him things like that,workplacerelationships,in my book this is a boundary issue although you do not like inappropriate content it is not up to you what your childs father looks at or what his friend sends him  it is really hard not to monitor other peoples lives but in the end your rights begin and end with you,1,1,268,0.468423710721784,0.531576289278216,T
263,845,maybe this is a stupid question but i sometimes dont know whats real or not if feel at times like everyones lying how do i know if god is one of those lies,spirituality,your question is actually thoughtful and reflects a true interest to know more about lifeno one knows if god is a lie because god is a concept in which people either make up their own definition of this concept or believe one of the concepts of what god is handed down by religionsall the religions exclude the other god concepts and expect loyalty to believing in their particular version of godprobably god is real in the sense that most people want to believe there is guided purpose to what goes on in lifethis is as definite as what we can know about godgod is not a lie because it is not a fact  beliefs arent provable,1,1,624,0.4687415887091698,0.5312584112908302,T
264,1862,what are the basic skills a good counselor needs to have,counselingfundamentals,here is a list of skills i use every session and a short explanation of what they arereflecting paraphrasing what clients have said so that they know you understand themvalidating helping clients to know that their point of view is valuable and rationalclientcentered talk maintaining focus on the client in therapy sessions rather than a therapist talking about themselvesattending nonverbal or verbal cues that indicate i am listening to a client ie nodding leaning in affirmationsreframing helping a client to see a problematic behavior or situation in a different way usually only works well after they feel heard and understood,1,1,632,0.4689712787571406,0.5310287212428594,T
265,1429,whenever i sing along with a song that i like even if its just for the beat and not the lyrics my boyfriend assumes that the words of the song mean something negative about our realationship    i dont why he gets so mad and assumes i mean something negative from every song now i cant enjoy and sing a song without him thinking im trying to give him a hint he even accuses me of cheating and lying its driving me nuts i love him and would never do such an awful thing ever how can i get him to understand,relationships,well have you told him similar descriptions of your feelings as you just wrote herethis will give him the same understanding youre allowing us to have here on this sitekeep in mind that the best the amount and the number of times you tell your boyfriend some information about you still means that whether or not he is willing to accept and rely on your information is in his hands onlytry to feel satisfied with your own effort to explain yourself   another path to open is to ask your boyfriend his reason to feel insecure about your love for him  this may open a wider discussion about what he feels hed like from you so he feels good in the relationship,1,1,657,0.469123551214746,0.530876448785254,T
266,1744,"how do you know you have the right therapist for you
 how would i know how to train my therapist to be able to give me what i need from treatment",counselingfundamentals,good questionthe clients job is to concentrate on stating the details of their problem and to thoughtfully engage in a dialogue about these areas with the therapistthe most difficult job for a client is willingness to selfexamine hold oneself accountable for relationship and life situations and honestly feel the difficult often painful feelings and insecurities which troubling situations createthe client doesnt train the therapistif you feel you are with a therapist who requires you to train them then politely decline continuing to pay for their servicesthen find yourself a different therapist who feels secure and knowledgeable enough in their skills to not require training by their client,1,1,698,0.4692239431056735,0.5307760568943265,T
267,1849,how does a person start the counseling process,counselingfundamentals,the first thing to do is to reflect on what you want to seek counseling search online and then set up a phone consultation a person can find out a lot about a counselor and the services that they offer over the phone after a consultation then set up an intake questions the overall goal is to make sure that you are comfortable with the counselor and the services they can offer,1,1,378,0.4698632268473355,0.5301367731526645,T
268,628,"im being verbally abused on a daily basis by my parents in front of my child i feel like im trapped and i have no escape i feel like i have to listen to the horrible things they say and just take all of it
   i need some way of learning how to cope with listening to it especially since i have nowhere else to go i feel very emotionally drained how can i deal with this",parenting,when their verbal abuse starts tell them you are exiting the conversation because the way theyre talking to you is unacceptableexplain you are willing to hear their point of view only not when it is expressed as abusethey may not agree with your opinion and also may not want to changeeven if they do not change you are entitled to be treated as a human being who is worthy of respectexplain your reason to exit the conversation and ask them to write down their requests for you to consider,1,1,490,0.4702628081339339,0.529737191866066,T
269,1359,ive been in a long distance relationship with my girlfriend for just over a year this past week she admitted to me that she has feelings for another guy she says its just a crush but i dont know how to cope with it    how should i deal with this,relationships,long distance relationships have the addition strain of being far away  it sounds like you and your girlfriend overcame the initial challenges considering that youve been together for over a year and she was honest in telling you about her crush  these are some clear strengths in your relationship  now moving forward continuing to have honest conversations about your relationship will help ensure you two are on the same page  explore with her how this crush came about and what her feelings are about this relationship  be prepared for the answers and express your feelings as well  youve invested over a year in this relationship it may be worth figuring out how to mend it  ignoring this issue will potentially lead to other issues,1,1,737,0.4704023589876503,0.5295976410123496,T
270,1547,i cant understand what i pay attention to,behavioralchange,one way to concentrate is that if your mind starts to wonder then remind yourself to bring your attention backstart with short time spans of expecting yourself to concentrate  youll more likely succeed with concentrating with small time spans than longer onesonce you start seeing your success this will motivate you to try increasing the length to expect yourself to concentratethe task of selfreminding is the same whether for long or short time periodsalso before starting this exercise ask your medical doctor if the problem can be related to a physical health problemif there is then have the possibility ruled out that your difficulty concentrating comes from the mental ability to concentrate and not some medical reason preventing thisbefore someone can engage their psychological will there must be a clean medical body and mind with which to work,1,1,856,0.4704660222077937,0.5295339777922062,T
271,1079,ive pretty much been on my own since day one im a middle child of five and i cant seem to put my trust in anyone it took me four years to finally open up a little to my best friend every time i realize that i have feelings for someone i freak out and never talk to them again i really want some help,intimacy,one way to concentrate is that if your mind starts to wonder then remind yourself to bring your attention backstart with short time spans of expecting yourself to concentrate  youll more likely succeed with concentrating with small time spans than longer onesonce you start seeing your success this will motivate you to try increasing the length to expect yourself to concentratethe task of selfreminding is the same whether for long or short time periodsalso before starting this exercise ask your medical doctor if the problem can be related to a physical health problemif there is then have the possibility ruled out that your difficulty concentrating comes from the mental ability to concentrate and not some medical reason preventing thisbefore someone can engage their psychological will there must be a clean medical body and mind with which to work,1,1,856,0.4704660222077937,0.5295339777922062,T
272,1296,my mom and i have been fighting a lot now and i just want a good relationship with her,familyconflict,the best way to work on a relationship is for both people to engage with the problem and start communicating with each other more effectively  one of the hardest things about this however is getting both people within the relationship to recognize that they are both responsible for the successes and failures within the relationship and remove all the allornothing blame the best style of communication is open and asking for clarification why not try asking your mother why this particular fightsituation is eliciting such an angry response  often the simple act of expressing that we dont understand the other persons point of view can open the doors to better levels of communication the hardest part is trying to remain humble as we seek out that clarification and avoid the blaming language we are so used to using in such times,1,1,834,0.4704763793020579,0.5295236206979421,T
273,657,my step nephew a preteen has begun masturbating i also had to take away the internet because he was caught looking up porn im worried about him,parenting,your nephews behavior sounds normal and developmentally appropriate  masturbation is a healthy expression of sexuality  most families to create some rules about where its ok to masturbate for example stating that it should be done in the privacy of the childs own room  im wondering if you or another adult in his life have talked to him about his developing sexuality  it seems like that would help him and you handle his increasing maturity,1,1,442,0.4715887579675915,0.5284112420324085,T
274,674,i am divorced and happily remarried our blended family of children are in their s my youngest age  continues to call me crazy and favors her dad he was abusive to me and i left with injuries he never wanted kids and i did he paid child support only through forced wage earners now my daughters favor him after all the sacrifices i made for them the past  years as a single mom i dont deny them a relationship with their dad but to be called crazy and then watch them hang out with him hurts me to the very core im not sure how to handle this,parenting,hi i understand what youre going through your daughters favor him because he has done no wrong in their eyes im guessing they lived with you growing up i was the same way i favoured my dad thinking he has done no wrong he also abused my mother multiple times and that never came to mind kids like their other parent more mainly because they dont see them everyday and they usually buy them everything they want because all he does it pay child support by force and then spoil their kids to make them happy you seem like a great mom dont doubt yourself,1,1,551,0.4721533462289914,0.5278466537710086,T
275,2327,my mother has alzheimers and i can see that she has lost some of her intellectual abilities  even though i know this disease is not her fault im still finding it difficult to separate my own feelings of disappointment and frustration when my mom seems to ignore my opinions and wishes and seems,alzheimersfamily conflict,good observation on your part to distinguish that your feelings in relation to your mom are not necessarily connected to the way she handles her part of the relation toward youhas your mom usually ignored your opinions and wishes in relating to youif prior to the onset of alzheimers she never examined her way of relating to you and if both of you have never had an open conversation about your sense of feeling hurt by her attitudes and manner with you then the relationship between you and your mom will change in ways other than rational dialogueshe may continue ignoring or overlooking your wishes because shes been stuck in this attitude for most of your lifethe good news for you about this is realizing that who you are and your way of relating to your mom has very little to do with the way she relates to youthis is a more profound disappointment because it shows that her disconnect from you has been for longer than when the alzheimers beganyou can however feel a little more free knowing that youre not deserving of being ignored,1,1,1042,0.4721756220361832,0.5278243779638168,T
276,1266,my mother has alzheimers and i can see that she has lost some of her intellectual abilities even though i know this disease is not her fault im still finding it difficult to separate my own feelings of disappointment and frustration when my mom seems to ignore my opinions and wishes and seems,familyconflict,good observation on your part to distinguish that your feelings in relation to your mom are not necessarily connected to the way she handles her part of the relation toward youhas your mom usually ignored your opinions and wishes in relating to youif prior to the onset of alzheimers she never examined her way of relating to you and if both of you have never had an open conversation about your sense of feeling hurt by her attitudes and manner with you then the relationship between you and your mom will change in ways other than rational dialogueshe may continue ignoring or overlooking your wishes because shes been stuck in this attitude for most of your lifethe good news for you about this is realizing that who you are and your way of relating to your mom has very little to do with the way she relates to youthis is a more profound disappointment because it shows that her disconnect from you has been for longer than when the alzheimers beganyou can however feel a little more free knowing that youre not deserving of being ignored,1,1,1042,0.4721756220361832,0.5278243779638168,T
277,1796,is it normal for people to cry during therapy or is it just me,counselingfundamentals,yes its totally normal crying is a part of processing the tough stuff no matter your age gender or background and the therapeutic session is a safe space to do this sometimes crying can offer relief or provide room for deeper authenticity in session as you let both your strength and vulnerability shine in alignment,1,1,316,0.4727604711540201,0.5272395288459799,T
278,1968,"im a senior high school student im also five months pregnant i got pregnant by my boyfriend of three years my parents dont want us to communicate with each other he cant even come to visit my gynecologist my mom goes to attend all of my doctors appointments shes supportive of me i wish though that my boyfriend was next to me and be able to see his daughter on a sonogram at the very least my family does not understand that he deserves that much i cry all the time because i feel lost and hopeless
i need guidance and i believe that you can give it to me  am i wrong for wanting him around are they right for keeping him away from the appointments and not letting us communicate with each other even though we are the parents i do everything that they ask of me i just want him to be around when i ask my parents to let him be here they call me a selfish person please help me",relationshipsparentingfamily conflict,youre not wrong for wanting to be with your boyfriend of three years who is also the biological father of your childdo your parents object to you and your boyfriend continuing to see each other in person  or do they object only to electronic communication and dont want him involved in his childs life ask your parents what their reason is for forbidding you to communicate with your boyfriend  ask them also to understand your point of viewnow is also a good time for you and your boyfriend to plan whether and where you will live as a family and how to financially and emotionally support one another once your baby is bornyour mom and dad are definitely making fatherhood difficult for your boyfriend and motherhood stressful for youconsider bringing up the topic during your next obgyn visit  your doctor may ask your mom to explain her reasons and address theselook online for womens resources to see if there are clinics or agencies that would help you advocate for your position in this mattergood luck with the remainder of your pregnancy labor and delivery,1,1,1065,0.473007655546519,0.526992344453481,T
279,683,"im a senior high school student im also five months pregnant i got pregnant by my boyfriend of three years my parents dont want us to communicate with each other he cant even come to visit my gynecologist my mom goes to attend all of my doctors appointments shes supportive of me i wish though that my boyfriend was next to me and be able to see his daughter on a sonogram at the very least my family does not understand that he deserves that much i cry all the time because i feel lost and hopeless
 i need guidance and i believe that you can give it to me am i wrong for wanting him around are they right for keeping him away from the appointments and not letting us communicate with each other even though we are the parents i do everything that they ask of me i just want him to be around when i ask my parents to let him be here they call me a selfish person please help me",parenting,youre not wrong for wanting to be with your boyfriend of three years who is also the biological father of your childdo your parents object to you and your boyfriend continuing to see each other in person  or do they object only to electronic communication and dont want him involved in his childs life ask your parents what their reason is for forbidding you to communicate with your boyfriend  ask them also to understand your point of viewnow is also a good time for you and your boyfriend to plan whether and where you will live as a family and how to financially and emotionally support one another once your baby is bornyour mom and dad are definitely making fatherhood difficult for your boyfriend and motherhood stressful for youconsider bringing up the topic during your next obgyn visit  your doctor may ask your mom to explain her reasons and address theselook online for womens resources to see if there are clinics or agencies that would help you advocate for your position in this mattergood luck with the remainder of your pregnancy labor and delivery,1,1,1065,0.473007655546519,0.526992344453481,T
280,1678,"how do you know you have the right therapist for you
 how would i know how to train my therapist to be able to give me what i need from treatment",counselingfundamentals,one of the first things you should feel with a therapist is a safe and nonjudgemental space as a therapist my number one goal is to make my clients feel comfortable with sharing the darkest parts of their life the next thing you should recognize is the therapist challenging you to think beyond your current scope of focus,1,1,322,0.473293499508139,0.526706500491861,T
281,1671,"how do you know you have the right therapist for you
 how would i know how to train my therapist to be able to give me what i need from treatment",counselingfundamentals,like with any helping professional you need to feel comfortable and heard  if the therapist is not the right one you will definitely know during the first session  there is no training a therapist  i believe there has to be an openness in communication and a clear understanding of goals and treatment expectations,1,1,314,0.4734970290706976,0.5265029709293024,T
282,77,i have been diagnosed with general anxiety and depression by my family doctor they wrote a prescription for me to have an emotional support dog i have the paper work and i gave it to my apartment manager they said i cant keep the esd because im not disabled what do you suggest i do,depression,this is tricky because there are different types of emotional support dogs the ones that are officially trained actually go through months of training and then are paired with someone for whom they perform specific tasksyou may benefit from looking at the blog written by valerie parrott who has an emotional support dog due to severe anxiety and panic i will warn you that her blog is very blunt but she is honest and she has gone through this process httpsthedogintheroomwordpresscomwhatmakesaservicedogmore,1,1,509,0.4736079545522513,0.5263920454477486,T
283,52,"i have so many issues to address i have a history of sexual abuse im a breast cancer survivor and i am a lifetime insomniac    i have a long history of depression and im beginning to have anxiety i have low self esteem but ive been happily married for almost  years
   ive never had counseling about any of this do i have too many issues to address in counseling",depression,there is no such things as too  many issues many of the issues cited here are connected for example in this case working on the sexual abuse will possibly address the depression the anxiety the self esteem there may be some grief to process around the impact of the cancer our body mind and spirit are parts of one system they are interconnectedaddressing these issue are important so you can be relieved of the burden and feel more spontaneous and enjoy life even more,1,1,469,0.4738237856507492,0.5261762143492508,T
284,447,i have a bad habit of thinking and worrying about what others may think of me i really want to stop it and enjoy things,anxiety,thinking about what others think of us is a natural tendency human beings are social creatures and rely on feedback from the outside world of people places and things to let us know more about ourselves we also have an inner voice dialogue conscience etc that helps us to determine the path for us often when someone is worried about the external feedback and focuses on this as the sole source of information it can create a dependency that can become problematic balance is key to so many things in life your own voice is powerful and has strength to provide you the enjoyment you seek dont discount it and rely only on the voices of others,1,1,642,0.4740038780615004,0.5259961219384995,T
285,828,"ive worked with this guy for about three years now and i knew the first time i saw him that i was attracted over time he became a very dear friend and we talked about our relationship problems family dreams and so on there was always flirtation with us and one day pretty recently it progressed to making out we agreed to keep it quiet and we did but in the back of my mind i hoped it would become something more it didnt and three months later im still not over it
   im trying so hard to maintain the friendship because thats what he wants were no longer in the same office which i thought would help me get over these feelings but we still talk about work and hes constantly touching me so im still very drawn to him hes a hugger and such a sweet guy so i find myself fantasizing all the time about what could have been and what could still be but hes clearly not interested hes younger than me and prefers model types but i see him checking me out a lot which gives me hope how do i get him out of my system and still maintain the friendship",workplacerelationships,how frustrating to want a relationship with someone who does not feel similarlythe person who needs to be at the top of your list of those whose interest you consider is yourselfmost often staying engaged in dialogue affection sex with someone who has different reasons than you have for doing so creates longing frustration and sadnesssince the guy has told you he would like limiting his involvement with you more than likely you will be protecting yourself from disappointed wishes by taking his words seriouslysince youve made your interest in him clear it sound like hes taking advantage of what youre willing to offer himas long as hes not reciprocating with the involvement youd like why continue being available to himthe one area that is open to you in a positive way is to understand which qualities of this guy you find attractiveby understanding more about your own interests about a potential partner the stronger you will be able to step away from those who would like you for their reasons which have nothing or very little in common  with yoursgood luck with defining the qualities of a partner with who you will feel fulfilled by sharing yourself,1,1,1163,0.4747239075805572,0.5252760924194427,T
286,2019,"ive worked with this guy for about three years now and i knew the first time i saw him that i was attracted over time he became a very dear friend and we talked about our relationship problems family dreams and so on there was always flirtation with us and one day pretty recently it progressed to making out we agreed to keep it quiet and we did but in the back of my mind i hoped it would become something more it didnt and three months later im still not over it

im trying so hard to maintain the friendship because thats what he wants were no longer in the same office which i thought would help me get over these feelings but we still talk about work and hes constantly touching me so im still very drawn to him hes a hugger and such a sweet guy so i find myself fantasizing all the time about what could have been and what could still be but hes clearly not interested hes younger than me and prefers model types but i see him checking me out a lot which gives me hope how do i get him out of my system and still maintain the friendship",workplace relationshipssocial relationships,how frustrating to want a relationship with someone who does not feel similarlythe person who needs to be at the top of your list of those whose interest you consider is yourselfmost often staying engaged in dialogue affection sex with someone who has different reasons than you have for doing so creates longing frustration and sadnesssince the guy has told you he would like limiting his involvement with you more than likely you will be protecting yourself from disappointed wishes by taking his words seriouslysince youve made your interest in him clear it sound like hes taking advantage of what youre willing to offer himas long as hes not reciprocating with the involvement youd like why continue being available to himthe one area that is open to you in a positive way is to understand which qualities of this guy you find attractiveby understanding more about your own interests about a potential partner the stronger you will be able to step away from those who would like you for their reasons which have nothing or very little in common  with yoursgood luck with defining the qualities of a partner with who you will feel fulfilled by sharing yourself,1,1,1163,0.4747239075805572,0.5252760924194427,T
287,1354,ive been in a long distance relationship with my girlfriend for just over a year this past week she admitted to me that she has feelings for another guy she says its just a crush but i dont know how to cope with it    how should i deal with this,relationships,often communication is the key within relationships when faced with our significant other telling us about a crush it can create or highlight feelings or thoughts that can promote feelings of insecurity talk to your partner about their crush and use the conversation to strengthen your bond,1,1,290,0.4748461115967121,0.5251538884032879,T
288,481,im  and im sick and tired of going back and forth id like to stay at my mothers house this problem has really affected me ive had anxiety attacks and suicidal thoughts and selfharm in the past    currently im going through anxiety and my thearapist is not available how do i handle this,anxiety,at age  i think you are old enough to decide which parent you want to stay with fulltime i would gently and lovingly tell your father that youve decided to stay with your mother you can offer to visit him regularly if youd like parents often have a hard time letting go and especially in divorce situations your dad might feel as though hes lost the battle if you go live with your mom he might also feel hes lost you if your dad is unrelenting and the situation unbearable you can ask a judge to modify the custody agreement,1,1,525,0.4748942808331627,0.5251057191668372,T
289,1105,my best friend and ive been really close for almost three years she lives in the uk and i live in the us ever since her boyfriend flew from oregon to scotland ive been angry at him ever since he came into her life he took her away from me my best friend would always say sorry and im sick of it,intimacy,you are definitely in a frustrating situationyour friend and the boyfriend are doing what is natural for couples who are in the early stage of their relationship  being almost inseparable to the point of overlooking friends is understandable as long as it doesnt continue for long enough that friends feel hurtif you feel you would like to one more time tell your friend that you miss your friendship with her and would like her attention then do soafter expressing your needs as much as possible and if the result doesnt change then the sad conclusion is that your friend is willing to give you less time and energy than you require from her,1,1,642,0.4750019714945259,0.5249980285054741,T
290,197,i have bipolar disorder paranoid personality disorder posttraumatic stress disorder anxiety and obsessivecompulsive disorder i last selfharmed a week ago when i am stressed overwhelmed hurt or angry the urge to selfharm is all i can think of i am trying to seek help,depression,i wonder if you really are the long list of descriptions you wrote hereusually people with personality disorder and people who have bi polar disorder are not selfaware and do not anticipate their actions the way you writeone possibility is to find a second opinion as to whether you have been overdiagnosed or misdiagnosed  this happens a lot especially in clinics which make money from prescription drugs and creating dependencies on these prescription drugsyes follow your intuition and ask for help  just try to find a place which may see you in a different light than someone with a long list of diagnoses,1,1,609,0.4752570211029847,0.5247429788970153,T
291,825,my boss took over some work id begun concerned that she had doubts about my work i asked her for feedback i assured her that i did my utmost for customer service and asked if i was deficient she then said this was me being codependent,workplacerelationships,your boss response was insensitiveeither you can assume she was careless in her remark to you because of some unusual pressure in her own day and ask for feedback at a different time on a different projector if you dont want to take your chances of being insulted again then be your own evaluator of how well you did your workassume your work was at least good enough otherwise she would have pointed out any mistakes,1,1,417,0.4759014046811408,0.5240985953188592,T
292,120,every winter i find myself getting sad because of the weather how can i fight this,depression,i can understand the winter blues can truly be a hurdle in your life  i wanted to share these two videos that could be beneficial in your search to combat your winter sadness  the real irritation behind winter illnesshow to feel held holiday warm at home nurtured in a winter wonderland,1,1,286,0.4762837875467369,0.523716212453263,T
293,1645,"i nanny a three year old when he wakes up in the morning he calls out for someone to come get him if i am the one to go get him out of bed he gets really upset and refuses to let me near him he screams that he wants his mom or dad they work from home    the rest of the day he loves me but not in the mornings
   what can i do",childrenadolescents,it is very likely the child is upset by the fact that the parents have left more than that he hates you in particularthe fact that by afternoon he is happy with you shows more likelihood that he reacts to the parents departure more than who you are,1,1,248,0.4765702092958358,0.5234297907041642,T
294,1850,how does a person start the counseling process,counselingfundamentals,phone or email a counselor whose profile youve read and which feels right for youask to get a feel as to the way the person would handle your problem and work with youin my practice i offer a phone consult which generally continues for twenty minutesi feel it is only fair that a prospective patient has a feel for the service they are about to purchase before they can be expected to pay money for a service which may not be to their liking at all,1,1,448,0.4769376625155046,0.5230623374844954,T
295,702,all my friends have either hooked up or had a girlfriend but me i try to be happy for them but i get really upset every time they hook up,selfesteem,if you mean hooked up as having sex with no care for the person and youd like a girlfriend then realize relationships require more complex alignment with a partner than being a sex buddypay attention to all your feelings toward a girl so that youll approach someone who attracts you for reasons in addition to sexual allurealso the process of knowing someone takes much more time than only to sleep with someonehave patience and kindness toward yourself while you get to know the qualities which attract you to a potential girlfriend,1,1,533,0.4780553321867506,0.5219446678132493,T
296,1827,does counseling really do anything that can help people,counselingfundamentals,yes counseling can help peoplehow this happens is bc the counselor can guide the person or couple into deeper areas of their thoughts and emotions than the person or partners would typically avoid or not even realize they are avoidingalso a counseling session offers emotional safety because the therapist will intervene with thoughtful questions if someones strong emotions overwhelm themthis is different than in everyday circumstances  when someone feels overwhelmed by their own or someone elses feelings there is no one who asks reflective questionslast people get better in therapy because often therapy is the first time the person has a chance to trust someone with their confidential information and know this information will always be protected,1,1,755,0.4780593689275714,0.5219406310724286,T
297,229,after he got home from the hospital he was angry then for a time wonderful now he is depressed and hopeless again,depression,this is actually more common then we often realize and actually understandable as he has gone through a trauma an unresolved existential crisis  he was taken care of by others and now is again left alone with his own internal and rather horrific inner strugglein my work with cct or contextual conceptual therapy see wwwsuicidetherapycom i have learned how trapped suicidal people are in their own isolation also called a mysterious isolation a form of self protection which cuts the off from their self or spirit  and unless they address this message from their soul accompany a guide on a journey to discover their own missing information that is to recognize how their own uncomforted emotional pain has resulted in a coping stategy which has effectively cut themselves off from their own beauty their self and their ability to receive love from themselves and others their attempt to kill themselves is a cry from their soul or spirit that they cannot live the life they are living any longer  they take this literally and try to end their life when in fact what their soul or spirit is saying is they need to begin to live the life they came here to live,1,1,1159,0.4780736410766764,0.5219263589233236,T
298,2475,after he got home from the hospital he was angry then for a time wonderful  now he is depressed and hopeless again,marriagedepressionselfharm,this is actually more common then we often realize and actually understandable as he has gone through a trauma an unresolved existential crisis  he was taken care of by others and now is again left alone with his own internal and rather horrific inner strugglein my work with cct or contextual conceptual therapy see wwwsuicidetherapycom i have learned how trapped suicidal people are in their own isolation also called a mysterious isolation a form of self protection which cuts the off from their self or spirit  and unless they address this message from their soul accompany a guide on a journey to discover their own missing information that is to recognize how their own uncomforted emotional pain has resulted in a coping stategy which has effectively cut themselves off from their own beauty their self and their ability to receive love from themselves and others their attempt to kill themselves is a cry from their soul or spirit that they cannot live the life they are living any longer  they take this literally and try to end their life when in fact what their soul or spirit is saying is they need to begin to live the life they came here to live,1,1,1159,0.4780736410766764,0.5219263589233236,T
299,1189,"my brother has been diagnosed with paranoid schizophrenia and has not been taking his medication hes been using methamphetamine and alcohol and was found sleeping naked in my step mom driveway in  degree weather
   i was adopted in by his dad who just passed and his mother will not get involved because shes afraid of financial responsibility    do i have the rights to be able to sign my brother into mentalhealth facility",substanceabuse,the answer depends on what state you livesince the description you write here is that your brother may be a serious risk to himself and others it is worth contacting a mental health hotline or one of your local area hospitals and talk to a social worker or other professional level person in their psychiatry department  ask the same question you posted here   your question is a good one and merits serious follow through,1,1,422,0.4781346545803315,0.5218653454196684,T
300,2732,"my brother has been diagnosed with paranoid schizophrenia and has not been taking his medication hes been using methamphetamine and alcohol and was found sleeping naked in my step mom driveway in  degree weather

i was adopted in by his dad who just passed and his mother will not get involved because shes afraid of financial responsibility 

do i have the rights to be able to sign my brother into mentalhealth facility",family conflictlegal  regulatorysubstance abuse,the answer depends on what state you livesince the description you write here is that your brother may be a serious risk to himself and others it is worth contacting a mental health hotline or one of your local area hospitals and talk to a social worker or other professional level person in their psychiatry department  ask the same question you posted here   your question is a good one and merits serious follow through,1,1,422,0.4781346545803315,0.5218653454196684,T
301,1861,what are the basic skills a good counselor needs to have,counselingfundamentals, an awareness of their own incompetence and inexperience with events in your life an awareness of how the body mind emotions spirit and others all intertwine and activate one another how to work to use these connections to have you improve your experienceoh yeah and theres some listening in there as well ,1,1,306,0.4784109663393513,0.5215890336606487,T
302,1389,"i have a friend that who i used to be in a relationship with it was brief and turned into us being just good friends
   i spent the weekend with him and it upset my boyfriend was i wrong",relationships,your boyfriend is probably feeling jealous and maybe threatened by your friend does he know you had a relationship with your friend in the past it is not uncommon for him to feel this way as he was not included in your weekend with both of you is it possible for the three of you to spend some time together if you want to continue your friendship with this friend without it impacting your current relationship with your boyfriend maybe you can start there and see if everyone can be comfortable with this arrangement,1,1,518,0.4785490961673427,0.5214509038326572,T
303,2600,"i love my girlfriend so much i get an erection even just thinking about her or seeing her  but the two times we tried to have sex i couldnt get an erection  weve only had sex once and it was a long time ago 

why this is happening and what can i do about it",human sexualityintimacy,first off i want to acknowledge the emotional pain you must be experiencing about not being able to experience an erection  youre not alone and it took a lot of courage for you to post your query here below you will find excellent advice from skilled clinicians regarding your question and concern if you havent done so already id encourage you to checkout the mayo clinics website on this very topic httpwwwmayoclinicorgdiseasesconditionsseasonalaffectivedisorderbasicsdefinitioncononce youve ruled out any medicalorganic issues with either your pcp or urologist i recommend you work with a certified sex addiction therapist csat andor certified sex therapist cst and do some psychotherapy around attachmentfamilyoforigin intimacy selfimage trauma history sex history pornography etc  there is hope,1,1,799,0.4787205491432962,0.5212794508567038,T
304,1023,i love my girlfriend so much i get an erection even just thinking about her or seeing her but the two times we tried to have sex i couldnt get an erection weve only had sex once and it was a long time ago    why this is happening and what can i do about it,intimacy,first off i want to acknowledge the emotional pain you must be experiencing about not being able to experience an erection  youre not alone and it took a lot of courage for you to post your query here below you will find excellent advice from skilled clinicians regarding your question and concern if you havent done so already id encourage you to checkout the mayo clinics website on this very topic httpwwwmayoclinicorgdiseasesconditionsseasonalaffectivedisorderbasicsdefinitioncononce youve ruled out any medicalorganic issues with either your pcp or urologist i recommend you work with a certified sex addiction therapist csat andor certified sex therapist cst and do some psychotherapy around attachmentfamilyoforigin intimacy selfimage trauma history sex history pornography etc  there is hope,1,1,799,0.4787205491432962,0.5212794508567038,T
305,1324,what makes a healthy marriage last,marriage,in my mind a healthy marriage has two participants meaning both people participate equally in the intimate connection of marriage an unequal participation comes in many forms such as one person checking out of conversations when it becomes emotional or speaking over and for each other in these conversations couples should strive for engagement and support but doing it in a way that works for each person individually i hope this helps,1,1,437,0.4787484865650516,0.5212515134349484,T
306,1627,every time i send a message to someone or a group message on instagram imessage or snapchat people will read my messages but then they wont answer me    could it be that there is something they dont like about me i dont understand why they wont answer my messages how do i get people to respond to me,socialrelationships,i understand the feeling of not being liked due to not having any responses on the sites you listmore than likely the nonresponse has less to do with liking you than w liking the way you write your messageshave you tried asking a question in your posts  this would be one way to invite people to answer your postwhen you write  imagine yourself as the reader of the postif you think about the wording of a question which would motivate you to respond then this formula will very likely be the same for many others who read your postgood luck,1,1,541,0.4793003847740468,0.5206996152259532,T
307,2658,"every time i send a message to someone or a group message on instagram imessage or snapchat people will read my messages but then they wont answer me 

could it be that there is something they dont like about me i dont understand why they wont answer my messages how do i get people to respond to me",social relationships,i understand the feeling of not being liked due to not having any responses on the sites you listmore than likely the nonresponse has less to do with liking you than w liking the way you write your messageshave you tried asking a question in your posts  this would be one way to invite people to answer your postwhen you write  imagine yourself as the reader of the postif you think about the wording of a question which would motivate you to respond then this formula will very likely be the same for many others who read your postgood luck,1,1,541,0.4793003847740468,0.5206996152259532,T
308,1152,my boyfriend recently got a kitty i hate cats in general and he knows it it grosses me out and makes me very upset when he pets his cat i want to throw out the cat i feel very jealous,intimacy,sorry for you and sorry for the cat because youre each in a tense positionwhat was the context of your boyfriend adopting a cat since he was aware that this would likely cause problems in the relationship with youif you dont already know his answer then find out  doing so will tell you a lot about your boyfriends expectations about you  does he expect you to accept without question whatever he does  does he care about your views  does a cat have some deep meaning for him that having one is essential to his life and he never told you soplease dont be mean to the cat  its not the cats fault for being in your boyfriends carethere are plenty of other cats on this earth so throwing out the cat will not solve anything between you and your boyfriendwho knows your boyfriend may come back home with three more catsstart with a conversation about your feelings and his interest in your feelings,1,1,895,0.4794610125067281,0.5205389874932719,T
309,1099,i have been dating my boyfriend for eight years we met in college off away from home and things went from good to bad when i met his family who treats him like he is their man they expect him to take them on dates like to the movies and out to eat when they come around and he thinks its okay,intimacy,well then you learned something new about your boyfriendare you fine with having a different opinion than him and staying togetherthink over how major a problem this is to you and if it is reason enough to leave the relationshipthere are always plenty of areas of disagreement between partners in a relationshipthe key to being happy is to know which ones you can accept and which ones are beyond your tolerance with which to livealso an early step would be to directly tell your boyfriend your opinion   he may be willing to change his ways to satisfy you,1,1,556,0.4796225798524014,0.5203774201475986,T
310,978,any time things get heated the past gets brought up i raise my voice at her to try to get a point across she asks openended questions but always has to turn my own answer against me shes seven months pregnant i have drank in the past but im not dependent on alcoholi only drink at social events,angermanagement,have you tried to talk about the subjects of the past in the present at a time in which there is no heat between the two of yousince your gf would like to resolve situations from the past the best way to do so would be to talk about them  the more you try to avoid certain subjects the more likely they will come up between you at worse possible momentsif you can get ahead of the pattern of old topics coming up without your control then try scheduling a discussion about them  this by itself will show your gf you care about what she cares about and this may be one quality she would feel good about,1,1,601,0.4796877019811665,0.5203122980188335,T
311,1863,what are the basic skills a good counselor needs to have,counselingfundamentals,i think that the most important skill a good counselor has is the ability to empathize whether that be natural empathy or trained empathy is essential a good counselor also knows the difference between identifying with their client and empathizing with their client an ability to not bring in our own baggage we all have baggage and most are wounded healers into our work as its not about us if it is brought in it should be in only a way that can help a clientand to listenspecifically to what the client is needing,1,1,516,0.4797931026728886,0.5202068973271113,T
312,1470,my boyfriend moved in with me a few months ago i love him but his dog is wrecking my house every day we get home there is a huge mess on the floor and several things will be ripped up including the couch hes slowly eating all of the doors and there will be food and poop everywhere even though i come home during all of my breaks to take him out he still poops and pees in the house every chance i cant financially afford to have the dog wrecking my house ive tried talking to my boyfriend about the dog to try and come up with a solution but it never ends well the dog is the only thing we fight about because i want him out of the house and my boyfriend doesnt want to see him go its not the dog fault though i understand that the dog is only a year old and he isnt a bad dog hes just too big of a dog for where he is he should be a farm dog instead of a town dog i dont hate the dog but i just cant afford to continue having my house torn to pieces,relationships,every living creature needs time and support to adjust to a new situationthe dog is in a new place without the ability to understand the reason  this may explain what sounds like the dogs agitation  have you spoken with your boyfriend on his opinion on how to address the dog behavior problemsfinding an answer together would be a good way of making your relationship stronger  a lot of being a couple who live together is talking listening and deciding together on how to handle major situationsif it is affordable then a dog behaviorist may be of great help  the person would guide you in working with the dog to become calmer,1,1,628,0.4804281871387308,0.5195718128612692,T
313,594,he just walks in the house whenever he wants to see his kids my fiancé tells me it makes her angry and doesnt like it but she seems afraid to say anything to him about it for some reason is it okay for him to do this,parenting,the kids are actually her property and he does have a claim to them as he wishesthe house is yours i presumeso require that if he wishes to see his property it be done off of your propertyand that as long as it remains your property you have jurisdiction over all those thereinrequire compensation for visits and send him a billwhen he doesnt pay send to the local sheriff go to small claims court and win a judgment against him for nonpaymenti wonder how that might work out act as man ,1,1,487,0.481679473842059,0.518320526157941,T
314,1022,i love my girlfriend so much i get an erection even just thinking about her or seeing her but the two times we tried to have sex i couldnt get an erection weve only had sex once and it was a long time ago    why this is happening and what can i do about it,intimacy,sexual desire seems to be straightforward  i like someone and i become aroused at the thoughts of being intimate with them  but that idea does not always take into account other factors stress can have a huge effect on our body and how it performs  when we are overstressed for example we often find ourselves ill at the same time  can you think of any part of your world that may be causing you some additional stress additionally focusing on your erection may also be increasing the level of stress you feel about being intimate which could also effect your ability to get and maintain an erection  while this may seem counter intuitive it makes sense in the word of stressfinally its never a bad idea to follow up with your doctor as well you did not mention your age or sexual history outside of this relationship but it is always a good idea to check in with medical staff to make sure there is nothing physically responsible for changes in our body as well,1,1,962,0.4819409868435828,0.5180590131564172,T
315,2595,"i love my girlfriend so much i get an erection even just thinking about her or seeing her  but the two times we tried to have sex i couldnt get an erection  weve only had sex once and it was a long time ago 

why this is happening and what can i do about it",human sexualityintimacy,sexual desire seems to be straightforward  i like someone and i become aroused at the thoughts of being intimate with them  but that idea does not always take into account other factors stress can have a huge effect on our body and how it performs  when we are overstressed for example we often find ourselves ill at the same time  can you think of any part of your world that may be causing you some additional stress additionally focusing on your erection may also be increasing the level of stress you feel about being intimate which could also effect your ability to get and maintain an erection  while this may seem counter intuitive it makes sense in the word of stressfinally its never a bad idea to follow up with your doctor as well you did not mention your age or sexual history outside of this relationship but it is always a good idea to check in with medical staff to make sure there is nothing physically responsible for changes in our body as well,1,1,962,0.4819409868435828,0.5180590131564172,T
316,575,when my daughter is stressed about a silly thing from school she starts crying and freaking out she is a bright student always has a  but i am afraid she is stressing too much im afraid its going to break her i dont know if i should get her to a doctor or someone because this is not normal,parenting,i hear that you are concerned about your daughters reaction and her emotional well being her behaviors are worry some as you feel she seems to be approaching her breaking point i would suggest speaking to your daughter about the situation at school and her feelings listening and acknowledging your daughters feelings without judgement or giving solutions is a very effective communication skill ask your daughter how she feels about speaking to a therapist or her doctor someone that she knows and feels comfortable talking to about her feelings and learning healthy coping skills to address stressful situations,1,1,613,0.4820451669604183,0.5179548330395817,T
317,1341,i need to speak to someone about sexual addiction and binge eating immediately,eatingdisorders,there is an organization dedicated to helping individuals find affordable counseling  it is called open path collective  there is a one time membership fee of  and it lasts for your lifetime  you then have access to local counselorstherapists who will see you for an extremely reduced rate anywhere from      httpsopenpathcollectiveorg,1,1,335,0.4825556759098857,0.5174443240901143,T
318,924,i recently lost a friend to suicide im smoking marijuana and drinking more to cope with it how can i handle this better,trauma,suicide is a very traumatic loss and affects survivors significantly everyone deals with their grief in different ways one way i recommend to deal with the loss of a loved one is to write letters to them some people like to keep the letters in a jar maybe fill the jar with sand so the letters are buried i recommend writing the letters as often as you need to you will notice over time the need to write the letters will decrease and the intense feelings of loss will decrease i also recommend finding a survivors support group in your area you can find more information on wwwafsporg,1,1,585,0.4826686179598266,0.5173313820401734,T
319,2270,i recently lost a friend to suicide  im smoking marijuana and drinking more to cope with it how can i handle this better,grief and losssubstance abusetrauma,suicide is a very traumatic loss and affects survivors significantly everyone deals with their grief in different ways one way i recommend to deal with the loss of a loved one is to write letters to them some people like to keep the letters in a jar maybe fill the jar with sand so the letters are buried i recommend writing the letters as often as you need to you will notice over time the need to write the letters will decrease and the intense feelings of loss will decrease i also recommend finding a survivors support group in your area you can find more information on wwwafsporg,1,1,585,0.4826686179598266,0.5173313820401734,T
320,324,i start counselingtherapy in a few days im freaking out but my main fear is that ill cry and embarrass myself is it something to worry about,anxiety,many people cry during their therapy sessions actually most people cry in their therapists office i tell my clients that its safe to cry in my office and crying isnt a sign of weakness its a normal human response to pain people actually do more harm to themselves by trying not to cry than by crying crying is very cleansing and an important part of the healing process for many people,1,1,385,0.4828169492806828,0.5171830507193171,T
321,1355,ive been in a long distance relationship with my girlfriend for just over a year this past week she admitted to me that she has feelings for another guy she says its just a crush but i dont know how to cope with it    how should i deal with this,relationships,discuss with her boundaries and discuss what would occur if this crush becomes more than originally anticipated  decide what you would do individually if any of this occurs   ask yourself if you trust her especially given the long distance  open candid conversations would be crucial as you go thru this process,1,1,311,0.4830606144033732,0.5169393855966268,T
322,1463,i was hanging out with my close guy friend we started kissing but afterwards he said that we should just stay friends because he doesnt want to ruin anything we both just got out of relationships his was very sexual im not a sexual person and he knows that i want to be with him but im not ready for another relationship and i dont know if he ever will want to be more than friends,relationships,given that both you and your friend recently ended your respective romantic relationships kissing each other sounds like each of you satisfied a very natural need which for right now does not has a natural source of satisfactionsuddenly being without a partner is difficult because a relationship absorbs and offers much of a persons energy stay focused on what you know about yourself which is that youre not ready for another relationshipfrom what you describe about your friend similar to you he does not feel ready for a new relationshipif and when you feel ready to enter a new relationship and your friend seems attractive then youll be in a position to find out either by approaching your friend as a potential partner or by asking your question of his interest in youwho knowsit is possible your friend will feel ready for a new relationship approach you and depending on your personal wishes to be or not be with who he has become accept his offergood luck with step one becoming familiar with your new state of single hood and sorting through the good news and bad news of your most recent relationship,1,1,1112,0.4837359777188486,0.5162640222811514,T
323,2793,my boyfriend is in recovery from drug addiction we recently got into a fight and he has become very distant  i dont know what to do to fix the relationship,relationshipsaddiction,im sorry you have tension between you and your bfa relationship means two people who relate right   if only one person does all the work to change their approach what they expect what they offer the other then this becomes the new problem to solveif youve already done a significant amount of reflection and change in the way you relate to him then the next step may be to be patient as long as possible while he decides what to change about his part in the relationship toward yousubstance abuse recovery requires profound effort and reflection  if it is successful then the result will show very different qualities in your bf than the ones you know currentlyhe may be so absorbed in the recovery that he can only concentrate on this   of course if the fights persist and you have been patient for what feels too long then there are different questions to address,1,1,865,0.4838964672411575,0.5161035327588425,T
324,1422,my boyfriend is in recovery from drug addiction we recently got into a fight and he has become very distant i dont know what to do to fix the relationship,relationships,im sorry you have tension between you and your bfa relationship means two people who relate right   if only one person does all the work to change their approach what they expect what they offer the other then this becomes the new problem to solveif youve already done a significant amount of reflection and change in the way you relate to him then the next step may be to be patient as long as possible while he decides what to change about his part in the relationship toward yousubstance abuse recovery requires profound effort and reflection  if it is successful then the result will show very different qualities in your bf than the ones you know currentlyhe may be so absorbed in the recovery that he can only concentrate on this   of course if the fights persist and you have been patient for what feels too long then there are different questions to address,1,1,865,0.4838964672411575,0.5161035327588425,T
325,292,my dad passed away when i was a teenager i never got any help and five years later i feel like i cant handle it anymore,depression,its never to late to get help with grief  get help as soon as possible before you are feeling the same way  years from now  you will always miss your dad but getting help with coping with his loss will make life easier to live,1,1,226,0.4839881749936334,0.5160118250063666,T
326,1823,does counseling really do anything that can help people,counselingfundamentals,counseling can be beneficial in many ways for example a counselor can help an individual identify the sources of their psychological distress and support them in using coping skillsin addition counselors can collaborate with clients in developing a treatment plan that lays out goals and objectives to be realized during the processthe counselors capacity to understand the underlying problems and also communicate the understanding to the client constitutes an important discussion to have that leads to helping the client alleviate symptomsmost counselors use active listening and this intervention helps clients feel heard which in itself can be healing,1,1,656,0.4848460307577779,0.5151539692422221,T
327,709,im a teenage girl and i feel very bad about my weight i dont know how to make it stop,selfesteem,have you spoken to your health care provider about your weight  you may not have a medical issue   a lot of times we try to have the perfect body when in reality we try to live up to social standards  please set up a free consultation with me,1,1,242,0.4849067860110873,0.5150932139889127,T
328,763,im obsessing about a terrible breakup everything is a constant reminder how do i move on,relationshipdissolution,moving on is the right question everyones different in moving on first what can i learn about myself because of this painful time caring nonjudgmental family and friends who listen with the head and heart help a iot other times i need a skillful caring professional to help me move on you will find a way because youve asked the right question dr spencer,1,1,354,0.4849180293835785,0.5150819706164215,T
329,2653,"my fiancé and i come from a strong christian background but both went off the straight and narrow once before he is having a hard time accepting my past especially  that im not a virgin he has a hard time in general accepting himself and others 

his insecurities are hurting our relationship how can i help him let go of my past and decide to live in the present",relationshipsintimacyspirituality,your patience with his pace of accepting your past is the factor most in your control in this situationeveryone accepts a new understanding at their own particular rate  yours may be faster than his pacesince it is possible he may accelerate his pace of accepting your past if he knows that this is a priority for you tell him about your own discomfort even if knowing how you feel does not motivate him to a quicker pace of accepting your past you will have the peace of mind to know you gave him all the information you possibly had to give,1,1,542,0.4849466562562858,0.5150533437437141,T
330,853,my fiancé and i come from a strong christian background but both went off the straight and narrow once before he is having a hard time accepting my past especially that im not a virgin he has a hard time in general accepting himself and others    his insecurities are hurting our relationship how can i help him let go of my past and decide to live in the present,spirituality,your patience with his pace of accepting your past is the factor most in your control in this situationeveryone accepts a new understanding at their own particular rate  yours may be faster than his pacesince it is possible he may accelerate his pace of accepting your past if he knows that this is a priority for you tell him about your own discomfort even if knowing how you feel does not motivate him to a quicker pace of accepting your past you will have the peace of mind to know you gave him all the information you possibly had to give,1,1,542,0.4849466562562858,0.5150533437437141,T
331,31,"i have so many issues to address i have a history of sexual abuse im a breast cancer survivor and i am a lifetime insomniac    i have a long history of depression and im beginning to have anxiety i have low self esteem but ive been happily married for almost  years
   ive never had counseling about any of this do i have too many issues to address in counseling",depression,i dont think there is such a thing as having too much or too little issues for therapy humans are very complex and our life story varies on the individual our complexities have connections and oftentimes in therapy seeking help for one struggle may have a positive impact on another it is never too late to seek help from a professional we are never too complex for help,1,1,370,0.4850379092237483,0.5149620907762517,T
332,502,i never feel like myself i cant even think straight anymore i start stuttering and i cant remember anything i always get nervous and usually talk myself down but recently end up fighting with what feels like someone else i dont know why i feel this way but i hate it,anxiety,hi houston okay somethings definitely going on right my gut is to start with your family physician because you have some physical symptoms while it seems anxiety is a likely problem here your doctor will hopefully know your history and can help you decide if you need some medical tests or some therapy without knowing more thats all i can say at this point best of luck,1,1,370,0.48521664719053,0.51478335280947,T
333,1518,i was born a girl i look like a boy i sometimes feel like a different variation of gender i dont know what to say if someone asks my gender i just get really confused and usually say my birth gender,lgbtq,it is ok to tell someone who is casually asking about your gender what is written on your birth certificate measure the significance of your answer to the significance of the person who is asking you the questionin addition you are stating the simple truth so theres nothing wrong with stating what is on your birth certificatedo you understand the reason of why people are asking about your genderit is not a common question so i wonder about the context in which this happensthe whole field of gender identity is extremely popular nowpopular usually means people are swept into a trend just because it is in the air not because theyve given the time and seriousness to thoughtfully consider if the trend has anything to do with them personallykeep open minded to who you are including if you are truly a different gender than the one youre born intoit is a very complicated question and lately people especially teens are answering it much more rapidly than seems possible to fully consider,1,1,992,0.4852829997591114,0.5147170002408886,T
334,611,my dad is always and i mean always cussing and screaming at me for no reason at all he makes me feel stupid he also compares me to my other siblings in a negative way and demeans me is this abuse,parenting,yes screaming and cussing at your child is considered abusehere are two points i suggest you consider for your situationif your dad is ever calm when you and him are with one another  ask for some time to talk about your relationship with himschedule it for sometime in the near future from your request   this way he has time to consider his points of view on his relationship to you  even if he does no thinking about your relationship at all he will not feel pressured by the surprise of suddenly being expected to talk about a topic he may prefer to prepare himselfmy second point to you is to keep steady in your own views of who you are  when a parent demeans and mistreats a child the child is affected in a negative way  concentrate on loving yourself and keeping people in your friendship circle who care about you,1,1,823,0.4853219085167093,0.5146780914832907,T
335,1160,my boyfriend and i have not had sex in a couple of weeks he had to have a cyst removed on his testicles i have been wanting to have sex with him for a while now and it drives me crazy not to be able to make love to him im scared to touch him and get close to him because im afraid that i will hurt him,intimacy,are you talking with your boyfriend about his doctor advises on starting to have sex againbeing able to talk together about topics that involve both of you will establish a new type of intimacy on an emotional levelalso there are many ways of making love  if your bfs cyst hasnt yet healed then another way of both increasing your emotional intimacy and learning different love making suggestions is to read about these together with himi hope the two of you enjoy learning new ways of sexually taking care of one another while developing more emotional closeness in the process,1,1,578,0.4858249370416971,0.5141750629583028,T
336,290,i have a lot on my mind but all i want to do is stay locked in my room and not socialize with anyone why do i feel so alone,depression,there are many possible issues to consider as depression  social anxieties even medical illness  for some even grief creates a sense of isolation pains from relationship break up  also obsessive thinking can be debilitating  seeking at least one trusted friend or family member can be a start towards increased personal support  some persons may simply feel connected by spending time with someone as this even if not talking directly on issues just being around another is positive  obviously there is more to explore on this question given minimal information from two sentences,1,1,580,0.4863064421268959,0.5136935578731041,T
337,646,she cried because she lost all trust in me now i feel disgusting and like my heart just got stabbed what do i do,parenting,you felt bad when you lied so you told the truth  i imagine your mom was really shocked and upset  both of those things tell me you are a pretty honest person  its possible that your mom had a big reaction simply because she has learned that her child from whom she always assumed honesty was capable of being dishonest  thats not awesome but its not the end of the world  you made a mistake  youll make more of those in your life just try not to make the same ones over and over againit sounds like you and your mom are close so i can see why it would feel so awful to have her distrust you  since you are a fundamentally honest person the way back to being trusted is going to be simple but may take a little time  the recipe is easy  say what you are doinggoing to do do only that unless change is necessary in which case you inform others involved and repeat  and cut yourself some slack  your mom will recover and so will you  its an important and painful lesson about integrity but once learned it will serve you well,1,1,1023,0.4865853722707296,0.5134146277292704,T
338,554,when my daughter is stressed about a silly thing from school she starts crying and freaking out she is a bright student always has a  but i am afraid she is stressing too much im afraid its going to break her i dont know if i should get her to a doctor or someone because this is not normal,parenting,it would probably be helpful to connect her to a counselor rather than a doctor as a doctor can only prescribe medication to treat the symptoms and is unlikely to be able to affect the underlying problem,1,1,203,0.4867755802626189,0.5132244197373811,T
339,387,"my son was diagnosed with autism a few years ago and i stopped working so that i could take care of him i also was dealing with an abusive relationship mentally physically and emotionally now i live like a recluse and i always feel nervous around people
   how can i feel more comfortable around other people",anxiety,probably a good portion of living like a recluse was necessary so you had time to rest and recuperate from so much major adjustment in your lifehave you told some of the people in your life about the many changes youve been through   it is possible people sense something different about you and arent sure whether to ask or not ask questionsalso understand what type of qualities youd like to offer and receive in a friendship   given that raising a kid who has autism takes a lot of energy and time the way you socialize will changestart with one person whom youre pretty sure would welcome you and whom you would gain by bringing them into your lifeas a result of how this interaction goes how you decide to spend your time together what youll discuss you will know more about yourself and what you require to feel good around other peoplethen you can consider if youre ready to add others into your world,1,1,908,0.4868108472715262,0.5131891527284738,T
340,2702,"my son was diagnosed with autism a few years ago and i stopped working so that i could take care of him  i also was dealing with an abusive relationship mentally physically and emotionally now i live like a recluse and i always feel nervous around people

how can i feel more comfortable around other people",parentingrelationshipsanxiety,probably a good portion of living like a recluse was necessary so you had time to rest and recuperate from so much major adjustment in your lifehave you told some of the people in your life about the many changes youve been through   it is possible people sense something different about you and arent sure whether to ask or not ask questionsalso understand what type of qualities youd like to offer and receive in a friendship   given that raising a kid who has autism takes a lot of energy and time the way you socialize will changestart with one person whom youre pretty sure would welcome you and whom you would gain by bringing them into your lifeas a result of how this interaction goes how you decide to spend your time together what youll discuss you will know more about yourself and what you require to feel good around other peoplethen you can consider if youre ready to add others into your world,1,1,908,0.4868108472715262,0.5131891527284738,T
341,658,we have tried gentle talking counting to calm her and talking about it sending her to her room and then trying to talk when shes calmer and now calisthenics however nothing is working,parenting,theres two things this post relays  one which im sure youve already looked into  is working with the school to address this problem sure sometimes kids dont get along but most schools look at bullying seriously and this sounds serious the other though is additional tools to consider to help your daughter if you havent already read greenes explosive child you might give it a shot while its a little preachy many of the tools are wonderful and can help parents navigate tantrums httpswwwamazoncomexplosivechildunderstandingfrustratedchronicallydp another tool that can redirect a child thats losing it is a task if her tantrums say involve throwing things maybe shes in charge of throwing all the sticks and acorns off the driveway into the garbage bin ie hey jenny you seem really angry right now lets use all that energy and get some work done go with her throw with her even  if possible  making a game out of getting the acorns into the bin from a distance i wish you all the best,1,1,985,0.4875680286102132,0.5124319713897868,T
342,360,i have developed bad social anxiety within the last year and i just cant stand to be around people i recently got a new girlfriend and she is extremely close to her large family and wants me to be around them all of the time my last visit with them i was quiet and uncomfortable and she got mad,anxiety,congrats on the new gfif you need a period of social withdrawal then this is not necessarily a quality to fight with yourself againstif your girlfriend isnt empathetic and willing to tolerate a basic part of your personality then set a standard for yourself of being respectedas long as youre willing to be around her family for her sake then youre doing all you can do to please the girlfriendthe question is whether or not she is doing all she can to satisfy you her boyfriend to make you happytry explaining that you have needs too and ask her to consider your wish to be mostly quiet around her family,1,1,605,0.4876218551469363,0.5123781448530637,T
343,811,my husband and i got into a huge dispute he said he wanted a divorce and i left i still come home a lot and see my kids and he has not filed yet even though he still said he is what does that mean for our marriage,relationshipdissolution,in situations like this in most cases he probably will not fill anytime soon its more of the fact that he isnt ready to give that life yet now if you probably pressured him about it then yes he would probably give in but if it hasnt been a big issue anymore or something you guys arent talking about then right now everything is on a hold,1,1,338,0.4878398937195712,0.5121601062804287,T
344,862,i was born a girl but i want to be a boy because of my religion i cant tell my family i know they wont accept me what do i do,spirituality,ultimately to suppress your natural identity will work against youhowever difficult painful frightening it is to tell your family about your discovery about who you are trying to avoid your own truth will do you harm eventuallyone way to make this conversation easier for yourself is to prepare yourself for the outcomes you expect and know will be difficulttake as much time as you need to accept the potential rejection because this way iff and when it comes you will be better able to handle it,1,1,497,0.4879159073496125,0.5120840926503875,T
345,1501,after  years of being straight how could i now find myself interested in people of the same sex i have had a few same sex encounters of my own doing,lgbtq,i frequently work with individuals who develop samesex attraction later in life humans have a tendency to think of things in absolutes black or white good or bad gay or straight in fact much of life is lived in the grey that lies in between the extremes this is especially true of sexual orientation which is fluid and occurs along a spectrum as someone ages and grows their sexual interests may change i would encourage you to speak to a therapist who specializes in working with lgbtq individuals they will have the experience necessary to help you navigate these issues,1,1,572,0.4881116219521153,0.5118883780478847,T
346,1702,"how do you know you have the right therapist for you
 how would i know how to train my therapist to be able to give me what i need from treatment",counselingfundamentals,choosing the right therapist is important take the time to ask a few questions before setting up the first appointment to determine if you feel it is the right fit typically you can tell within the first few minutes of a conversation,1,1,233,0.4883358064072055,0.5116641935927945,T
347,1141,he owns his own business sometimes he stays out all night but doesnt tell me we have a son together and i get to stay home with him he says i complain too much about what hes doing weve been together a year and a half i got pregnant after being together for a month we moved in together when i had my son in july everything was great and then he started the staying out he then started not spending time with either of us i just dont know if im doing something wrong weve talked and he says this is just how he is but he wasnt like this before,intimacy,congrats on the birth of your sonyour situation sounds painful lonely and isolatingand these features are eating away at your selfconfidencestart by believing in yourself  the feelings and ideas you describe here would only be arising from within you because they are at the very least partly trueask your boyfriend if he is willing to listen and understand your point of view  if he does then hopefully the two of you will more easily talk with one another about the truth of feeling overwhelmed by the quick pace of your courtship and becoming a familyif these discussions continuously include him blaming you for having your own feelings and expecting him to more actively be a part of your and your sons life then youll need to start valuing your feelings and what is best for you and your son by yourselfi send you lots of good luck,1,1,837,0.4891395710810037,0.5108604289189963,T
348,557,when my daughter is stressed about a silly thing from school she starts crying and freaking out she is a bright student always has a  but i am afraid she is stressing too much im afraid its going to break her i dont know if i should get her to a doctor or someone because this is not normal,parenting,she could be an empath or dealing with imbalances in her energy field from all the pressurevery little info on her date of birth  outside evaluation to help her see or direct her on who you can become is a great start   you can check out my services and test you can order for her,1,1,280,0.4891804317394693,0.5108195682605307,T
349,401,"when im in large crowds i get angry and i just cant deal with people i dont really like other people i prefer animals they make me nervous and scared
   i lay awake at night thinking and having conversations in my head and i almost always end up making myself feel terrible and crying i have more conversions in my head than i do with actual people    i dont know whats wrong with me and why i feel this way what should i do",anxiety,one of the things to ponder on is a how long has this been going on b what eventsituation occurred during that time c what was the story you told yourself about the event  as an anxiety specialist and sufferer often anxiety comes from some painful past learningexperience  something that may have caused shame guilt embarrassment etc  traumatic events or at least situations that were traumatizing to you may be of issue  anxiety is often caused by either thinkingliving in the past or future as well as comparison to others  keeping a thought record having someone help you identify the core issue and unpack that and reassign a new meaning to the event situation and frankly yourself will be invaluable  always remember  doing the same thing gives you the same results doing something different can possibly give you different results  keep grindin in seeking to learn and you will rise,1,1,888,0.48940787811318,0.51059212188682,T
350,1282,i have three siblings my mom loves them and not me shes always yelling at me but when it comes to my siblings she talks to them im always crying in my room,familyconflict,have you ever tried talking with her about this when shes not angry while i hear you saying that it feels like she doesnt love you there could be a lot of other pieces to this have you ever told her about how much she means to you when shes not angry,1,1,250,0.4896230412889175,0.5103769587110825,T
351,2684,i dont know how else to explain it all i can say is that i feel empty i feel nothing  how do i stop feeling this way,depression,a feeling of emptiness can be from a lack of awareness and acknowledgment for the things the people the places that you have in your life the use of affirmation and gratitudes helps to remind ourselves of all of the aspects of our lives,1,1,236,0.4902929156149443,0.5097070843850556,T
352,99,i dont know how else to explain it all i can say is that i feel empty i feel nothing how do i stop feeling this way,depression,a feeling of emptiness can be from a lack of awareness and acknowledgment for the things the people the places that you have in your life the use of affirmation and gratitudes helps to remind ourselves of all of the aspects of our lives,1,1,236,0.4902929156149443,0.5097070843850556,T
353,1450,he isnt violent but he has anger issues and deep insecurities hes working on them and has improved we started counseling and he participated in one or two individual sessions but we broke up again shortly thereafter now his constant questions and accusations are getting really draining,relationships,from what you write youre not too happy with how your boyfriend treats you and how he handles his own lifewhat keeps you feeling connected to him in positive waysif youre truly not happy most of the time in this relationship then youre at the time of asking why youd want to remain in a relationship which is draining,1,1,317,0.4903261877297052,0.5096738122702947,T
354,631,i have four children one of them is in her s and she cannot afford to go nor can i pay for her she went last year for two weeks by herself,parenting,of what do you feel youd be guiltyfamily vacations are not a basic human right to existence  they are fun ideally  youre not violating a basic human right  you wrote that you dont have enough money to pay for her to come alongyou may find yourself feeling more guilty toward yourself if you give more than you reasonably can afford to givemy suggestion is to tell your daughter your reason for not taking her along maybe this will open more dialogue between the two of you,1,1,472,0.4904847848519275,0.5095152151480725,T
355,2659,"my dad doesnt like the fact that im a boy he yells at me daily because of it and he tells me im extreme and over dramatic

i get so depressed  because of my dads yelling he keeps asking me why i cant just be happy the way i am and yells at me on a daily basis is this considered emotional abuse",family conflictlgbtq,maybe this is emotional abuseit certainly is irritating and annoying to be yelled at for being yourselfmaybe at a time when hes not yelling you can bring up the topic of your own willingness if this is true to discuss questions he has about your gendertheres no guarantee he wont start yelling midway through a dialogue like this  only then you will be on firm ground to excuse yourself from the conversation since you already explained that youre willing to talk with him and not to be yelled at by him,1,1,503,0.4906150562289475,0.5093849437710525,T
356,1279,"my dad doesnt like the fact that im a boy he yells at me daily because of it and he tells me im extreme and over dramatic
   i get so depressed because of my dads yelling he keeps asking me why i cant just be happy the way i am and yells at me on a daily basis is this considered emotional abuse",familyconflict,maybe this is emotional abuseit certainly is irritating and annoying to be yelled at for being yourselfmaybe at a time when hes not yelling you can bring up the topic of your own willingness if this is true to discuss questions he has about your gendertheres no guarantee he wont start yelling midway through a dialogue like this  only then you will be on firm ground to excuse yourself from the conversation since you already explained that youre willing to talk with him and not to be yelled at by him,1,1,503,0.4906150562289475,0.5093849437710525,T
357,1252,after i told them they yelled at me,familyconflict,im sorry your family had such an upsetting response to your newsmaybe eventually they will come around to greater acceptance of you   if this was the first time they heard this fact about your sexuality the information may have overwhelmed themit is up to the family members now to realize they handled their reaction in a way which may have upset youwhether or not they do this you still can be sure you did what was necessary and in your hands to tell them such key information about you,1,1,489,0.4910038309784625,0.5089961690215374,T
358,1654,"i keep having these random thoughts that i dont want things like you arent worth anything i know theyre my own thoughts but it feels like someone else is saying it
   what is wrong with me and how can i stop having these thoughts",diagnosis,sending your some positive vibes  it seems that rebt could be helpful or cognitive therapy  first get a check up to see if there is any under lining medical issues  medical intuitive scan or cat scan blood tests etc  then go from there  you may need some help chemically then start talk therapy,1,1,294,0.4910774788453931,0.5089225211546069,T
359,1542,one moment im happy and then a tiny thing happens and i feel so hurt and awful that i cant handle anything i cry and cry then next morning im happy im so confused,behavioralchange,probably there are deeper more delicate topics beneath the surfaceif people dont address their pain despair shame fears and instead store them up eventually the pile up leads to the situation you describegive yourself the time to reflect on who you are your priorities values people who may have injured your feelings in the pastthe greater your selfunderstanding becomes the less likely some small insignificant matter has the chance to topple the house of cards,1,1,463,0.491491964470695,0.508508035529305,T
360,815,my wife is always accusing me of cheating and telling me that im doing things she finds disrespectful even when i dont mean it like that for example she gets offended when i call someone at work sweetheart i wish i had a penny for every time she accused me of cheating on her she doesnt and never will say she was wrong how do i get her to understand,workplacerelationships,"people often project their insecurities onto others  has she been cheated on prior to your
marriage or has there been infidelity in the marriage would she seek therapy for her insecurities andor couples
therapy
also something to consider is not to allow someone elses
insecurities to become your insecurities do not allow their words to penetrate your psyche  your worth is not based on others estimations
of you you may enjoy this video selfesteem  worthiness affirmations  remember your worth and value",1,1,504,0.4917548644871919,0.508245135512808,T
361,1190,"im planning to have baby so i have to quit smoking  but its hard sometimes its not a physical need its mental
   i cannot help myself from thinking about smoking what can i do to get rid of this addiction",substanceabuse,when trying to quit an addiction it is imperative to decide what purpose the addiction serves you said it is not a physical need but rather a mental need what other ways could this need be alleviated  a video i  often recommend to those who want to quit a habit is  addiction ,1,1,276,0.4920354873719208,0.5079645126280792,T
362,1418,im having relationship problems and i want to fix them to make things right before i lose her how can i learn how to listen and get myself together,relationships,hard to say a whole lot without knowing more however if you focus your attention on her what shes saying what shes feeling instead of trying to make yourself heard and understood first thats often a good step also work on building winwin agreements with her and follow through on them those are the areas i see men fall short on most often hope that helps,1,1,355,0.4920943520289321,0.5079056479710679,T
363,801,my exgirlfriend says shes bored and wants to experience life single i treated her really badly and caused meaningless fights when she didnt do anything i feel remorseful and im willing to do whatever it takes to get her back shes unhappy when i called her she was crying and said she will text me when shes ready,relationshipdissolution,were you happy with the ways she satisfied youa relationship is happiest if each partner concentrates on the happiness of the otherstrange for someone who was treated badly to describe themselves as bored rather than say they feel hurtis it possible you are being selfcritical about your behaviors toward your ex girlfriend either she is unaware of her feelings or not being fully truthful with you about her feeling badly treatedsince shes putting up a barrier to communicating with you better for you to respect this than contact her by phone againconsider in a few weeks so each of you has time to think over your happiness with the other person to write her an email which states your interest to reopen the relationshipwho knows you may even decide by the end of a few weeks that youre fine without this particular relationshipdepending on her response to your email youll know whether and how much chance there is for the relationship to clear up the problems of the past and to continue,1,1,993,0.4922153503814673,0.5077846496185326,T
364,219,im currently struggling with diagnosed depression anxiety and misophonia also i am  sure i have borderline personality disorder and avoidant personality disorder i read the dsmiv taken college psychology etc i know it in my heart i have them is selfdiagnosing okay with the right research,depression,one of the ways a diagnosis is helpful has more to do with health providers having a common language with which to discuss their patients arriving at a diagnosis requires gathering quite a bit of data on an individual which includes observation i would not recommend selfdiagnosing as it could be challenging for an individual to be objective no matter how much research they have done further i do not believe in pathologizing individuals nor would i recommend anyone pathologize themselves,1,1,491,0.4922385419756541,0.5077614580243459,T
365,1438,my boyfriend called me a particular profanity and i broke up with him this is the third time hes called me this and im just completely done with giving him chances he knows how much it bothers me i just want to know if im over reacting,relationships,it sounds like you are reacting to an issue in communication patterns rather than a particular word  the ability to listen considerately to your partner and to have your partner listen to you is one of the keystones of a successful relationship  if your partner is not listening to acknowledging and remembering your wishes that is likely an indicator of some fissures in the foundation of the relationship,1,1,406,0.4925348759663734,0.5074651240336265,T
366,1523,im a guy if i dont like girls nor do i like guys does that mean im gay,lgbtq,no it does not necessarily  your sexual preference is based on who you are attracted to not what does not turn you on  if you find you have no sex drive at all this is called asexual  but you did not mention what you do find arrousing either  hope this helps,1,1,258,0.4928282500314229,0.5071717499685771,T
367,1171,i just lost my grandpa and im having a rough time with it    i need some help to deal with the loss but i dont think i can pay for counseling where can i get help,griefandloss,hi there are support groups to join i facilitate grief groups at trauma resolution center individuals are free to join if you live in fl feel free to call  to ask when the next grief group will begin they are virtual,1,1,216,0.4928862361296567,0.5071137638703432,T
368,917,my girlfriend was abused as a child now if i hug or touch her in any kind of way she says she feels as if she is being abused as a child what might be going on,trauma,sounds like she might be triggered and having a trauma response this is normal for folks whove experienced trauma the part of our brains that detects danger acts like a smoke alarm in our house its constantly scanning for threats and makes a bunch of noise if it detects one smoke alarms cant distinguish between smokey bacon cooking or an actual house fire  they just detect a threat and alert everyone of it our brain is similar her brain has probably learned that physical touch is dangerous for her so whatever response she has next is her brains way of trying to protect her particularly with sexual trauma this can be a really frustrating experience for romantic partners trying to connect physically or sexually,1,1,718,0.4931337711020169,0.506866228897983,T
369,595,he just walks in the house whenever he wants to see his kids my fiancé tells me it makes her angry and doesnt like it but she seems afraid to say anything to him about it for some reason is it okay for him to do this,parenting,the obvious answer is no its not okay  there are other you should be asking though  you said your fiance seems afraid of her ex  did you ask her about that  is there a reason he still has a key to the  home  has there been any discussion of appropriate boundaries  i work with a lot of people parenting from different households and the stickiest spots are the ones that have not been discussed  there is obviously conflict there or they wouldnt have split but your fiance and her ex do need to stay aligned for the kids and that cant happen if she feels fearful or resentful  if she doesnt have a problem with his barging in clearly you do and who wouldnt  hes not your ex so you and she need to have some agreements around his access to the home  if she is afraid to bring up the discussion then i strongly recommend that she and the ex get some help with a good therapist  the kids health your health and hers and the health of your relationships in the family depend on it,1,1,976,0.4931402879811044,0.5068597120188956,T
370,1965,"i am having a problem with extended family members who are inappropriately urinating in my home they are peeing in cat litter boxes bottles and directly on floors and in corners of my house
is there any literature that supports why such adults would behave this way this is not a joke i am trying to understand",family conflict,hi this sounds like a very challenging and upsetting problem  good for you for reaching out my first thought is these two adults may have a sleep disorder that could be contributing to the urination in inappropriate places since they are adults and you cant force them to seek treatment  you might be able to suggest that there could be an underlying medical issue and advise they speak with a medical provider  as far as what to do for yourself  set some firm boundaries be clear about the expectations of your home also include the positive and negative consequences should they decide to address or avoid this issue i hope this helps you your family members and the pets,1,1,673,0.4933282537702359,0.5066717462297641,T
371,1304,"i am having a problem with extended family members who are inappropriately urinating in my home they are peeing in cat litter boxes bottles and directly on floors and in corners of my house
 is there any literature that supports why such adults would behave this way this is not a joke i am trying to understand",familyconflict,hi this sounds like a very challenging and upsetting problem  good for you for reaching out my first thought is these two adults may have a sleep disorder that could be contributing to the urination in inappropriate places since they are adults and you cant force them to seek treatment  you might be able to suggest that there could be an underlying medical issue and advise they speak with a medical provider  as far as what to do for yourself  set some firm boundaries be clear about the expectations of your home also include the positive and negative consequences should they decide to address or avoid this issue i hope this helps you your family members and the pets,1,1,673,0.4933282537702359,0.5066717462297641,T
372,1546,i realized my boyfriend of seven years is a psychopath and i want to understand how he thinks,behavioralchange,good questioni have only a guess to itpsychopaths feel no empathy and all the emotions which are based on caring about someone elsethis means they feel no guilt no joy no drive to connect w othersitd be unusual if your bf is really a psychopath bc if he was then hed be using and abusing you trying to control you for his benefitunless you actually do suffer in these ways then to consider him a psychopath may be exaggerated,1,1,425,0.4933521941472377,0.5066478058527623,T
373,84,my girlfriend just quit drinking and she became really depressed she told me that she wants to move what can i do to help her i want her to stay,depression,after stopping the abuse of alcohol depressive symptoms are common she may benefit from exploring why she wants to move and see if she would still want to move if she did not feel depressed  step meetings can also be helpful,1,1,224,0.4938502789861423,0.5061497210138577,T
374,2597,my girlfriend just quit drinking and she became really depressed she told me that she wants to move what can i do to help her  i want her to stay,relationshipssubstance abusedepression,after stopping the abuse of alcohol depressive symptoms are common she may benefit from exploring why she wants to move and see if she would still want to move if she did not feel depressed  step meetings can also be helpful,1,1,224,0.4938502789861423,0.5061497210138577,T
375,1325,what makes a healthy marriage last,marriage,this answer varies based on you relationship however i do believe their are some basic fundamental areas that are beneficial for a healthy marriage effective communication trust lovepassion loyalty  unconditional positive regard everyone has their favorite qualities they feel best fit a marriage however these are what i think are great starting points,1,1,353,0.4942411267616643,0.5057588732383357,T
376,399,"when im in large crowds i get angry and i just cant deal with people i dont really like other people i prefer animals they make me nervous and scared
   i lay awake at night thinking and having conversations in my head and i almost always end up making myself feel terrible and crying i have more conversions in my head than i do with actual people    i dont know whats wrong with me and why i feel this way what should i do",anxiety,"what about large crowds leads you to feel angry i can
understand your not liking or enjoying being around other people  animals are often more compassionate  it sounds like you experience a lot of social
anxiety  would you feel comfortable
starting out with smaller groups of people maybe people who share your
interest especially around animals 
maybe practice topics of conversation you feel confident to discuss
which could take the pressure off being in a social setting",1,1,474,0.4944624578348322,0.5055375421651678,T
377,432,"i just took a job that requires me to travel far away from home my family and i really need this job
   people keep telling me i have anxiety and im terrified of having an anxiety attack on the road this is all new to me what can i do",anxiety,ask them what they mean by that  youre not alone  in  globally suffers from anxiety the who reports that anxiety disorders are the most common mental disorders worldwide  anxiety and depression association of america immediate relief get a hug from a loved one enjoy aromatherapy create artworki am sending you one now ,1,1,319,0.4945586707788556,0.5054413292211444,T
378,1021,im  and my girlfriend is  am i a pedophile because im attracted to her and shes under ,intimacy,no you are not a pedophile you are both under the appropriate age where it would be seen so your both only a year a part so this shouldnt a worry to you like frank said below pedophelia is a problem that wont apply to this situation,1,1,232,0.4952133642955761,0.5047866357044238,T
379,90,i feel angry anxious and depressed the ptsd i suffer is from a past relationship,depression,if the symptoms are to the extent that they are affecting your ability to function you may want to consider seeking treatment ptsd anxiety and depression all typically respond well to treatment if provided by a trained clinician common types of treatment for ptsd that you may want to look into include cognitive processing therapy or emdr the nice things about cognitive processing therapy is that it is time limited and only lasts  sessions typically,1,1,452,0.4958141121702262,0.5041858878297738,T
380,580,when my daughter is stressed about a silly thing from school she starts crying and freaking out she is a bright student always has a  but i am afraid she is stressing too much im afraid its going to break her i dont know if i should get her to a doctor or someone because this is not normal,parenting,it sounds as though your daughter is struggling to manage her anxiety and she is having really big reactions to what you view as small problems or issues what have you tried with her in the past as exhausting as it might be a good first step is to empathize and validate her feelings,1,1,283,0.4958338328352688,0.5041661671647312,T
381,516,i started dating my fiancé two years ago my first cousin is married to my fiancés sister there has always been a communication issue between my uncle and aunt and my cousin and his wife my uncle goes to my mom instead of talking to my cousin and it upsets my mom,anxiety,based on the information provided this is an issue with boundaries   sounds like your uncle goes to your mom and possibly your mother takes the issues to you  i do not like to assume so i will direct you to information regarding families dealing with enmeshment and triangulation  enmeshment is the concept of diffused boundaries in families and other personal relationships  triangulation is two individuals relaying information to a third party what cannot be said directly to each other  from someone who has dealt with both these issues on a personal level being informed about family dynamics is beneficial and can help you develop healthy boundaries for yourself within your family structure  you may need assistance with developing healthy boundaries  although it is possible it is not easy to change the way you have been operating for any extended amount of time  hope this help,1,1,887,0.4958689596006944,0.5041310403993056,T
382,1066,nothing weve tried has worked so far,intimacy,probably what you should do is decide whether you can continue having a romantic and sexual relationship with someone to whom you dont feel like having sexfive years is long enough to know that the way you feel toward your partner is more than likely going to remain this waytalk with your gf about your feelings because she may not wish to be in a relationship in which her partner is not sexually attracted to her,1,1,415,0.4959155584531745,0.5040844415468255,T
383,980,my son claims that hes been having extremely violent thoughts and dreams not violent like hes hurting someone but violent thoughts like horrible things happening to his loved ones he explained one of his dreams the other day and it was so violent it was sickening it was far beyond anything in a horror movie he says he cant help these thoughts they just pop up please help,angermanagement,if your son is reporting extremely violent thoughts and dreams please have an psychological evaluation done by a psychiatrist now before it gets even worse for him to bare  dont take his reports lightly  for him  to tell you he knows that something is not right  he is seeking and needing help  get it immediately  best to be safe than sorry,1,1,341,0.49614393672173,0.5038560632782699,T
384,1229,i dont love my sister i would never wish her harm but if i could i would wish for us not to be related is this cruel why must blood mean we have to be friends am i being unreasonable and is there a way to fix this i do care about her like i do every human being but id rather be with my friends than be with her at all its not just a teenager phase i still love my mom and dad and im very close to them however its my sister i dont love or have ever really liked at all,familyconflict,no one can force emotions   its fine to not love your sisteryou may make some discoveries about yourself and your relationship with your sister by studying the reasons for why youre not closeusually this has something to do with how the parents positioned the kids  some parents obviously favor one child over another and this would heavily influence how the kids view each other once they are grown peoplethe patterns of interaction set down during our growing up years stay with us until we change them consciouslyits possible your sense of not loving your sister started in your early yearsyou now have a chance to know your sister through your grown up eyes or noteither way you still may decide you dont love her,1,1,717,0.4961856404637611,0.5038143595362389,T
385,507,i am so terrified of having sex anymore because i have been told over and over that sex is dangerous even though me and my partner used both forms of protection my partner is not happy about this and simply wants more sex and honestly i want to give that to her,anxiety,i would suggest possibly talking with a physician about all the different types of protection they may be able to help you to know about all of the options that are availableit sounds like your partner is open to understanding your concerns perhaps until you have the chance to speak with someone about the effectiveness of different contraception and forms of protection are either of you open to other forms of engaging in sexual intimacy without penetration but with use of vibrators toys designed for sexual interactions etc,1,1,528,0.4964784788624281,0.5035215211375719,T
386,1829,does counseling really do anything that can help people,counselingfundamentals,counseling allows us to have a sacred space a space that is set apart from the outside world it is a space of nonjudgement and exploration being that the universe is not made for us and that the the world tends to be a fairly untamed place at times this sacred space allows us to explore ourselves it allows for greater reflection upon our attitudes our behaviors and our feelings imagine if you will a small goldfish swimming around the usual fish tank although i dont attest to know what a goldfish thinks i would imagine he does not see the world outside of him he only sees the small fishbowl oblivious to the outside world when one comes into the counseling room one is trying to gain insight that was not previously there remember the observer affect one cannot truly act objectively with the world we are in a dynamic relationship with life it reacts to us and we to it the time in the counseling room allows us to gain an understanding that is beyond the normal limits allowing us to see what was before hidden often times in plain sight,1,1,1045,0.4965018894153749,0.5034981105846251,T
387,1156,i didnt trust my wife when i found out that she had a new guy friend that she was texting and calling i investigated him before i found out that he was gay and that there was nothing going on now all my wife and i do is fight about trust,intimacy,instead of fighting about trust is it possible for you and your wife to talk with other about areas which upset each of youwhenever feelings are hurt knowing what exactly is problematic and being heard and understood by the partner goes a long way to building trustthese type of discussions are hard to have and especially for the first time  a lot of emotions arise and often people lose their conversation focus from thisif you and your wife have a tough time opening up to each other consider scheduling time with a couples therapistjust by each of you committing time to invest in the relationship will show faith in the relationship and this may contribute to restoring trust,1,1,680,0.496566974237721,0.503433025762279,T
388,1293,i saw my mother cheating on my dad before i said something to her and she said it was in the past yesterday i saw her texting dirty things to the same guy should i talk to her again i dont want my parents to go their separate ways i just want her to stop its not fair,familyconflict,you as the child in the middle of your parents problems is the worse position to be in  i can only imagine your hurt pain and confusion on what to do  honestly this is a hard question to answer without knowing your age your parents ability to handle hearing information from you and your maturity to handle what may happen in the end  one thing i would like to noteyour parents may be in the same house but if your mother is cheating they have already gone their separate ways,1,1,476,0.4965720378219347,0.5034279621780653,T
389,1065,so many people lie and its hard to tell who speaks the truth who do i trust i dont even trust my family or friends,intimacy,start by trusting yourselfthis is harder to do than it may soundif a person trusts themselves their actions decisions way of handling matters then evaluating whether or not to trust another human being becomes much easieralso dont be in a rush to trust someone   trust takes time to develop   first observe someone listen to the person whether they follow through   repeat this process multiple times which requires time to accomplishat a certain point in this process you will start to feel whether or not the person is trustworthy or not,1,1,539,0.4965736438122936,0.5034263561877064,T
390,738,i was raped by multiple men and now i cant stand the sight of myself i wear lingerie to get my self excited enough to have sex with my wife,selfesteem,im sorry for your being taken advantage of and for all the negative feelings created by being exploitedif you have not already explained to your wife about what caused your great distress then please consider doing this  a conversation that happens in a safe relationship will give her a chance of being supportive to you  and the discussion may relieve some of the bad feelings toward yourself which you currently feelin its most positive light you and your wife can build a new sex life based on the loving foundation you develop from talking with one another in this deeper wayit will certainly distinguish your love based sex life with your wife from sex as a violation of your body by other peoplethere are also behavior therapists who would set a program of building tolerance for sex as part of your usual lifethese programs usually work for a short while only unless the person also clears out the deeper levels of fear and hurt from being victimizedgood luck in progressing to feeling that your sex drive is back,1,1,1021,0.4969576829681112,0.5030423170318887,T
391,608,my dad is always and i mean always cussing and screaming at me for no reason at all he makes me feel stupid he also compares me to my other siblings in a negative way and demeans me is this abuse,parenting,yes this emotional abuse  there is no abuse without emotional abuse  his abuse is demeaning and can have lasting negative impact on your perspective of your self and people around you  please find someone support to talk to,1,1,223,0.4972043953591663,0.5027956046408337,T
392,2246,i am currently suffering from erectile dysfunction and have tried viagra cialis etc  nothing seemed to work  my girlfriend of  years is very sexually frustrated  i told her that it is okay for her to have sex with other men  is that really okay,human sexualityrelationships,hello and thank you for your question i completely agree with dr zehner many couples are in opentype or polyamorous relationships where one or both partners engage in sexual relationships with others the key thing about this is that it really does have to be something that both people are okay with now as dr zehner indicated what may be okay today may not feel okay tomorrow so good communication is essential the truth is even in polyamorous relationships where partners are in agreement jealousy does sometimes happen here is a good article about polyamorous relationships and the issue of jealousy httpeverydayfeminismcompolyamorousdealingjealousythis site has many other articles about polyamory if you type in polyamory in their search box you will find some good information i wish you wellrobin j landwehr dbh lpc ncc,1,1,826,0.4979978249287784,0.5020021750712216,T
393,1448,i am currently suffering from erectile dysfunction and have tried viagra cialis etc nothing seemed to work my girlfriend of  years is very sexually frustrated i told her that it is okay for her to have sex with other men is that really okay,relationships,hello and thank you for your question i completely agree with dr zehner many couples are in opentype or polyamorous relationships where one or both partners engage in sexual relationships with others the key thing about this is that it really does have to be something that both people are okay with now as dr zehner indicated what may be okay today may not feel okay tomorrow so good communication is essential the truth is even in polyamorous relationships where partners are in agreement jealousy does sometimes happen here is a good article about polyamorous relationships and the issue of jealousy httpeverydayfeminismcompolyamorousdealingjealousythis site has many other articles about polyamory if you type in polyamory in their search box you will find some good information i wish you wellrobin j landwehr dbh lpc ncc,1,1,826,0.4979978249287784,0.5020021750712216,T
394,1635,i was mentored by this guy for a few years spiritually it was okay at times but other times it was just weird i try not to think about it too much but a lot of manipulation and lying happened yet no one else really believed me when i told them its like hes two different people and no one else really sees that side of him i was blamed for a lot of our troubles and now we dont really talk much im worried because hes in a trusted position of leadership and no one suspects anything they just think im attacking his character how do i know for sure,socialrelationships,it doesnt really matter what the actual diagnosis is and whether or not he is an actual psychopath he has manipulated and lied to you and that is enough reason for you to stay far away from him men and women with these characteristics can become violent they can also make your life difficult by creating financial or legal trouble for you again forget about him and contact the police if you think he is in a position to harm others,1,1,433,0.4983569710258876,0.5016430289741124,T
395,1649,i need to get on base to see my doctor my id card was in my wallet which was stolen im unable to reach my husband at this time he is only one who can take me on base in order to get a new id so i can continue to see doctor is there anything i can do,militaryissues,you should be able to get a replacement id card either from the personnel office on your local base the actual name of this office will vary depending on which branch of the military it is you may also be required to go to the military police or security office on base to report the loss of your old id card,1,1,308,0.4984394538781349,0.5015605461218651,T
396,1321,what makes a healthy marriage last,marriage,a resource i think is helpful to learn more about what makes a good marriage and steps toward doing so is dr john gottmans book seven principles for making marriage work dr gottman is a leader in this field and has done extensive studies with couples to determine what behaviors are key in making a marriage work and what behaviors could predict divorce i think this book might be a good start if youre wanting to learn more about how to have a long lasting relationship,1,1,470,0.4987318399267368,0.5012681600732631,T
397,1344,ive been bulimic for about  years now im in my early s i am about to start back to school to become an rn and i really need to get better once and for all    i lose control of myself and become angry and anxious and just eat and purge over and over can someone please point me in the right direction for help,eatingdisorders,eating disorders usually result from a sense of insecurity about who the person is whether they are good enough compared with anyone else and whether the way they person lives is effectiveif you have a style youre already happy with to reflect on these sorts of topics keep following your own logic with the aim to free yourself which usually takes place gradually from these sort of selfdoubtsthe other approach would be to find an unperson or an online discussion group where youd be able to offer and receive the support from other people who live with a similar problemgood luck in your studies,1,1,598,0.4991751652063135,0.5008248347936864,T
398,663,my grandsons stepmother sends him to school with a pink barbie backpack as a form of punishment,parenting,parents are to teach discipline to children not punishment   punishment is another word for wanting to cause hurt  there is a different in discipline and punishment  punishment could have long term affects on a childs self image and growth  it can lead to others issues such as bullying from peers as well  whatever your grandson has done there is a much better way of getting him to understand that his actions are not acceptable  punishment is not one them  encourage the stepmother to build a positive relationship with him this way he will learn to respect and trust her  his actions would improve  she may need to attend a parenting class for blended families,1,1,664,0.4992044002506894,0.5007955997493105,T
399,1435,weve been together almost three years we argue and he ends it by telling me he doesnt love me its hurtful because i am all about resolving the problem and he dwells on the issue even if i drop what hes done and just swallow my pride and say i am sorry how can this be resolved we have kids and i dont want a broken family because we cant communicate,relationships,communication involves a listener and a speaker  both have to be willing to do their part to make communication work  this is something that takes both and not just one  without both communication is impossible   staying together and the kids observing unhealthy communication is already broken  seek help to improve communication    couples counseling would be helpful,1,1,369,0.4992747973478481,0.5007252026521519,T
400,1639,i would like to be able to have more positive relationships in the present,socialrelationships,take one day at a time  each day do things that make you happy moves to a positive place focusing on the future give you a sense of fulfillment and accomplishment  journal at the end of the day of how well you did that day in focusing on these things  each day should be a step better than the previous day  you will have days that you didnt do as wellthat is human and ok  just get back on track the next dayat the end of the week review how well you did and give your self a grade  if did well you deserve ice cream etc  if not so good oktell yourself next week got to focus one day at a time  you can do itit takes practice but will get better each day  i wish you happy days and happy future,1,1,695,0.499389609681128,0.500610390318872,T
401,1216,my mother has alzheimers and she has become so nasty and mean to everyone and she always asks for unrealistic silly or meaningless items i get so frustrated and angry but then i feel guilty because i know it probably isnt her fault how can i cope with feeling like this,familyconflict,getting to the root of what about her request upsets and frustrates you the most  does her asking ignite the realization of how much this condition has taken from her and subsequently you when she asks for items does it remind you of what this condition has truly done to her  anger is a secondary emotion once we address what the true emotion is we can work thru anger and frustration selfforgiveness is also important her condition impacts you and your feelings are valid,1,1,473,0.499420333500046,0.500579666499954,T
402,588,my exwife married and used me to have a child she now uses that child as a pawn i know my child misses me but i need to move on and not live in the past how do i do this do i see my child as much as possible or very little is it more confusing for the child,parenting,if you have a good relationship with your child then you have already accepted and been accepted as this childs parent and you have a commitment and an obligation to play that role  if you suddenly absent yourself from this childs life then you may be doing real damage working out an arrangement with the childs mother for regular visits the child can count on and committed to by both parents will serve the best interest of the child which i assume is what both parents are truly concerned with  the visits dont have to be every day once a week even once a month is better than hit and miss with long absences in between  best of luck to you and the fact that you asked the question says volumes about your parenting potential  feel free to follow up with me on line or in person,1,1,782,0.499991818691597,0.500008181308403,T
403,226,i have been falling into a deep depression where i can no function during the day and night the only time i am at peace is when im asleep if i am with friends family at work and mainly alone i cannot think straight i no longer feel like myself,depression,i dont know how long ago your breakup was but i would suggest that you reach out to friends or family that you trust and perhaps a local mental health clinicianim not sure what you mean when you say that you are not able to function during the day and night if you are having trouble sleeping for more than a few nights consider talking with your primary care physician not sleeping can really make changes in your emotions seem much largercan you find anything in your life that is the same as it was before the breakup this may be a starting point for you i wonder if you could think of and moment or two each day when you feel emotionally at peace while you are awake also consider looking at things that you can control such as when you choose to wear eat and who you talk to about your deepest feelingsyou mentioned that you have friends and family i wonder if any of them are supportive to youplease reach out and talk to someone about the details i get the sense that you feel that you are alone in this and having someone there to help you sort out what youre feeling sounds like it would be a gift to yourself,1,1,1118,0.8331904569693962,0.1668095430306038,F
404,281,i used to be the funny guy of the groupthe class clown if you will i used to laugh uncontrollably all the time and be able to be social without it feeling awkward now i cant laugh at all and im dead inside,depression,if you look back to when you feel as though you were the funny guy i wonder what is different now it may be that responsibilities have changed or any number of other thingsi dont know whether youre also saying that you feel sad or if youre saying that you feel as though you dont have any big changes in your feelingsa lot of us tend to be really busy and sometimes we over schedule ourselves to the point that we dont have time to have positive time for ourselves sometimes even if we are spending time with friends were thinking about work and all of the other things we need to doi wonder if it feels awkward when youre with friends that you trust in an environment that you are used to maybe if that is more comfortable for you it can be a stepping stone to focusing on how you feel better in those momentsit sounds as if you may have had an experience or more than one where you felt misunderstood or criticized and now reacting to people feels awkward if so try going back to people you trust who do you have support from,1,1,1027,0.8068132386826048,0.1931867613173951,F
405,276,i feel depressed even though i act like a happy with my family i act like im happy so my son doesnt see me sad i act like my life is a happy life but i feel sad and depressed i sometimes think of killing myself and that my family deserve someone better than me i just cry and write in my book all these feelings,depression,it sounds like you have several different things happening at the same time i would encourage you to call and speak to a local therapist if you are having thoughts of killing yourself in this moment please call  and talk to someonewhile i follow that you would like your son to be unaware of what you are going through that doesnt mean that you cant discuss your feelings with someone else who is it that you trust or could speak with about this a therapist could be one person but perhaps there is someone else in your life as wellone thing that may help is to find a bead or rock that is smooth and you can hold onto it while thinking of a specific memory where you were happy this could be from as long ago as necessary as long as it is specific and you can place yourself back in that time when you are thinking about it if you think about this time while holding onto the bead the bead may remind you of a time when you felt happy you could do the same thing for a time when you felt comfortable and safehave you recognized any patterns for what is leading you to be sadcan you think of anything that makes you feel good even if it only works for a few minutes,1,1,1165,0.8024331284964481,0.1975668715035519,F
406,200,im starting to think that i might have depression the thing is though im not exactly sad i can joke with my friends and stuff but ive stopped caring about my work and ive been starting to think that life is pointless i really have no clue if i need help or if im just tired or something,depression,it is possible that you have depression but you could also be experiencing some other changes that mean that you have feelings of being sad without actually being depressed your statement makes it sound like youve stopped caring about your work but youre still going to work and doing your work it almost sounds like you are dissatisfied with your work do you like what you do when you said that life is pointless what makes it that way what is keeping you going is there something you can do each day that you can find meaning inyou mentioned that you are not sure if you need help or are just tired it sounds like you could certainly benefit from talking with someone about more specificsim curious about how long you have felt this way and if you are aware of anything that is contributing to it,1,1,798,0.799953518126699,0.200046481873301,F
407,98,i dont know how else to explain it all i can say is that i feel empty i feel nothing how do i stop feeling this way,depression,im going to start by saying that you are definitely feeling something otherwise you wouldnt want to escape or change these feelings of emptiness and nothingness  thats definitely a good thingit means you care about how you function and want a more meaningful lifewhat do you think once filled that emptiness that feels gone now  was it people  do you feel youve lost interest in things you once enjoyed  or do you feel overall numb that seems to have come out of nowhere  sometimes our bodies abandon emotion in order to save energy when we feel overly stressed or depressedits a selfpreservation mechanism  it could be interesting to explore what used to give you a feeling of fullness andor let you feel a range of emotions  that could mean engaging in things that once gave you joy or even watching a movie that once made you cryjust a few ways to reconnect with your emotional sidebottom line is you are concerned enough to ask this question so theres surely emotions happening under the radar  working through this can be a process so make sure you allow yourself to go at a realistic pace,1,1,1094,0.7990520285438916,0.2009479714561083,F
408,1340,i have been with my husband for almost  years we got engaged a little after  years of being together i had always been clear that i wanted to get married and i sadly would drop hints about how i wanted him to propose  when he did propose it was during a random vacation that i had planned i was happy but i couldnt help feeling disappointed too i had told him numerous times before that i wanted him to do it in front of my friends and family i know it sounds dumb to be upset but i couldnt help how i was feeling we are now married but the wedding and ring were also far from what i wanted and it wasnt due to lack of funds i know this is all material and the marriage is the most important thing but i cant help but get jealous and envious every time i see someone get a proposal or wedding that i had wanted i cant help my anger because i know we only get one proposal and one wedding what i wanted will never happen i have been working on my feelings for the past year and half to get over it i try to focus on our marriage but every time i see someone have the best proposals and weddings i get upset i know it is selfish and i know its petty but i just cant control it its ruining our relationship because i constantly think about it plus i get mad at him for small things because i am trying to hide the fact that i am so disappointed  why cant i move on,marriage,its hard to let go of the dreams you had regarding your wedding and engagement this was something that you and most women think about for years so its understandable to be disappointed but please be aware that it is rare that any wedding is perfect you may envy your friends weddings but more than likely they had a few mishaps of their own andor it wasnt as perfect as they had planned it either however like you know the marriage is the most important thing how many women are envious that you are in a happy stable relationship i assure you that there are plenty try to live in the present considering that dwelling on the past can still not change how you were proposed to or how your wedding day transpired focus on what you can control now perhaps you can plan an extravagant renewal of your vows or change the look of your ringi would also be upfront with your husband and explain why youve been short lately but after that close that chapter and move on it sounds like you have a wonderful companion and you certainly dont want to lose this due to a situation that is impossible to change,1,1,1096,0.7957139932188895,0.2042860067811105,F
409,1877,"i have been with my husband for almost  years we got engaged a little after  years of being together i had always been clear that i wanted to get married and i sadly would drop hints about how i wanted him to propose 
when he did propose it was during a random vacation that i had planned i was happy but i couldnt help feeling disappointed too
i had told him numerous times before that i wanted him to do it in front of my friends and family i know it sounds dumb to be upset but i couldnt help how i was feeling
we are now married but the wedding and ring were also far from what i wanted and it wasnt due to lack of funds  i know this is all material and the marriage is the most important thing but i cant help but get jealous and envious every time i see someone get a proposal or wedding that i had wanted
i cant help my anger because i know we only get one proposal and one wedding what i wanted will never happen
i have been working on my feelings for the past year and half to get over it i try to focus on our marriage but every time i see someone have the best proposals and weddings i get upset
i know it is selfish and i know its petty but i just cant control it its ruining our relationship because i constantly think about it plus i get mad at him for small things because i am trying to hide the fact that i am so disappointed 
why cant i move on",marriage,its hard to let go of the dreams you had regarding your wedding and engagement this was something that you and most women think about for years so its understandable to be disappointed but please be aware that it is rare that any wedding is perfect you may envy your friends weddings but more than likely they had a few mishaps of their own andor it wasnt as perfect as they had planned it either however like you know the marriage is the most important thing  how many women are envious that you are in a happy stable relationship i assure you that there are plenty try to live in the present considering that dwelling on the past can still not change how you were proposed to or how your wedding day transpired focus on what you can control now perhaps you can plan an extravagant renewal of your vows or change the look of your ringi would also be upfront with your husband and explain why youve been short lately but after that close that chapter and move on it sounds like you have a wonderful companion and you certainly dont want to lose this due to a situation that is impossible to change,1,1,1097,0.7957139932188895,0.2042860067811105,F
410,286,i have absolutely nothing to do with my life but lay in bed on my phone or hangout with my one friend i dont have a job my family doesnt include me in anything and i dont have many friends i have nothing to do besides go on my phone i miss talking to people in person instead of online i dont even talk to my family in person even from the other room,depression,it sounds like you are feeling pretty stuck lonely and hopeless like you have a desire to be more connected to people and to find purpose in life but are not sure what to do i am glad to hear that you have at least one friend and i think it is great that you are reaching out for more connection if you can working with a therapist who is competent in treating depression may be a huge benefit to you and help you to regain a sense of meaning motivation and connection additionally anything you can do to give yourself a little break from the feeling of pointlessness and any ruminating thoughts you may be having may be of help i know it may sound pointless in the moment and you may feel a great deal of inertia in doing so but you may find that if you force yourself to do something small that is pleasurable like taking a walk for example theres a good chance you will be glad that you did so after the fact thank you for reaching out,1,1,938,0.7892023140114197,0.2107976859885802,F
411,2646,ive gone to a couple therapy sessions so far and still everytime i walk in i get nervous and shaky  is this normal should i still be feeling like this,anxietycounseling fundamentals ,if you have only been to a couple of sessions it makes sense that you might still feel apprehensive at first therapy is hard work you may be talking about some things that you never talked to anyone about before opening up to stranger can be scary after you feel comfortable with your counselor and trust has built up and you feel understood in session you should feel more relaxed i would encourage you to talk to your counselor about feeling a little shaky sharing what the process is like for you is important in your work if you still feel unsure about sharing after several sessions it is important to take a look at that and try to understand where that may be coming from for example are you and the therapist not a good fit but again if you are just starting out in working together feeling a little bit nervous makes perfect sense and i encourage you to give it a bit more time and to talk to your therapist about how you are feeling,1,1,942,0.7879315731746738,0.2120684268253262,F
412,335,ive gone to a couple therapy sessions so far and still everytime i walk in i get nervous and shaky is this normal should i still be feeling like this,anxiety,if you have only been to a couple of sessions it makes sense that you might still feel apprehensive at first therapy is hard work you may be talking about some things that you never talked to anyone about before opening up to stranger can be scary after you feel comfortable with your counselor and trust has built up and you feel understood in session you should feel more relaxed i would encourage you to talk to your counselor about feeling a little shaky sharing what the process is like for you is important in your work if you still feel unsure about sharing after several sessions it is important to take a look at that and try to understand where that may be coming from for example are you and the therapist not a good fit but again if you are just starting out in working together feeling a little bit nervous makes perfect sense and i encourage you to give it a bit more time and to talk to your therapist about how you are feeling,1,1,942,0.7879315731746738,0.2120684268253262,F
413,458,ive been like this ever since i was in school back then i transferred to another school now im thinking about changing my job,anxiety,sometimes changes make sense it may be helpful to talk to someone who you trust to get a sense of whether the changes that you are making are those that are considered adaptable or important changes that allow us all to grow another possibility is that you are changing things in an effort to get away from something that is uncomfortable or difficult there are many other possibilities along this continuumi would ask you to consider the followingwhat is leading you to want to change your jobwhat feelings are associated with this change happy sad scared anxiousnervous confused motivated etchow is the job that you are looking to transfer to going to be better or different are the concerns that you have now going to travel with youif you are hesitating to get another perspective from trusted friends or family or some sort of career advisor in your area where is the hesitation coming from,1,1,895,0.7832532016256113,0.2167467983743887,F
414,147,"im going through some things with my feelings and myself i barely sleep and i do nothing but think about how im worthless and how i shouldnt be here
   ive never tried or contemplated suicide ive always wanted to fix my issues but i never get around to it
   how can i change my feeling of being worthless to everyone",depression,im glad you are interested in changing your feelings of worthlessness visiting your doctor is a great first step to address your lack of sleep first you want to make sure that you are physically healthy and that there isnt a physical condition causing your problem with sleep changing your feelings is something that is difficult to do especially on your own make sure that you have someone you can trust and you can talk to about how you feel this can be a friend or a family member if you find that there isnt anyone you would feel comfortable talking to about this issue find a therapist close to you who can help one activity that people have found helpful in feeling better about themselves is keeping a gratitude journal you can do this by journaling daily about the things that you are grateful for there is no right or wrong way of doing this as long as you focus your journal entries on the things you are grateful for in life,1,1,935,0.7831893148836064,0.2168106851163935,F
415,1339,my husband and i wouldve been married for five years come june  our infant daughter just had her birthday shortly before he told me he wanted a divorce he has four other children three of which are from his first wife he decided to end that marriage when his youngest was an infant the children do not have a good relationship with him now he has another child from a woman he was dating he decided he didnt want to be with her anymore when the child was an infant    it seems to me that there is a pattern he easily detaches from relationships at the same time in the childs life but wants a relationship with them when they are older ive tried to research online but im not getting any answers he also has an unhealthy dependency on alcohol and does not believe in mental health disorders such as depression and bipolar disorder he also does not believe in therapy or seeking help from professionals is there a detachment disorder or some form of mental block he could have where do you recommend researching this,marriage,this sounds really difficult and i can understand your motivation to get to bottom of why this behaviour has occurred  especially if your husband who sounds like he is an exhusband continues to have a relationship with you and your children with that being said  relationships and mental health are very complicated and you are unlikely to find the answers you are looking for in order for someone to be diagnosed with a mental illness or in order for them to identify what leads them to fall into particular patterns in relationship  they would need to be willing to seek help and honestly talk about their challenges something that you say your ex is not willing to do  while it might be a relief to understand what is going on with him  it might be more comforting for you to get support for yourself in processing your feelings and everything that has come up for you as a result of his choices,1,1,898,0.7822866838401001,0.2177133161598998,F
416,1985,"my husband and i wouldve been married for five years come june  our infant daughter just had her birthday shortly before he told me he wanted a divorce he has four other children three of which are from his first wife he decided to end that marriage when his youngest was an infant the children do not have a good relationship with him now he has another child from a woman he was dating he decided he didnt want to be with her anymore when the child was an infant 

it seems to me that there is a pattern he easily detaches from relationships at the same time in the childs life but wants a relationship with them when they are older ive tried to research online but im not getting any answers he also has an unhealthy dependency on alcohol and does not believe in mental health disorders such as depression and bipolar disorder he also does not believe in therapy or seeking help from professionals is there a detachment disorder or some form of mental block he could have where do you recommend researching this",marriageaddiction,this sounds really difficult and i can understand your motivation to get to bottom of why this behaviour has occurred  especially if your husband who sounds like he is an exhusband continues to have a relationship with you and your children with that being said  relationships and mental health are very complicated and you are unlikely to find the answers you are looking for in order for someone to be diagnosed with a mental illness or in order for them to identify what leads them to fall into particular patterns in relationship  they would need to be willing to seek help and honestly talk about their challenges something that you say your ex is not willing to do  while it might be a relief to understand what is going on with him  it might be more comforting for you to get support for yourself in processing your feelings and everything that has come up for you as a result of his choices,1,1,898,0.7822866838401001,0.2177133161598998,F
417,407,"when im in large crowds i get angry and i just cant deal with people i dont really like other people i prefer animals they make me nervous and scared
   i lay awake at night thinking and having conversations in my head and i almost always end up making myself feel terrible and crying i have more conversions in my head than i do with actual people    i dont know whats wrong with me and why i feel this way what should i do",anxiety,first let me say that i am so sorry for all of the discomfort you have experienced  it sounds like although you said you dont like people i am guessing it starts with not feeling very likable yourself  the conversations you describe having are not really conversations at all  they are more like an audiotape of selfcriticism that plays and replays in your head  then you attribute these criticisms to other people as if you can read their minds and know that this is automatically what they think of you  this is exhausting no wonder you dont want to hang around other people  its impossible to know from a quick paragraph why you are experiencing this kind of anxiety and whether the origins are biochemical genetic behavioral due to unresolved trauma or something else  but i think its worth it to explore this with a professional who  once they help you identify more specifics  can suggest a path for significantly improving the quality of your thoughts about yourself help you develop selfcompassion and work with you on changing these automatic negative thoughts that pop up and get in the way of all of your relationships  best of luck to you on the path to healing,1,1,1173,0.7812092371480193,0.2187907628519807,F
418,392,"i recently broke up with my boyfriend after being together for over  years i truly believe i did the right thing but omehow being single now has made me very needy and unsure of myself
    i am seeing someone casually and i am losing my mind with anxiety about how he feels about me and this need for validation
   how can i learn to be content and at peace with myself regardless of my career relationship status etc",anxiety,you are so self aware that has to be refreshing just knowing that about yourself it takes time to reset those new pathways to in your brain you brain has to sense that the experiences you are having are enough to be okay what are you looking for when you can answer that question it will also be helpful to calm that anxiety if you are looking for commitment from this person but you are seeing them casually do they know and are they looking for commitment as well what does being content and at peace with yourself mean have you dated yourself theres a page that i point other single people to on instagram dearfuturehim check it out this girl is all about what to do while you are waiting and single she also talks about being content and the business of the brain when youre single lastly i would talk to someone who can help you with the anxiety especially if its that strong its helpful to be able to get some help with how to be more relaxed hope this helps,1,1,964,0.7803150888648985,0.2196849111351014,F
419,1128,my girlfriend remains friends with ex boyfriendslovers on facebook who actively like and comment on posts it causes me to get jealous because im afraid they might reconnect somehow ive attempted to talk to her about it but she avoids it and doesnt seem to worry about how i feel about it,intimacy,talking about it would probably be helpful if youre both in a place where you can decide when is best to talk about something that is important it may also be helpful to ask if you could talk for two or three minutes to make a point and then have space for her to talk for the same amount of time you can adjust the timing for what works for both of you after one of you is talking perhaps you could restate what you have heard the person say this can lessen confusioni know you say that she avoids it it might be a good place to start talking about it  to see what makes her avoid it it could be that she thinks any discussion about them is going to lead to an argument or you saying that she cant talk to them i dont know how you typically react when you are jealous but if you can discuss talking about this in a way that you are both open to hearing what the other person is experiencing that may be helpful as well,1,1,919,0.778467700862148,0.2215322991378519,F
420,442,im socially awkward ive always want to be popular ive had the opportunity to be popular but every time i get it im too scared all i have to do is talk the popular people theyre really nice to me but im too scared of change i really want to work up the courage to lose my fear,anxiety,talking to people can be pretty scary  when we talk to people sometimes we overanalyze what we say or how we react in fear that we will seem weird or they wont like us which makes us appear awkward  so that overthinking piece can ironically work against uswhen you talk to them really spend time to listen to what they are saying  your default may be to think about how you will respond or whats cool to say but people like it best usually when you are genuine and yourself  if you focus on what you are paying attention to them then you will naturally have a response  if you can overthink about yourself you can definitely have some thoughts pop up when talking to other peoplealso keep in mind that if the conversations turn out to be less than youd hoped for thats ok  im assuming you are in high school but in any situation with peers if they dont like you then they arent worth all your worry and effort  give change a chanceyouve endured change in your life before this so let it happen again  you are in control hereyou get to choose who you talk to and dont talk to  that can be powerful,1,1,1096,0.7780311492715741,0.2219688507284259,F
421,173,i am the problem i make my family argue because of me my mom has even said it its constantly like this i cause problems i am worthless i cant stop crying sometimes i have to cry myself to sleep i cant even leave my room because my family cant stand me,depression,i am so sorry to hear that you are experiencing this  it can be really hard to deal with our family dynamics especially when you feel this way and are being told these things  i would encourage you to keep in touch with people who support you whether that is friends a group or club you are involved in or even extended family if that is an option  i would also encourage you to seek out support in a professional sense whether an individual therapist or even in a group therapy settingthe things you are saying to yourself is negative selftalk and it is being fueled by the things others are saying to you  it can be really difficult sometimes to see the positive in ourselves and it can definitely take some digging and searching to find it  but you have it within you somewhere and it is waiting to be let out  i hope you find therapeutic help that works for you and helps you to see how incredible you are,1,1,909,0.7780199162557632,0.2219800837442368,F
422,465,when i get talked to by my dad or stepmom or if im in trouble i will begin to cry and not say whats wrong with me when my dad or stepmom ask what is wrong i never know the answers or the words to put together what is actually wrong with me,anxiety,i really admire that you want to express yourself to your parents  its very normal to have fear about how to talk to a parent let alone two at the same time  most adults dont do what you want to docould you come up with what you want to say to them before you are feeling upset  what do you really need them to know  also do you want your dad and stepmom to meet certain emotional needs for you  maybe they would benefit from knowing that you have a hard time expressing yourself when you are upset and can help to come up with ways to help you through that   perhaps you need some space from them when you are crying or maybe you need to talk to one parent alone vs both at the same time you dont have to wait to be upset to have these conversations eitherif you feel you can approach them when things are calm whatever that means for your household it may be easier to communicateits important to know they may not respond the way you want  its up to you to decide if you feel safe or not to express yourself but it seems like you want to if you are seeking an answer for this dilemma,1,1,1086,0.7775326200082553,0.2224673799917447,F
423,280,i have friends family i live in a good home i go to a nice high school and i get pretty good grades but i dont know why im so unhappy these friends are my best friends and theyre all amazing people and yet im sad all the time and feel alone,depression,i wonder if you have moments where you feel happyyou say you have amazing friends i wonder if you get along with them and feel as though you can be yourself around themsometimes we put a lot of pressure on ourselves to do really well at everything all the time and this can be overwhelming sometimes where do you have support i hope you can tell someone that you are feeling sad so that you can talk about your feelingssleeping can make a big difference as far as feeling sad as well if youre not sleeping well at night that could be a big part of feeling sad a lotperhaps you could try to find a person or two who makes you feel totally safe and comfortable and try to talk with them,1,1,684,0.7742502486440924,0.2257497513559076,F
424,321,i start counselingtherapy in a few days im freaking out but my main fear is that ill cry and embarrass myself is it something to worry about,anxiety,lots of people do cry in session but your therapist wont be uneasy with this  crying is a natural response and it also releases toxins so some might say its necessary  remember that you can be in charge of what you talk about in your session and if theres something that feels too uncomfortable just say im not ready to talk about that  your counselor wants  you to feel at ease and will probably not push you right away to a very uncomfortable place  as you get to know your therapist you will feel more relaxed and even not worry so much about how you appear to them  its normal to be anxious going into a new situation especially when you might not feel in control of uncomfortable emotions  dont give up go and put your best effort in hope that helps allison,1,1,762,0.773850224458362,0.2261497755416379,F
425,269,he said he would try and he never did its been nine months and this is making me worse today he said i have to respect whatever decision he makes is that true am i supposed to respect the decision to leave because he cant handle what im going through and leaves me here crying and worried every night hes constantly changing his mind on if he wants to work it out,depression,im sorry for the hurt youre feeling from your husbands decisionkeep in mind that if one partner does not want to be in a relationship and remains in it then both people will be unhappy dissatisfied and feel stressedimagine being in a relationship that youd rather leaveall the negative feelings and resentment of being with someone whom youd rather be without would not leave very much energy to satisfy your partnerim glad you realize that you feel depresseddepression is a mood that can change once you understand what is causing itdepression is an area that very often therapists help their patients understand and emotionally support and encourage them during the course this takesfor now concentrate on decreasing the tension in your life  your husbands indecision may very well be adding to your stressonly he can make up his own mindas hard as this may be all you really can do is take care of how you feel so that you will feel betterfrom what you write your husband is too unsure to offer you the love and care youd like from himlearning to love oneself is always worthwhile   at this stage in your marriage now sounds like an ideal opportunity for you to teach yourself selflove,1,1,1188,0.773423826985326,0.2265761730146739,F
426,624,"im being verbally abused on a daily basis by my parents in front of my child i feel like im trapped and i have no escape i feel like i have to listen to the horrible things they say and just take all of it
   i need some way of learning how to cope with listening to it especially since i have nowhere else to go i feel very emotionally drained how can i deal with this",parenting,honestly you cant deal with it alone it sounds like you need resources to physically escape first that sounds like the immediate issue plus you need a game plan for how you respond to your parents until you leave you are real you do know that right like pinch yourself did you feel that you are a person you have feelings did you know that how much longer do you want to feel this way lets find a way for you to get out and get healthy you and your child need that please find someone who can help you to get the help you need there are a bunch of therapists here just waiting to help you like really help you the first step is to reach out through a phone call and leave a vm if they dont pick up or emailing them to schedule a session hope this is helpful,1,1,757,0.7726421331404822,0.2273578668595177,F
427,247,im a teenager my dad has been jail for the last five years its tough but my mom really tries to give a normal life to my two sisters my brother and i i feel like i took upon a parent role when im the second youngest and im not stable my mother and sisters say im overdramatic im just so hurt and i keep breaking down,depression,it sounds like you have a lot of weight on your shouldersim not sure what you mean when you say youre not stable and you are breaking down if you are crying because youre sad that is okay if you are crying a lot or having trouble eating or sleeping thats different than just crying sometimes because you are sad it may be helpful to talk with a local mental health professional in your area they can help you to figure out what you could do differently to have the role in your family that you would like while also supporting yourself and what you want,1,1,553,0.7723283647051024,0.2276716352948976,F
428,279,i stopped for a while but ive started doing it again its like an addiction the more i try to stop the more i want to do it ive tried doing some of the stuff they say to do like draw but it doesnt work,depression,ive heard people say that they cut themselves as a way to feel relief from different emotions youre also right that when you try to focus on just not cutting it becomes more difficult because its what you are focused on while that is still something to work on it may also be helpful to find something else you can do instead you said drawing doesnt work for you sometimes more physical activities such as doing a few jumping jacks can be helpful if you dont exercise it might be something to talk with your doctor about firstthe more you can learn about what makes you want to cut the easier it will be to find out what you could do to change that try talking to somebody about what you are feeling in addition to the urge to cut,1,1,730,0.7710582170799668,0.2289417829200332,F
429,1715,"how do you know you have the right therapist for you
 how would i know how to train my therapist to be able to give me what i need from treatment",counselingfundamentals,how do you feel when you meet with your therapist  are you comfortable  do you feel safe  do you feel like you are gaining something from the experience  therapy has its ups and downs it is hard and sometimes it wont feel good that is when you are growing and learning the most  if you feel comfortable safe like you can tell your therapist anything after getting to know herhim not in the first session and that you are getting help with what brought you in then you might have found the right therapist for you  i always say its just a feeling youll know,1,1,556,0.7708716682960361,0.2291283317039638,F
430,1034,my fiancé and i have been together for  years and our relationship has always been good the only issue we had was that he felt like he wasnt getting enough sexual attention from me    i recently found out he cheated on me with another women he says he wants his family back but im confused on what to do is it possible for us to get past the cheating or should i just move on,intimacy,finding out about an affair is quite an emotional experience its usually jarring i encourage you to give yourself some compassion about emotions that you haveyou asked whether it is possible to get past the cheating and the answer is that it can be it depends on many factorsi would recommend that you see a therapist who specializes in working with couples there are certain ways that both of you could learn more about yourselves and each other that may actually serve to make your relationship stronger sometimes there are motivations for having an affair that can be discussed in therapy in a way that you become more aware of what each other is experiencing and where you want to go from here it could be that learning to communicate differently would be helpfulregarding whether you should just move on i recommend talking about with a therapist as well at the very least you can discuss more about what you are thinking and feeling and what your choices are as far as where you want to go from here,1,1,1005,0.7706932317966094,0.2293067682033905,F
431,2615,"my fiancé and i have been together for  years and our relationship has always been good the only issue we had was that he felt like he wasnt getting enough sexual attention from me 

i recently found out he cheated on me with another women  he says he wants his family back but im confused on what to do  is it possible for us to get past the cheating or should i just move on",intimacyrelationshipshuman sexuality,finding out about an affair is quite an emotional experience its usually jarring i encourage you to give yourself some compassion about emotions that you haveyou asked whether it is possible to get past the cheating and the answer is that it can be it depends on many factorsi would recommend that you see a therapist who specializes in working with couples there are certain ways that both of you could learn more about yourselves and each other that may actually serve to make your relationship stronger sometimes there are motivations for having an affair that can be discussed in therapy in a way that you become more aware of what each other is experiencing and where you want to go from here it could be that learning to communicate differently would be helpfulregarding whether you should just move on i recommend talking about with a therapist as well at the very least you can discuss more about what you are thinking and feeling and what your choices are as far as where you want to go from here,1,1,1005,0.7706932317966094,0.2293067682033905,F
432,1745,"how do you know you have the right therapist for you
 how would i know how to train my therapist to be able to give me what i need from treatment",counselingfundamentals,thinking whether or not you have the right therapist can be overwhelming if you are not sure what you want or need but think of this you feel safe and comfortable that you share what youve never told anybody you feel understood and listened to you feel their support  you trust them do you believe they can help you if you do not then that might make it hard for you to want to open upas far as how would you how to train your therapist to help you if you know what you need all you have to do is share this with your therapist  if you dont know then therapy is a collaborative process so both you and your therapist will work together to figure out your needs and how to best meet them,1,1,686,0.7702805699921782,0.2297194300078218,F
433,1125,we have been together over a year we spend time together every day no matter how busy he started to be unusually fatigued and losing weight he also began to be distant and sexually selfish we had a argument and he confided he has late stage stomach cancer he wont treat it,intimacy,hello and thank you for your question i am very sorry about this lifealtering situation that both you and your boyfriend are going through to be sure this is a devastating and lonely road for both of you i say lonely because when things like this happen we often dont know what to say to each other and so we suffer in silence with little supporthere are a few thoughts that i am having and perhaps others will add things too by the sound of your main question it seems like you have every intention to be there for your boyfriend during this difficult time i am not sure if he is willing to talk about his health situation but letting him know that you want to support him and also need his support may be helpful  if it is possible see if he would be willing to go to a counselor with you there are many things that a counselor could focus on that may help your relationship but also help you both cope with what is happening if he refuses to seek support you may want to consider going on your own if you cant afford it sometimes hospice organizations offer support groups and other services it is very important not to neglect yourself be wellrobin j landwehr dbh lpc ncc,1,1,1175,0.7697075100000664,0.2302924899999335,F
434,1138,i am married but i had sex with my friend i feel guilty but i feel not guilty too do i need to feel guilty its my body and i have full rights to do what i like,intimacy,i dont think theres anything that youre supposed to feel some people feel tremendously guilty when they cheat and others not at all it could be that your partner doesnt know about the cheating and you havent had to face hisher emotions and reactions when something we do is hiddena secretits easier to avoid feeling guilty i wonder if youre avoiding your own emotions but lets put that question aside for now there are better questionswhat do you want do you want your marriage if not this may be why you dont feel guilty do you want to be able to sleep with your friend its unlikely that both are possible keeping the marriage and the affair yes you get to do whatever you want with your bodyandthere may be consequences affairs almost always get discovered who do you want to be what kind of partner do you want to be what might your partner feel if they knew how might you feel then would you care has something happened thats affected how much you care about your partneri suggest that these other questions might be a place to start exploring it with a therapist is something to consider maybe i wish you the best as you sort it out ,1,1,1138,0.7691690522095718,0.2308309477904283,F
435,1254,my mom is always bossy and treats me like a child even though im in my s she argues with me over stupid stuff,familyconflict,this sounds like a pretty difficult dynamic and i am sorry to hear how it is impacting youi would encourage you to try and observe the relationship from an outside perspective to begin with  try to see what it is that causes your mom to be upset such as you responding in a tone of voice she doesnt like and see if there is something you could change on your end  if you are able to change something like your tone of voice start there  you could also try asking what you could do to help perhaps she is frustrated that the trash wasnt taken out  you could also sit down and try to hash things out with her if you feel like that could be beneficialultimately you are only in charge of you  the things you say your behaviors are all controlled by you  so it is important to recognize that no matter what you cant control what she says or does  obviously the things we say or do can impact others which is why you are frustrated over her behavior  but remember that you are able to only control yourself  seeking therapeutic intervention could also be beneficial for you and even having her join in to help  i hope you are able to figure something out and i wish you well,1,1,1169,0.7689088754380571,0.2310911245619429,F
436,819,"i am in a high stress position for a tech company i am being overworked and underpaid for my contributions and it is not only giving me anxiety but also demoralizing
   what can i do to manage my stress",workplacerelationships,it is so hard to feel undervalued on the job to be given so much work and not to get paid for it is unfortunately a headache many experience make sure that you are surrounding yourself with loved ones and ways of relaxing when you are not on the job and taking care of yourself aka eating well getting enough sleep etc when one ensures that their physical needs are met they give themselves the best chance for also functioning best mentally and emotionally think to yourself how you best take care of yourself and make sure when you are off from work you do those things for example do you enjoy reading exercising or maybe having a milkshake if you do make sure you make time to do those things whatever it is you enjoy please utilize selfcare and do them as long as it is not an activity that will harm you or anyone else make time for taking care of yourself when you are not on the job there are also skills you can learn to manage any symptoms of anxiety and that a competent therapist can go over with you should you decide to try counseling and while you are doing all of that you could also search for other jobs best of luck ,1,1,1135,0.7686729833241215,0.2313270166758784,F
437,2514,after he got home from the hospital he was angry then for a time wonderful  now he is depressed and hopeless again,marriagedepressionselfharm,this must be so difficult for both of you  watching someone you love suffer so profoundly can bring up lots of difficult feelings  without knowing what you are already doing i have a few thoughts to share with you first and foremost know that you cannot fix this for him and get support for yourselfas much as you are able make space in your relationship for him to talk about what he is experiencing  he might not want to talk and that is okif he wants to talk try to listen without judgement and without trying to talk him out of his feelings  focus on validating his feelings and just sitting with him in his painlet him know how you feelthat you love him that you care that you are concerned that this is scary for you too that you are herei hope that this is helpful  on my website wwwsarahmcintyrelpccom ive written a series of blog posts about coping with distress  the techniques ive written about there may be supportive for you and your husband  sending warm wishes your way  sarah,1,1,991,0.764549843506798,0.235450156493202,F
438,231,after he got home from the hospital he was angry then for a time wonderful now he is depressed and hopeless again,depression,this must be so difficult for both of you  watching someone you love suffer so profoundly can bring up lots of difficult feelings  without knowing what you are already doing i have a few thoughts to share with you first and foremost know that you cannot fix this for him and get support for yourselfas much as you are able make space in your relationship for him to talk about what he is experiencing  he might not want to talk and that is okif he wants to talk try to listen without judgement and without trying to talk him out of his feelings  focus on validating his feelings and just sitting with him in his painlet him know how you feelthat you love him that you care that you are concerned that this is scary for you too that you are herei hope that this is helpful  on my website wwwsarahmcintyrelpccom ive written a series of blog posts about coping with distress  the techniques ive written about there may be supportive for you and your husband  sending warm wishes your way  sarah,1,1,991,0.764549843506798,0.235450156493202,F
439,364,i have a fear of something and i want to face that fear to overcome it but i dont know how what can i do,anxiety,this answer could be very different depending on the fear the degree of it and what it connects toi wonder the followingon a scale of  to  how upset anxious or scared to you get when you think about overcoming this if its more than a  i would definitely recommend talking with a therapist in your areaa lot of fears that we have come from something that at one time was selfprotective and important do you know where your fear started if you think it is still protecting you or helping you in some way talk with someone like a therapist about itif it is something that you know is irrational for example fear of being hurt by static cling from winter clothing is there some part of that that you are not afraid ofi really encourage you to consider whether your fear has a lot of emotions connected to it or if it ties from something in your past that was very emotional for you at the time if it does consider working with a therapist to establish emotional safety before taking away the fear or anxiety that may actually be helpful to youalso the fact that you notice that you are afraid of something and you dont want to be afraid of it anymore is a big step in the forward direction,1,1,1185,0.763621230981849,0.236378769018151,F
440,1475,after  years i fell in love for the first time the person acted for a week and left me without even saying goodbye my heart is burning and i cant take this pain,relationships,ouch losing someone you love hurts so much we all long to be loved and to love and to have that experience and then lose it is awful while it is easy to feel angry or start doubting yourself under these circumstances i would encourage you to recognize the agony of what you are experiencing as an indication of how much you value loving relationships and how much you want to make this happen in your life when we are going through this kind of loss it is really helpful to have the support of friends and family while no one is going to be able to make it better we dont have to be alone with our pain if you are not comfortable with going to those in your life it may be a good time to see  a counsellor to help you cope with your distress and learn how to move past this and find the love that you are looking for,1,1,816,0.7634151015559132,0.2365848984440868,F
441,715,on the first day of school i wore a bra that was too big so that it would look like i had bigger boobs i did that the whole school year and my parents never found out but now i can never hang out with my friends at my house or invite them over because it would be around my parents and my friends would see there is nothing there on my chest    how do i fix this,selfesteem,i get how you feel you wish your body looked different and youre embarrassed that you tried to make it look different and people may notice you dont say how old you are its likely that if you are young your body will change as you mature but in general were given the bodies were given and im glad to see that there may be a desire in you to accept your body the way it is you seem to want to stop disguising it bodies come in all shapes and sizes and every woman knows how it feels to struggle with accepting what hers looks like many men go through this as well although women are more often targeted with cultural messages about how were supposed to look young people often believe that others are noticing and judging them in fact other people are far more preoccupied with who might be judging them than whatevers going on with you i suggest you wear whatever bra you want to wear and if someone is rude enough to comment on it you can ignore them and talk about the weather or the latest pop song that you love and theyll get the hint but my bet is they wont even notice ,1,1,1077,0.7628599425112462,0.2371400574887537,F
442,2496,"on the first day of school i wore a bra that was too big so that it would look like i had bigger boobs  i did that the whole school year and my parents never found out but now i can never hang out with my friends at my house or invite them over because it would be around my parents and my friends would see there is nothing there on my chest 

how do i fix this",selfesteemsocial relationships,i get how you feel you wish your body looked different and youre embarrassed that you tried to make it look different and people may notice you dont say how old you are its likely that if you are young your body will change as you mature but in general were given the bodies were given and im glad to see that there may be a desire in you to accept your body the way it is you seem to want to stop disguising it bodies come in all shapes and sizes and every woman knows how it feels to struggle with accepting what hers looks like many men go through this as well although women are more often targeted with cultural messages about how were supposed to look young people often believe that others are noticing and judging them in fact other people are far more preoccupied with who might be judging them than whatevers going on with you i suggest you wear whatever bra you want to wear and if someone is rude enough to comment on it you can ignore them and talk about the weather or the latest pop song that you love and theyll get the hint but my bet is they wont even notice ,1,1,1077,0.7628599425112462,0.2371400574887537,F
443,3,"i have so many issues to address i have a history of sexual abuse im a breast cancer survivor and i am a lifetime insomniac    i have a long history of depression and im beginning to have anxiety i have low self esteem but ive been happily married for almost  years
   ive never had counseling about any of this do i have too many issues to address in counseling",depression,i just want to acknowledge you for the courage to take the step to get support it can be overwhelming to have so many things going on and it might be hard to figure out where to start i truly believe that one of the biggest advantages to working with a therapist is that a therapist can help you prioritize and work with those issues that need to be addressed first and foremost a therapist will help you with the flow of dealing with different aspects that come up some issues may even be related to one another for examples some clients with depression may also feel anxiety about their depression also rest assured many clients go to therapy for multiple issues we are complex beings i encourage you to reach out to a therapist and talk about this concern you may find out that even upon the first meeting you will feel hopeful that you will be able to create a plan with a therapist to address your issues i dont believe you have too many issues i think starting sooner rather than later will put you on the path to healing good luck i am rooting for you,1,1,1058,0.7625709149534994,0.2374290850465006,F
444,1309,im always listening to my husband but it feels like he never listens to me    how do i get my husband to listen to me instead of me listening to him all the time,marriage,thanks for your question  communication is essential between couples and often times gets neglected in relationships  working with your husband to help him become a better listener and consequently a better communicator is going to take some work from your part  you have to calmly be able to express to him your concern and how it affects you  very important is that you do it in a loving and nonthreatening way  therefore the time to have this discussion is not when you are frustrated or need to vent to someone about something important  focus the discussion on how both of you could benefit from having more meaningful conversations where both parties are being heard and how it is important to you that he hears you just like it is crucial for him to be heard  there is a lot of useful information online about how to be a good listener or therapist in your area that can help you  be patient and genuine and he will come around  best of luck mirella,1,1,956,0.7606516595153151,0.2393483404846848,F
445,142,"im going through some things with my feelings and myself i barely sleep and i do nothing but think about how im worthless and how i shouldnt be here
   ive never tried or contemplated suicide ive always wanted to fix my issues but i never get around to it
   how can i change my feeling of being worthless to everyone",depression,it sounds like you may be putting yourself last you wrote that you want to fix your issues but never get around to it i wonder how you are spending your mental and physical energy are you spending time taking care of and doing for others i also wonder where the thoughts and feelings of being worthless are coming from  are you around people who treat you poorly or are hurtful or do you feel it is more of a worry you have but arent really sure how others feel it may be helpful to talk to someone about your feelings  a counselor perhaps  to clarify your feelings and move forward from se that are hurting you,1,1,611,0.7606159011350865,0.2393840988649135,F
446,1298,i am a teenager and my brother is a few years older he has a girlfriend who is always with him he never hangs out with me anymore we were really close and it is making me really sad,familyconflict,it is always hard when we feel as if we are losing somebody close to us feeling sad over these losses are normal while there may be some things you can do to remedy this situation it is important that you try and understand that part of life is change the fact that your brother doesnt spend as much time with you doesnt mean that he loves you less or doesnt care about you it most likely means that he is having to split his time between different people and priorities i suggest that you communicate with him how you feel perhaps ask him if he would be able to set up times that the two of you can hang out without anyone else present addionally it wouldnt hurt for you to also find some other ways to spend your time away from him now might be the perfect opportunity to pick up a new hobby or hang out with different peers keeping yourself distracted in healthy ways and processing your feelings of sadness will likely help with lifting your mood good luck to you,1,1,967,0.7597976142749814,0.2402023857250186,F
447,1409,"about two and a half months ago i met a woman on a dating site we went out on two dates and then despite her original plans on how to pace and conduct the relationship i ended up at her house on a the friday night one week after our first date we respectfully tried not to have sex but after hours of trying to resist each other we gave in and we had sex after that i slept at her house every night for almost two weeks then one day she went to her familys house on thanksgiving and everything changed within the short time we were together we got so close and serious really fast we had finally found each other we told each other that we loved each other all the time even while we were making love a few days after thanksgiving she told me that we would have to go back to her original plans of seeing each other much less frequently i was very hurt and didnt understand then another week later she told me she couldnt do it at all anymore i was crushed
   a few days later she tells me how much shes missing me and lets get together for lunch or something like that then about two weeks later we finally get together one night and we were so hot for each other in love not just sex but she confessed that the reason for the sudden distance was that the father of her very young child told her he wants to get back together and this totally messed with her so for her childs sake she is now considering the possibility of allowing that to happen she had told me all about him previously and it is definite that she has little to no attraction to him but she would do this putting herself in misery again for her child our love for each other is fully established and acknowledged but she is torn and confused she doesnt even think it would work between them as she had to kick him out before for not fulfilling his role properly i know she needs time and all i can do is take care of myself we have agreed to remain friends and if this doesnt work out for her we will try again im completely in love with her and im in extreme pain",relationships,that sounds really heartbreaking it is tough falling in love and not being able to dive fully because of complications on the other side it sounds to me that you are doing exactly what you need to be doing by taking care of myself while the rest sorts itself out while i admire your desire and courage to stay friends  the extreme pain that you mentioned may make this too challenging and at odds with your taking care of yourself since there is no commitment on her end to give it a shot with you i would make sure that you really honour your own feelings about what feels right to you so that you dont end up feeling strung along or resentful make sure that you lean on friends and family at this time  we need all the support that we can get when we are heartbroken,1,1,768,0.759488656619997,0.2405113433800029,F
448,2065,"about two and a half months ago i met a woman on a dating site we went out on two dates and then despite her original plans on how to pace and conduct the relationship i ended up at her house on a the friday night one week after our first date we respectfully tried not to have sex but after hours of trying to resist each other we gave in and we had sex after that i slept at her house every night for almost two weeks then one day she went to her familys house on thanksgiving and everything changed within the short time we were together we got so close and serious really fast we had finally found each other we told each other that we loved each other all the time even while we were making love a few days after thanksgiving she told me that we would have to go back to her original plans of seeing each other much less frequently i was very hurt and didnt understand then another week later she told me she couldnt do it at all anymore i was crushed

a few days later she tells me how much shes missing me and lets get together for lunch or something like that then about two weeks later we finally get together one night and we were so hot for each other in love not just sex but she confessed that the reason for the sudden distance was that the father of her very young child told her he wants to get back together and this totally messed with her so for her childs sake she is now considering the possibility of allowing that to happen she had told me all about him previously and it is definite that she has little to no attraction to him but she would do this putting herself in misery again for her child our love for each other is fully established and acknowledged but she is torn and confused she doesnt even think it would work between them as she had to kick him out before for not fulfilling his role properly i know she needs time and all i can do is take care of myself we have agreed to remain friends and if this doesnt work out for her we will try again im completely in love with her and im in extreme pain",relationships,that sounds really heartbreaking it is tough falling in love and not being able to dive fully because of complications on the other side it sounds to me that you are doing exactly what you need to be doing by taking care of myself while the rest sorts itself out while i admire your desire and courage to stay friends  the extreme pain that you mentioned may make this too challenging and at odds with your taking care of yourself since there is no commitment on her end to give it a shot with you i would make sure that you really honour your own feelings about what feels right to you so that you dont end up feeling strung along or resentful make sure that you lean on friends and family at this time  we need all the support that we can get when we are heartbroken,1,1,768,0.759488656619997,0.2405113433800029,F
449,232,after he got home from the hospital he was angry then for a time wonderful now he is depressed and hopeless again,depression,the fact that youre reaching out for help here is really helpfulthe first thing i would suggest is that you consider seeing a local mental health professional yourself to be able to talk about the details how this is affecting you and how you can hold onto you are while also being supportive to you husbandfrom the way that you describe this i wonder what has changed since coming home from the hospital perhaps you can have a conversation with your husband this and mention that you are asking him questions to learn more about his experience and you can discuss how you notice that things were going much better when he came home from the hospital and now things are not as good perhaps he can tell you about what is different so that you may know him would be most helpful to himi also hope that you husband is still continuing with his own treatmentthere may also be a local peer support telephone number for the county that you live in that they be able to help you determine whether your husband needs more immediate treatment if he is feeling hopeless again there are national crisis telephone numbers listed below as well,1,1,1130,0.7591722495761781,0.2408277504238219,F
450,2485,after he got home from the hospital he was angry then for a time wonderful  now he is depressed and hopeless again,marriagedepressionselfharm,the fact that youre reaching out for help here is really helpfulthe first thing i would suggest is that you consider seeing a local mental health professional yourself to be able to talk about the details how this is affecting you and how you can hold onto you are while also being supportive to you husbandfrom the way that you describe this i wonder what has changed since coming home from the hospital perhaps you can have a conversation with your husband this and mention that you are asking him questions to learn more about his experience and you can discuss how you notice that things were going much better when he came home from the hospital and now things are not as good perhaps he can tell you about what is different so that you may know him would be most helpful to himi also hope that you husband is still continuing with his own treatmentthere may also be a local peer support telephone number for the county that you live in that they be able to help you determine whether your husband needs more immediate treatment if he is feeling hopeless again there are national crisis telephone numbers listed below as well,1,1,1130,0.7591722495761781,0.2408277504238219,F
451,607,my dad is always and i mean always cussing and screaming at me for no reason at all he makes me feel stupid he also compares me to my other siblings in a negative way and demeans me is this abuse,parenting,im really sorry to hear that you are going through thisits a little difficult to answer your question because the laws that define child abuse are different from state to state but usually things like what you describe your dad is doing are not considered to be child abusethe more important thing is how you feel about what is going on it sounds like this is really bothering youif you dont think you can talk to your dad about how you feel you might want to try talking to another adult you trust like a family member or teacher they may be able to help you figure out some ways to communicate with your dadi think you might feel better if you can talk to someone about how your are feeling,1,1,692,0.7589671108697312,0.2410328891302687,F
452,701,my grandma had a stroke and passed away recently i lost my home and job im looking but havent found a job ive been binge watching television and binge eating,selfesteem,please practice being kind to yourself you lost your grandmother your home and your job  huge changes have just taken place and it would be challenging for anyone to be unfazed  and having said that you wrote that you have been looking for a job so that tells me that you have most definitely not failed yourself try taking it one day at a time i encourage you to recognize and even accept that youre going through a particularly difficult time and that everything is temporary  when we are in something its difficult sometimes to see the light at the end of the tunnel  maybe you could allow yourself the grief that you are feeling be in the tunnel and trust that you will come through the tunnel to the other side  be gentle and loving to yourself,1,1,749,0.7589645657201763,0.2410354342798236,F
453,952,i have an emotionally abusive relationship we have been together for a year and a half he got out of prison exactly a year ago and a half ago and we have a infant i love my boyfriend and i dont want to leave without fighting for this first hes an emotionally disconnected person we never say i love you to each other every fight is worse than the last one and i dont know what to do he doesnt let me speak because hes louder than me and that makes me feel frustrated i have another problem english is my second language i pay half of the bills and every time i want to speak to him he kicks me out of the house he apologizes sometimes i feel like im the only one fighting for this he agreed to have counseling,domesticviolence,im glad that you are reaching out for help all of this sounds overwhelming and confusing all of what you discribed is common in an abusive relationship unfortunately there isnt anything you can do that will change his behavior he has to make that decision for himself it is difficult for abusers to do this because they have to admit that thier behavior is fully thier responsibility abusers a lot of times will say theyre sorry or make promises to change and then turn around and become abusive again i would strongly discourage any couples counseling because in an abusive relationship this can become very dangerous for the victim individual therapy for both of you you be a safer rout i would also encourage you to reach out to a domestic violence non profit near you because they can help you safety plan and provide counseling if you want it here is some information on the cycle of violence that might be helpful for you  httpwwwbfwcorgpdfcycleofviolencepdfi hope you are safe and i wish you the best,1,1,1007,0.7581758859411882,0.2418241140588118,F
454,133,"im going through some things with my feelings and myself i barely sleep and i do nothing but think about how im worthless and how i shouldnt be here
   ive never tried or contemplated suicide ive always wanted to fix my issues but i never get around to it
   how can i change my feeling of being worthless to everyone",depression,hello im sorry that you experiencing a very low moment in life sometimes we all go through life circumstances that can be challenging traumatizing and overwhelming on reading this question it sounds as though you have gone through some hardships that have  made you question what your sense of self in what  belief value especially about yourself it sounds as though you are emotionally overwhelmed and stuck and now you are overthinking you may be depressed and you may need to talk to someone professional about your condition processing past hurts maybe somewhere to start especially identifying the pain hurt anger loss among the other emotions you may be feeling again you may need to talk with someone so you do not feel defeated in your efforts,1,1,751,0.7568395693940476,0.2431604306059523,F
455,112,"i tried telling my husband i was depressed and he ignored me he said youre always sad or depressed and he picked up his phone and ignored me i said please dont exaggerate that isnt true and he said whatever babe you just want to be sad
   how can i get through to him so he will take me seriously",depression,hmm so what part about this do you want him to take seriously that youre depressed and you want him to acknowledge it or that you want help for it one way to help him to take you seriously is to take yourself seriously maybe actively working on the depression will show him that you are really depressed and its not because you want to be or if it is it is a mental health disorder and it is serious i would start focusing on you focus on what you want to see in yourself and make it happen with depression it is difficult to do for yourself thats why there are therapists out here to help make that load lighter i would talk to someone to come up with a plan to focus on yourself and then your husband if he doesnt get there on his own so the first step is to reach out to a therapist to help you to come up with a better plan or put all of the great answers you get together and implement them if that isnt enough then make the first step by calling a therapist to set up an intake and that first appointment to continue your efforts hope this helps,1,1,1051,0.7560916278436212,0.2439083721563789,F
456,1089,im a man and im soon to be married i have been messing around with other men on the side it started as a once in a while thing but its been happening a lot i dont know what to do,intimacy,if you are happy with the person that you are about to be married to and are also enjoying time with other men it could be possible that you are attracted to people of more than one genderhaving said that some people have feelings toward people of more than one gender that are not really related to romance or attraction but any number of other feelings such as trust and communication i dont know whether your use of the phrase messing around was related specifically to being romantically or sexually involved with the people who you are or referring to or if you are saying that you are enjoying spending time with them these terms have different definitions for almost everyonei would definitely recommend speaking with a local mental health practitioner in your area not because there is anything wrong about the way you are feeling but because there are a lot of different parts of what is happening in your life right now and it may be helpful to talk about the feelings and thoughts with someone who can help you to learn more about yourself and the people are most important in your life yourself includedi also suggest looking at a few things that you love and appreciate about yourself,1,1,1197,0.7559355647886559,0.2440644352113441,F
457,1146,ive been getting told lately by my partner that its embarrassing that im so antisocial around his family and friends i believe its because im not as social as him,intimacy,hi buffalo i think youre right your partners reactions are about him i have to say its a cruel thing to say to someone you lovethat youre embarrassed by them the subtext says youre not good enough and i love that you can reject that false messageyou dont have to be different for anyone if he cant accept you for who you are what is he doing with you your social habits unless they are extremelike you refuse to go anywhere arent a reflection on him its just you being you also and im sure youve found thisthe more he judges you the more difficult it is for you to be the confident outgoing person he wants you to beso his method of trying to change you doesnt even worki think thats the cruxhes trying to change you what does that make you want to do,1,1,751,0.7553970641329919,0.2446029358670081,F
458,2638,ive gone to a couple therapy sessions so far and still everytime i walk in i get nervous and shaky  is this normal should i still be feeling like this,anxietycounseling fundamentals ,well its generally okay to feel anxious or nervous about going into therapy particularly in the beginning because the process of being open about what you are going through much less to someone who you dont know well can be anxietyproducing its also common to feel anxious when you are discussing something that is important difficult to discuss or you are making changes that are very difficult for youthe most important thing i can tell you though is to discuss with your therapist this idea that you feel nervous and shaky some anxiety can actually help to motivate or lead you toward change there are also level of anxiety that can be counterproductive so its a good thing to discuss personally i can tell you that i would want my clients to tell me about anxiety they feel  of the time that opens the dialog to discuss whether it is the level of anxiety that they want to sit with and learn about in discovering more about themselves and their experiences andor whether they would like to do something to lessen the feeling of anxietythanks for writing here if it caused anxiety for you to do so i hope that feeling is diminishing for you at least related to writing here,1,1,1176,0.7547960386406366,0.2452039613593633,F
459,332,ive gone to a couple therapy sessions so far and still everytime i walk in i get nervous and shaky is this normal should i still be feeling like this,anxiety,well its generally okay to feel anxious or nervous about going into therapy particularly in the beginning because the process of being open about what you are going through much less to someone who you dont know well can be anxietyproducing its also common to feel anxious when you are discussing something that is important difficult to discuss or you are making changes that are very difficult for youthe most important thing i can tell you though is to discuss with your therapist this idea that you feel nervous and shaky some anxiety can actually help to motivate or lead you toward change there are also level of anxiety that can be counterproductive so its a good thing to discuss personally i can tell you that i would want my clients to tell me about anxiety they feel  of the time that opens the dialog to discuss whether it is the level of anxiety that they want to sit with and learn about in discovering more about themselves and their experiences andor whether they would like to do something to lessen the feeling of anxietythanks for writing here if it caused anxiety for you to do so i hope that feeling is diminishing for you at least related to writing here,1,1,1176,0.7547960386406366,0.2452039613593633,F
460,48,"i have so many issues to address i have a history of sexual abuse im a breast cancer survivor and i am a lifetime insomniac    i have a long history of depression and im beginning to have anxiety i have low self esteem but ive been happily married for almost  years
   ive never had counseling about any of this do i have too many issues to address in counseling",depression,"firstly i would like to say how amazing that you have been able to live through breast cancer sexual abuse as well as your depression and anxiety you are stronger than you may believe at this moment for being able to continue to grow and live through these experiences take a moment to acknowledge your strength and know that this strength will be an asset during the therapeutic process that you will be able to tap into to find increased self esteem and more strength to address the concerns you are having there are never too many concerns to address in therapy sessions i hope you can find a great therapist who you can trust to listen and work with you to identify and address
the most concerning issues first once you begin to do this you may find an alleviation of symptoms and feelings which could allow you to grow your capacity to manage difficult feelings and situations and address additional concerns before you even realize it the issues you are having will begin to feel more manageable",1,1,1001,0.7542489682099704,0.2457510317900295,F
461,1721,"how do you know you have the right therapist for you
 how would i know how to train my therapist to be able to give me what i need from treatment",counselingfundamentals,the most important agent of change in therapy is your relationship with your therapist it is so important for you to find a therapist that you trust and feel comfortable enough to just lay everything out there and be vulnerable with therapy is really building a safe and healthy relationship with a professional that can then help guide you in some of the most intimate and emotional parts of your life this relationship does take time to build but usually you can get a sense of a therapists personality and approach from their bio and website once you have found someone that you think you could really connect with then its about looking at do they have the expertise you need do they have training in relationship counseling or in working with anxiety depression or trauma it is important to find an expert in the field so you are getting the best care possiblejust like if you were to go to a general family doctor versus a specialist i hope that is helpful,1,1,962,0.7535153711075241,0.2464846288924758,F
462,1539,im a teenager and i created a sort of imaginary friend to help me cope with stressful situations or if im worried or upset she gives me advice and comforts me and tells me itll be okay ive given her a name solace and created a personality for her thats like a comforting motherly figure i know its just my own advice and my own thoughts but its just that im thinking of them through a voice other than my own i do this because i know i never really listen to my own advice and i thought it would be better if it was through someone else who knew my thought process in and out through this imaginary friend is this normal could it develop into a separate personality with time if i continue a mentality that she is her own person,behavioralchange,since you are saying that you know that the thoughts are yours and your thinking of them in a different persons voice to make them easier for you to follow through on it doesnt sound like it could develop into another personalityit may be helpful to also find other things that give you comfort and to practice telling yourself that it will be okay in your own voice if you start to do that slowly it may be more comfortable for you if youre following following through with your own advice it sounds like some part of you knows that you are making choices that you agree withwhat else gives you comfort maybe theres a room that you like to be in when you are home or a certain outfit or color that makes you feel good focusing on these things may also be comforting to you,1,1,773,0.7534153570999289,0.2465846429000711,F
463,393,"i recently broke up with my boyfriend after being together for over  years i truly believe i did the right thing but omehow being single now has made me very needy and unsure of myself
    i am seeing someone casually and i am losing my mind with anxiety about how he feels about me and this need for validation
   how can i learn to be content and at peace with myself regardless of my career relationship status etc",anxiety,endings in relationship are difficult and my heart goes out to you it is difficult to start again but not impossible after a break up we may loss our identify and grieve what could have been and some other aspects that are brought up to the surface you recognize that you have become needy and unsure i wonder if you have grieved properly the end of a relationship can trigger our inner insecurities and i think it would benefit you to go within yourself and explore where are these feelings coming from  your anxiety may be trying to tell you something that you needs your attention this is work that you need to take time with and i am not sure other entanglements helps you to heal or distract you from going deeper into healing regardless of your status career being content means a state of openness and peace and acceptance wish you healing and hope,1,1,855,0.7533540481920903,0.2466459518079097,F
464,1069,i have cheated on my husband of five years roughly ten times i pretend we arent married at my work recently he has caught on but i lie to cover it he use to talk to girls online but i have caught myself constantly having a affair,intimacy,i dont know that i should tell you to get a divorce some would but i think there is something much deeper going on for you i would be more concerned about figuring out the deeper reason you are having an affair do you have shame and guilt do you not like that you are doing this to your husband do you see yourself as a bad person or do you just want more all of this can be handled if you really want to fix it in your marriageyou can have more in your marriage with some help you can stop having affairs if you get help i would encourage you to seek help right away and find out what you are missing that is driving you to commit affairs i actually believe that if you get a divorce you will probably keep repeating the same behavior with another person let me know if you desire more help,1,1,791,0.7519008629541324,0.2480991370458676,F
465,953,he is verbally abusive when he gets mad he just yells at me at times i feel scared,domesticviolence,im sorry you are experiencing this and im glad that you are looking for help and support im not sure of all the details so take from answer what you can if you are feeling unsafe or scared in your relationship please know that there are non profit domestic violence services that can help and provide you some more support they can also safely plan with you if you choose to leave it seems that you might be feeling defeated and if thats the case a lot of domestic violence non profits provide free counseling if you are needing to talk to someone what you are going through can be overwhelming and your are taking the right steps toward healing,1,1,645,0.7513360071138329,0.2486639928861671,F
466,1897,"a few nights ago i talked to this girl i know about my self esteem issues for the first time we talked for hours and she told me time and again that i was a great guy she told me i was attractive and have a great personality etc i really started to feel better about myself by the time i woke up the next morning
now though i cant stop thinking about her but i leave to go back to college in a few days and i go to school  hours away from her so now i feel constantly depressed because even if i told her how i felt it wouldnt matter i feel helpless and i dont know what to do",selfesteemrelationships,hey  it takes a lot of courage to share your feelings with someone  and it sounds like you have been lucky to meet someone who makes you feel safe enough to explore some of your more painful feelings  a big part of the process however of strengthening your selfconcept is learning how to tell yourself those positive messages that you heard from your friend  leaving for college may also be contributing to your feelings of unsteadiness  try this  make a list of all of the positive things that you know are true about yourself  ask your friends and family to contribute to the list  then carry it with you in your wallet  and when you need a selfesteem boost take a look at it  you are in a season of life that presents lots of challenges and opportunities  reach out to your longdistance friend when you need support  and take a walk over to the campus counseling center and check out what they might have to offer  be wise,1,1,925,0.7513220460887446,0.2486779539112553,F
467,745,a few nights ago i talked to this girl i know about my self esteem issues for the first time we talked for hours and she told me time and again that i was a great guy she told me i was attractive and have a great personality etc i really started to feel better about myself by the time i woke up the next morning now though i cant stop thinking about her but i leave to go back to college in a few days and i go to school  hours away from her so now i feel constantly depressed because even if i told her how i felt it wouldnt matter i feel helpless and i dont know what to do,selfesteem,hey  it takes a lot of courage to share your feelings with someone  and it sounds like you have been lucky to meet someone who makes you feel safe enough to explore some of your more painful feelings  a big part of the process however of strengthening your selfconcept is learning how to tell yourself those positive messages that you heard from your friend  leaving for college may also be contributing to your feelings of unsteadiness  try this  make a list of all of the positive things that you know are true about yourself  ask your friends and family to contribute to the list  then carry it with you in your wallet  and when you need a selfesteem boost take a look at it  you are in a season of life that presents lots of challenges and opportunities  reach out to your longdistance friend when you need support  and take a walk over to the campus counseling center and check out what they might have to offer  be wise,1,1,925,0.7513220460887446,0.2486779539112553,F
468,1554,im a teenager and i get these really intense mood swings    my mood will be really high and ill think of something that i want to do when i start to make it happen i get irritated by other people if they intervene then if the thing i wanted to do doesnt work out i have these tendencies to blame other people for it not working out    can you explain whats going on,behavioralchange,mood swings and getting frustrated when things dont work out is totally normal sometimes we get tied to one thing we really want to do and it can feel pretty intense when that gets interrupted or doesnt work out this said youre coming to counselchat and so im guessing this is something that is pretty intense for you and something that you are concerned about if this is getting in the way of your life it may be worthwhile to reach out to a therapist or doctor to get some help with this and see if there might be something more going on while for most people frustrationmood swings is related to typical life and stress if very intense it can be a sign of a number of challenges ranging from anxiety to a traumatic experience to something like bipolar disorder where a persons mood and energy might fly so high mania that one feels like they can do anything but often become frustrated when interrupted note there is a lot more to bipolar disorder than this and this is certainly not a diagnosis wish you well,1,1,1012,0.7500682591001759,0.2499317408998241,F
469,883,"there are issues from my past that have me very heavily burdened in my heart ive been torn for so many years and i need help so i can move on with my life
   i experienced trauma when i was  years old and i did come out about it until i was 
   now i know this is whats holding me back on my happiness ive met a very loving and caring man but because im holding on to these things from my past im pushing him away
   how can i get my life back",trauma,you already are doing that you are reaching out virtually still counts you are accepting your past you are not denying what happened to you you are talking about the past you are already doing a great job of starting this journey you get your life back by doing things differentlyi would think about how you would like to process your past do you want to talk to someone do you want to write about it do you want to pray about it do you want to read and research books about trauma take some time and think about what you want to do think about what would work for you and dive in i am a licensed professional counselor so i am biased  but i really believe that counseling works having an objective professional voice that can guide you on this process is so valuable but please choose what makes you feel comfortable  not what everyone else says i think you are very brave for reaching out and wanting to work on this that takes a tremendous amount of courage and strength,1,1,973,0.7496334405516374,0.2503665594483626,F
470,460,i have these dreams of men and they always seem to try to hurt me its gotten so bad that i first wake at  then  and finally stay awake by  im always the last one to fall asleep and the first to wake i hate falling asleep the longest ive went without sleep is three days,anxiety,that is awful i am sure you are ready to start getting some rest its normal for us to wake a few times in the night however when we are dealing with high anxiety or stress those times can turn into being up most night given that you are having these repeated dreams i am wondering what might be going on in your life either now  or in the past that could be triggering stress or maybe memories it can help to draw the dream out in the morning or even to look for metaphor in the long run seeking counseling can help you sort all that outin the meantime selfsoothing strategies may help you in the night when you wake and cant get back to sleep this can be anything with your sensesgetting a snack like tea and focusing on that taste smelling something pleasant listening to some relaxing music looking through a magazine taking a shower anything you can think of that might help you relax if it involves needing to get up thats okay getting out of bed can actually help you get out of that mind space and helps you associate your bed with relaxationsleep vs anxiety making it more likely you will fall asleep once  you lay down,1,1,1127,0.7492886681629012,0.2507113318370987,F
471,278,when im sad and alone i want to cut myself,depression,try doing something physical if you havent exercised before it is a good idea to get your doctors approval first but this can be helpfulthe more you can find out about when you want to cut the easier it will be to figure out what else you can do if you are feeling sad or angry or nervous look at what is leading up to those feelings and talk to someone about thatyou said you are alone i would see if you can find someone that you can trust to talk with about what you are going through this could be a parent a friend someone at school a coworker or any number of other people,1,1,578,0.7489995025251577,0.2510004974748423,F
472,337,ive gone to a couple therapy sessions so far and still everytime i walk in i get nervous and shaky is this normal should i still be feeling like this,anxiety,its absolutely normal  for some people its scary to even make the appointment for therapy  it can be overwhelming to think about talking to a stranger about very personal information and thats exactly what we challenge you to do  it can take quite a while to feel more comfortable with your counselor and the topics you discuss  the more you show up despite your anxieties and talk about things that scare you the less likely it is that you will feel nervous and shaky beforehand depending on your expectations for sessions  it could even be something you bring up to your counselor to process how that feels to you and maybe some reasons why that may be happening  theres nothing wrong with feeling scared and i think its courageous of you to keep going  sometimes feeling anxiety means we are doing something important to us it seems as if maybe therapy holds some pretty big meaning for you,1,1,893,0.7482799345165378,0.2517200654834622,F
473,2697,"im in my late teens and live with my dad  the only time i go out is for my college classes sometimes when i see my friends i want to talk with them but sometimes i wont want to talk to them for days or even weeks 

sometimes i feel im not worth knowing or im never going to do anything right

are they right am i depressed",depression,im alway wary of assigning a term to a feeling as often that term becomes more important than the feeling itself from the very little that you have written it is clear that you are going through something that has made you extremely low affected your selfesteem and motivation limits your enjoyment of formerly pleasurable activities and affects your feelings of selfworth all of these are aspects of being depressed though you can be depressed and still not have depression counseling is definitely a place where you can go and sort out why you have had such a sudden a drastic change to your mood sometimes our mood can be effected by changes in our routine losses or significant disappointments talking with someone will not only help you to better understand why you are feeling this way but they will also help you to ground yourself and learn strategies and tools to help you to manage your mood and strategize for the future i do hope that you will reach out feeling alone can be harmful over long periods of time as it can stop us from seeking out the support we need,1,1,1075,0.7466671904428781,0.2533328095571219,F
474,180,"im in my late teens and live with my dad the only time i go out is for my college classes sometimes when i see my friends i want to talk with them but sometimes i wont want to talk to them for days or even weeks    sometimes i feel im not worth knowing or im never going to do anything right
   are they right am i depressed",depression,im alway wary of assigning a term to a feeling as often that term becomes more important than the feeling itself from the very little that you have written it is clear that you are going through something that has made you extremely low affected your selfesteem and motivation limits your enjoyment of formerly pleasurable activities and affects your feelings of selfworth all of these are aspects of being depressed though you can be depressed and still not have depression counseling is definitely a place where you can go and sort out why you have had such a sudden a drastic change to your mood sometimes our mood can be effected by changes in our routine losses or significant disappointments talking with someone will not only help you to better understand why you are feeling this way but they will also help you to ground yourself and learn strategies and tools to help you to manage your mood and strategize for the future i do hope that you will reach out feeling alone can be harmful over long periods of time as it can stop us from seeking out the support we need,1,1,1075,0.7466671904428781,0.2533328095571219,F
475,1129,she works with a man and always looks at guys that check her out,intimacy,i wonder if you are having some of these thoughts related to something that has neither happened directly to you in your past or to someone that you care about this can often change the way that we look at different situations try to look at what feelings for you when you notice that someone is checking her out and perhaps when you have felt these feelings beforeif you trust your girl enough to have an open conversation perhaps you could ask her whether she is willing to talk about something that is important to you then you could talk about feelings that youre having,1,1,574,0.7464722534992835,0.2535277465007165,F
476,1346,i have a problem with binge eating especially during times of stress i binge eat and feel so overwhelmed with shame and disappointment that i end up going to the gym and trying to exercise the calories off i am in my late s and i have been dealing with this since i was a teenager are there any coping mechanisms i can use to break this cycle,eatingdisorders,the fact that you are aware of the issue and what causes it is a step in the right direction  you can absolutely break the cycle but it takes a lot of effort  much like growing a physical muscle developing coping mechanisms must be practiced exercised in order to gain strength  find healthy activities that you like to do that can help you deal with stress  it appears that you are already going to the gym which is awesome you want this to be a healthy experience not one done out of guilt  is it possible for you to incorporate food items that are healthy for you remember any changes you make must be practiced and developed over time  you should seek professional help to assist you with getting to the root cause of your emotional connection to food normally these issues date back to childhood experiences however this is a generalization and i have little information to go on  above all else be kind to yourself shame is counterproductive if you want something to grow you give it love and attention well wishes,1,1,1020,0.7446590036285314,0.2553409963714685,F
477,700,my grandma had a stroke and passed away recently i lost my home and job im looking but havent found a job ive been binge watching television and binge eating,selfesteem,wow you got hit with some serious stuff all at once work relationships and housingsecurity are major needs for us and to lose all that at once has got to affect you when things go wrong it is natural for us to look for blameand the easiest person for us to blame is ourselves put that with grief and youve got a recipe for feeling awful we can start feeling so low as to want to check out with things like food and tv as you described it can take time for us to move to selfforgiveness and selfkindness in order to start moving forward again i wonder what you can do right now to improve your situation i also wonder if you may be willing to seek counseling to help you work through some of this to help with your perspective and to assist in your grieving process just reading these  sentences i get the sense of you being a nice person i hope you can show that kind of kindness to yourself in your healing,1,1,907,0.744610214797367,0.255389785202633,F
478,2563,i feel so alone i have so many people around me but it seems as they just listen and dont understand  they say it will all be okay or they dont listen to me st all  everyone says they are here for me but it doesnt feel like they are why do i feel so alone,relationshipssocial relationships,although we can have moments when we feel alone even with the presence of family and friends feeling alone most of the time could be a sign that there is a lack of connection between you and your loved ones generally the lack of connection can occur when you dont feel heard understood or valued these are common emotional needs that result in a good and secure emotional connection that reduces feelings of loneliness you mentioned that they listen but dont understand do you communication clearly about what you need emotionally understood accepted valued heard empathized to help you ask for the right type of support you can ask yourself what it is about the situation that is bothering you and how you would wish for your friends and family to respond to you the result may be an answer that is more informative to your loved ones for example you might say thank you for listening to me when i feel alone i feel like nobody cares about me because everybody seems busy with their lives i just wanted to hear and feel that im valued by receiving caring messages and phone calls dr virginia chowwwwpsychologyresourceca,1,1,1120,0.7444474182255674,0.2555525817744326,F
479,1371,i feel so alone i have so many people around me but it seems as they just listen and dont understand they say it will all be okay or they dont listen to me st all everyone says they are here for me but it doesnt feel like they are why do i feel so alone,relationships,although we can have moments when we feel alone even with the presence of family and friends feeling alone most of the time could be a sign that there is a lack of connection between you and your loved ones generally the lack of connection can occur when you dont feel heard understood or valued these are common emotional needs that result in a good and secure emotional connection that reduces feelings of loneliness you mentioned that they listen but dont understand do you communication clearly about what you need emotionally understood accepted valued heard empathized to help you ask for the right type of support you can ask yourself what it is about the situation that is bothering you and how you would wish for your friends and family to respond to you the result may be an answer that is more informative to your loved ones for example you might say thank you for listening to me when i feel alone i feel like nobody cares about me because everybody seems busy with their lives i just wanted to hear and feel that im valued by receiving caring messages and phone calls dr virginia chowwwwpsychologyresourceca,1,1,1120,0.7444474182255674,0.2555525817744326,F
480,1469,i find that i imagine things sexually and i hate it because it puts strain on my relationship i feel helpless and guilty i want it to go away and i want to make my woman happy again,relationships,it is completely understandable that you would like to find a way to make these intrusive thoughts go away however your feeling that you cant control having these thoughts is accurate its also understandable that you would feel helpless and guilty given that you see how these thoughts are effecting your relationship though i would encourage you to go easy on yourself and remember that you arent choosing to have these thoughts im sure that if there was a switch to turn them off you would flip itthere is no magic technique or pill that can guarantee these thoughts will go away however therapy may still have a lot to offer in working with a competent therapist you may be able to gain insight into where these thoughts are coming from and develop new ways of relating to them so that they do not leave you feeling as helpless and guilty and can be more present with your partner though there is no guarantee that the thoughts will go away this may also be a result of work with a therapist either way you may be able to find a way to deal with the thoughts and show up in your relationship in a way that will be satisfying to you and your partner,1,1,1151,0.7437348821610887,0.2562651178389113,F
481,2227,something happened this summer that i cannot forgive myself for when i think about what happened i feel ashamed and guilty even though my loved ones forgave me,selfesteem,forgiveness takes time you know what you did and by the sounds of it you are not impressed with yourself in my mind this is a sign that you are a good person you recognize that you did something that crossed your own moral code you could have just done this thing and not felt anything  but you do feel and that is ok its not supposed to feel good when you do something wrongbe patient with yourself these things can take time i suspect that you will be one of those people who slowly let go of their shame and guilt the trick is to feel the pain but to not ignoredetach from the life that you are living right now dont deprive yourself of the opportunity to feel joy again,1,1,673,0.7423467914229929,0.2576532085770071,F
482,2039,"my fiancée suffers from severe anxiety and depression she has had it most of her life her anxiety in public places is the worst it gets to points where she cant breathe or move sometimes she wont even go to the restroom so she will hold in her pee until her stomach hurts or she pees herself she curls up in corners at the mall and has panic attacks she wont eat or drink in public if she isnt having a panic attack or crying shes clinging to me and avoiding everything and everyone her depression flares up out of nowhere and causes her to become very suicidal and selfharming she get really sick from anxiety and scared to the point that i cant even get her to eat drink leave the bed or go outside she always tells me how she grew up around so much fighting and fear that it makes her scared of loud sounds yelling conflict and even talking to strangers in public she will refuse to go to a store unless i am with her to talk to the cashier for her she is so scared that i cant even get her to drive she doesnt want to get her license because shes scared of trying to drive

some people have recommended medication but i believe its just going to cover up her illness and not solve it i dont want my fiancée pumped with drugs i believe a psychiatric service dog would be the best bet for her when we first met my poodle it would calm her down a lot she took the dog out every time we went out and she seemed much calmer and happier she slowly would eat and the dog seemed to make her feel a lot better i am worried and want to help her without medication",depressionanxiety,it sounds like you have been a positive support for your fiancee there is no doubt that this situation is a great challenge for the both of you while it may feel like you are responsible for her health and happiness it is important that you understand that you on your own wont be able to resolve her mental health issues based on what you have explained it sounds like she needs to get a medical andor psychiatric evaluation whether or not she decides to take medication is her and your decision but keeping an open mind about treatment options is important i suggest that she see a therapist on her own in order to better understand and cope with her anxiety and depression especially given her suicidal thoughts you would also likely benefit from therapy individual or couples therapy in order to address how you are feeling and best learn how to support her and your relationship i wish the very best for both of you and hope that things will improve sooner than later,1,1,972,0.740946232572406,0.259053767427594,F
483,301,"my fiancée suffers from severe anxiety and depression she has had it most of her life her anxiety in public places is the worst it gets to points where she cant breathe or move sometimes she wont even go to the restroom so she will hold in her pee until her stomach hurts or she pees herself she curls up in corners at the mall and has panic attacks she wont eat or drink in public if she isnt having a panic attack or crying shes clinging to me and avoiding everything and everyone her depression flares up out of nowhere and causes her to become very suicidal and selfharming she get really sick from anxiety and scared to the point that i cant even get her to eat drink leave the bed or go outside she always tells me how she grew up around so much fighting and fear that it makes her scared of loud sounds yelling conflict and even talking to strangers in public she will refuse to go to a store unless i am with her to talk to the cashier for her she is so scared that i cant even get her to drive she doesnt want to get her license because shes scared of trying to drive
   some people have recommended medication but i believe its just going to cover up her illness and not solve it i dont want my fiancée pumped with drugs i believe a psychiatric service dog would be the best bet for her when we first met my poodle it would calm her down a lot she took the dog out every time we went out and she seemed much calmer and happier she slowly would eat and the dog seemed to make her feel a lot better i am worried and want to help her without medication",depression,it sounds like you have been a positive support for your fiancee there is no doubt that this situation is a great challenge for the both of you while it may feel like you are responsible for her health and happiness it is important that you understand that you on your own wont be able to resolve her mental health issues based on what you have explained it sounds like she needs to get a medical andor psychiatric evaluation whether or not she decides to take medication is her and your decision but keeping an open mind about treatment options is important i suggest that she see a therapist on her own in order to better understand and cope with her anxiety and depression especially given her suicidal thoughts you would also likely benefit from therapy individual or couples therapy in order to address how you are feeling and best learn how to support her and your relationship i wish the very best for both of you and hope that things will improve sooner than later,1,1,972,0.740946232572406,0.259053767427594,F
484,858,i was born a girl but i want to be a boy because of my religion i cant tell my family i know they wont accept me what do i do,spirituality,"i understand that this must be a difficult time for you with
many adjustments if you feel comfortable enough to ask your parents to see a
life coach or a therapist this may be an excellent place to start you dont
need to tell them the reason why maybe say that you simply need someone to talk
to for support with school or homework etc the life coach or therapist would
be the optimal person to advise you on how to proceed with providing support
and guidance there may be someone at your school whom you could talk to for
confidential support and guidance as well be confident in the fact that you
are not alone and there are always responsible adults available to guide you
through any difficult process you may experience in life talking to family
about personal issues can be difficult for anyone even adults i recommend
getting help from a trusted professional adult before you decide what to do",1,1,900,0.7408413852886064,0.2591586147113936,F
485,141,"im going through some things with my feelings and myself i barely sleep and i do nothing but think about how im worthless and how i shouldnt be here
   ive never tried or contemplated suicide ive always wanted to fix my issues but i never get around to it
   how can i change my feeling of being worthless to everyone",depression,that is intense depression is a liar sometimes depression places these glasses over our eyes these dark sunglasses that change how we see things depression tells us things like youre worthless no one likes you dont worry about doing anything and it is so easy for us to listen and to be tricked into thinking that just because we feel something means it is true please know that even if you are feeling worthless right now that doesnt mean you are worthlessthe first step to working through this is recognizing what is going on recognizing when depression is telling you the same story ie being worthless with different words ie worthless here worthless there and making an effort to talk back while i can not give you a diagnosis of depression reading what you are going through it sounds like you might need help to get back on track seeing a counselor can open an entirely new option up wherein someone who is not involved in your life can help you without judgement and with an objective perspective this can do wonders in unwrapping these kinds of thoughts wishing you the absolute best,1,1,1091,0.7405746126272883,0.2594253873727117,F
486,1629,every time i send a message to someone or a group message on instagram imessage or snapchat people will read my messages but then they wont answer me    could it be that there is something they dont like about me i dont understand why they wont answer my messages how do i get people to respond to me,socialrelationships,im sorry that you are having a difficult timei wonder about how your friendships are in person if you get along well with people and have effective conversations with them facetoface there could be some kind of technologyrelated problemhave you tried gently talking to people about how you send a message and they didnt answer if you can phrase it in such a way that they recognize that you are asking for information and not blaming them for not answering you that could be effectiveid also encourage you to consider how much this is bothering you if it is causing a significant amount of anxiety say more than  if  is really anxious i would suggest talking with a local therapistin the meantime consider talking about this with someone you trust to whom you can get more details to get a more specific answer,1,1,810,0.7404614860779618,0.2595385139220382,F
487,2607,"every time i send a message to someone or a group message on instagram imessage or snapchat people will read my messages but then they wont answer me 

could it be that there is something they dont like about me i dont understand why they wont answer my messages how do i get people to respond to me",social relationships,im sorry that you are having a difficult timei wonder about how your friendships are in person if you get along well with people and have effective conversations with them facetoface there could be some kind of technologyrelated problemhave you tried gently talking to people about how you send a message and they didnt answer if you can phrase it in such a way that they recognize that you are asking for information and not blaming them for not answering you that could be effectiveid also encourage you to consider how much this is bothering you if it is causing a significant amount of anxiety say more than  if  is really anxious i would suggest talking with a local therapistin the meantime consider talking about this with someone you trust to whom you can get more details to get a more specific answer,1,1,810,0.7404614860779618,0.2595385139220382,F
488,936,i have family issues and my dad was both violent and a cheater,trauma,i can imagine how incredibly difficult this must be for you having past traumatic experiences creap up on you without warning can be very scary and stressful you may be suffering from symptoms related to posttraumatic stress disorder getting evaluated by a professional would be a good step to take next by seeking treatment and having a therapist who you trust and can connect with you will gain the ability to think about your experiences without it significantly interfering with your daily functioning a therapist can also help you to develop new coping stragies to be used during recall of these experiences and help you to adopt healthy thought patterns i would also recommend that you seek support from loved ones sometimes just talking about your experiences and associated feelings will alleviate some of the emotional troubles you are suffering from lastly you may find meditation or mindfulness work to be of great benefit having the ability to live in the present moment should reduce the effects of your traumatic experiences interfering with recalling your past or looking forward to your future i wish you all the best,1,1,1133,0.739764119634412,0.260235880365588,F
489,2649,im obsessing about a terrible breakup everything is a constant reminder  how do i move on,relationship dissolution ,relationships can be extremely enjoyable and satisfying  when relationships end however it can be devastating  it is normal to go through a grieving process after a breakup  denial bargaining sadness anger and eventually acceptance are all normal stages of grief  you may experience these feelings all at once or one at a time  allow yourself time to grieve by expressing your emotions  talk to a friend or write in a journal  take care of yourself during this time by exercising eating and sleeping well and spending time with friends  after some time you should start feeling better  if you feel like youre not feeling better and you dont know what to do you can see a therapist to help you get through this difficult time,1,1,724,0.739499082430277,0.2605009175697231,F
490,765,im obsessing about a terrible breakup everything is a constant reminder how do i move on,relationshipdissolution,relationships can be extremely enjoyable and satisfying  when relationships end however it can be devastating  it is normal to go through a grieving process after a breakup  denial bargaining sadness anger and eventually acceptance are all normal stages of grief  you may experience these feelings all at once or one at a time  allow yourself time to grieve by expressing your emotions  talk to a friend or write in a journal  take care of yourself during this time by exercising eating and sleeping well and spending time with friends  after some time you should start feeling better  if you feel like youre not feeling better and you dont know what to do you can see a therapist to help you get through this difficult time,1,1,724,0.739499082430277,0.2605009175697231,F
491,1612,im worried i should see a therapist due to past events and current mental status im just so unsure of how to ask my doctor about seeing someone,professionalethics,thanks for your question im glad you realize that you need extra support and are being proactive simply explain to your doctor the feelings you have been experiencing and how you feel that speaking with a mental health therapist would be beneficial however keep in mind that you do not have to go into detail about your personal feelings you can simply state that you are feeling down overwhelmed stressed or whatever it may be im sure your doctor will be glad to direct you from there best of luck you you i hope that you will be feeling better soon,1,1,550,0.7392867553444349,0.2607132446555651,F
492,1891,im worried i should see a therapist due to past events and current mental status im just so unsure of how to ask my doctor about seeing someone,professional ethics,thanks for your question im glad you realize that you need extra support and are being proactive simply explain to your doctor the feelings you have been experiencing and how you feel that speaking with a mental health therapist would be beneficial however  keep in mind that you do not have to go into detail about your personal feelings you can simply state that you are feeling down overwhelmed stressed or whatever it may be im sure your doctor will be glad to direct you from there best of luck you you i hope that you will be feeling better soon,1,1,551,0.7392867553444349,0.2607132446555651,F
493,1493,i find myself lying about small everyday things that there is really no need to lie about how do i figure out what triggers me to do this and how do i help overcome this problem i would like to become more honest and open no matter the situation,relationships,well lets start with the awesome realization youve already had you want to notice that you have triggers thats huge really i find that when people lie its most often as a defense mechanism which is likely a flag that something doesnt feel safe what exactly doesnt feel safe could be lots of different things but the key to notice is that its that feeling of insecurity that is very likely triggering you it could really help to explore this with therapist perhaps even someone with a trauma specialty  thats not to say this is related to a trauma but more so to suggest that therapists specializing in trauma are very skilled at helping to identify and assist in repatterning your triggers,1,1,689,0.738903498882719,0.261096501117281,F
494,1301,i use to be so happy no matter what i always was happy i got into a relationship with this guy i love him so much were both teenagers the week after his birthday my mom made me stop talking to him it broke me he came to my house and talked to her and she let us date again but not see each other he comes up to my school every day and it tears me apart that i have to lie to her,familyconflict,i understand that this can be difficult when you care about someone have you had a discussion with your mom as to why she does not want you and this boy to see each other and what her concerns are it sounds as though you and your mom may be able to use some help with communicating and compromising it is understandable that you do not to feel comfortable having  to lie to your mom it  would be helpful if she could understand that you having to lie to he is getting in the way of you being able to go to her with any issue and  feel she will hopefully understand or try to understand where you are coming from  have either one of you been in family therapy this may be something you may want to suggest to your mom to help you both understand where each one is coming from if your mood is sad and your feeling worse it is important that you reach out to an adult parent person at school whom you trust to share your feelings and help you feel understood and work through your problems,1,1,986,0.7387211330001665,0.2612788669998335,F
495,445,i havent been feeling like myself lately ive been upset for no reason and feeling anxious im feeling burnt out what can help me feel better,anxiety,does it help to put a name to the experience you are having where you first said ive been upset for no reason and feeling anxious you then say that you are feeling burnt out which gives a little more context to what may have once felt like no reason perhaps you are feeling burnt out that is a big deal and please try not to take it lightly when we get burnt out i have found that its from one of two things either we are not doing what we want or we are doing too much either of something we want or something we dont doesnt really matter once we get into doing too muchif either of those rings true for your experience try as much as possible to sit with the experience and get a better sense of where the burn out is coming from i wrote about burnout for a newsletter and it is on my website i dont want to do shameless promotion but i thought it could also add to helping you httpsdavidkleintherapycommyexperienceswithburnouti hope that you can also see that its not an abnormal experience,1,1,993,0.7381795766027879,0.2618204233972122,F
496,1173,i just lost my grandpa and im having a rough time with it    i need some help to deal with the loss but i dont think i can pay for counseling where can i get help,griefandloss,grief can be confusing and it can be hard to know who to talk to and how you are supposed to feel it can be helpful to talk to a trusted adult to get support with talking to your family  about your need for counseling at this difficult time you can find free resources and support online athttpswhatsyourgriefcomwwwgriefnetorgthe dougy center at httpswwwtdcschoolkitorgteens,1,1,374,0.7380711370016928,0.2619288629983072,F
497,1336,my husband took a job out of state for the next year and seems to be a different person before he worked and slept and on off days hed stay home because he didnt want to do anything else now hes going out with friends several nights a week while im still home working a  hours a week job and taking care of two kids by myself hes suddenly saying he misses me and wants me to be his adored wife but the whole time im remembering how ive been emotionally starving for the last five years,marriage,my first concern is you as you stated you have been emotionally starving for the past five years  please try to find time for you to clarify your thoughts and feelings by writing talking to a trusted friend or family member and perhaps seeing a therapistwhats really going on with your husband  does he discuss in detail his sudden change can the two of you still talk do you want the same things  before you go to couples counseling i suggest that you get some support first to feel grounded within yourself and your life  make sure you are ready to hear what might come out of counseling   i wish you the best,1,1,611,0.7379631727754272,0.2620368272245728,F
498,1155,i didnt trust my wife when i found out that she had a new guy friend that she was texting and calling i investigated him before i found out that he was gay and that there was nothing going on now all my wife and i do is fight about trust,intimacy,hello being unable to trust your significant other certainly can cause one to feel unsettled has your spouse ever done anything questionable that would cause you to not trust her if so then it will take time and some work to gain the trust back couples counseling would be of benefit if not then you may want to consider seeing a therapist on your own in order to better learn where your insecurities come from there are several possible reasons why you may be feeling insecure but without knowing them the issue is not likely to get resolved in the meantime i suggest that when youre feeling upset and are unable to trust what your wife saysdoes think before you speak ask yourself if you have valid reasons to not trust her instead of arguing try and communicate how youre feeling and let her know that resolving this trust issue will be a top priority for you so that you can focus on other aspects of your relationship hope it all works out for you both,1,1,957,0.7377748343962915,0.2622251656037085,F
499,206,in the last ten months ive been kicked out moved around three times worked many jobs stopped school to make money had dad and mom get sick was cheated on while pregnant lost my baby had relationship issues and was betrayed i cant get a job i have no friends i feel lonely and isolated ive been dealing with all this by myself,depression,one thing that may help is to focus on small things that you do have control over if you can hold onto that sense of having control over what you wear or what you choose to eat or where you go during the day this may help you be able to look at what is currently most important for you and consider different choices for example you say you cant get a job but i wonder if you could work with and local agencies to help you find a job like career link you say you have no friends currently are there any previous friends that you can get back in contact withyou mentioned that you have no friends is there anyone in your life that you can talk with even if its not someone that you consider a closest friend,1,1,706,0.7377165875799023,0.2622834124200977,F
500,991,im a teenager i get random spurts of anger like complete pure rage i figured it was hormones but others notice it too i get selfdestructive i used to cut but stopped now when i get mad i bite my arms and fingers pull my hair scratch my face or punch my thighs basically i do things i can hide instead of breaking anything in my room and having to explain it to my mom i dont live in a bad household i have a great family a great relationship with my boyfriend and a good job i have no idea what this is and i dont know how to control it its over any little thing tonight it was because i couldnt get my earrings out this happens maybe two to three times on a good week and its always over stupid petty things,angermanagement,hi im glad you wrote in general when a small thing bothers us and this happens to all of us its because the small thing triggers an emotion in us that we have felt too much or too intensely in the past and we dont know how to manage that emotion effectivelywe just want to avoid it as quickly as possible cognitive behavioural therapy with a qualified therapist can help you to understand what is being triggered in you and learn how to manage emotions productively you say that your behaviours are self destructive and i agree it sounds like you have developed a habit of channelling your distress towards selfharm and this is a separate and potentially more serious problem this is a choice you make that points to shame being an issue for you again a good therapist can help you learn whats behind your shame and selfharm your feelings are normal and you can learn more healthy ways to deal with them with qualified help,1,1,923,0.7373393928797372,0.2626606071202629,F
501,1690,"how do you know you have the right therapist for you
 how would i know how to train my therapist to be able to give me what i need from treatment",counselingfundamentals,i love these questions you will know you have the right therapist for you because you resonate with them and you feel better after each treatment the second part to question two is that first you have to allow your therapist to learn about you and you have to be honest and open to their expertise you are not paying for help from yourself but you should be paying for someone who makes you feel better as well as someone who also looks past what you have been trying to get or what you think you need from therapy because hopefully they give you a new perspective of what you thought you needed which is what we call an aha moment you will want to have those in your sessions because you are paying to decrease whatever the issue is but also you are paying for getting better or more confident in who you are or who you want to become,1,1,835,0.7367230401397444,0.2632769598602555,F
502,148,"im going through some things with my feelings and myself i barely sleep and i do nothing but think about how im worthless and how i shouldnt be here
   ive never tried or contemplated suicide ive always wanted to fix my issues but i never get around to it
   how can i change my feeling of being worthless to everyone",depression,hello you sound like you have so much on your mind i am relieved to hear that you have never tried or have contemplated suicide but not being able to sleep feeling worthless and like you shouldnt be here are big issues that need addressingplease get around to counseling  having someone to listen to you is a gift to yourself you deserve the help of someone helping you change your feelings of worthlessness you have not been able to do this alone its time to reach out for help  you can do this best to you,1,1,507,0.7366819618638569,0.2633180381361431,F
503,334,ive gone to a couple therapy sessions so far and still everytime i walk in i get nervous and shaky is this normal should i still be feeling like this,anxiety,it can be uncomfortable talking to someone about your life in the great detail that is normally necessary for counseling to be beneficial since youre already going to counseling congratulations on taking that big first stressinducing step hopefully by now you are starting to feel a little more comfortable with your therapist it can be helpful to address this big elephant in the room and talk to your therapist about this i do my best to help people feel comfortable when they come to counseling but regardless of how hard we try sometimes it is just a little hard to get accustomed to the good news is the more you keep at it the more normal it will become,1,1,659,0.7362356774220353,0.2637643225779646,F
504,2748,ive gone to a couple therapy sessions so far and still everytime i walk in i get nervous and shaky  is this normal should i still be feeling like this,anxietycounseling fundamentals ,it can be uncomfortable talking to someone about your life in the great detail that is normally necessary for counseling to be beneficial since youre already going to counseling congratulations on taking that big first stressinducing step hopefully by now you are starting to feel a little more comfortable with your therapist it can be helpful to address this big elephant in the room and talk to your therapist about this i do my best to help people feel comfortable when they come to counseling but regardless of how hard we try sometimes it is just a little hard to get accustomed to the good news is the more you keep at it the more normal it will become,1,1,659,0.7362356774220353,0.2637643225779646,F
505,2554,i dont know how to tell someone how i feel about them how can i get better at expressing how i feel,relationships,"lets just start with being real expressing
yourself is vulnerable and being vulnerable is hard it takes courage and work
to be vulnerable my guess is that you have been shown in your lifetime that
being vulnerable ie expressing yourself is unsafe my assumption would be
you have been criticized or ignored when you have expressed yourself in the
past it has taught your emotional self to simply not do it again this is a normal
protective mechanism that you have used to cope with past feelings of hurt it
will take time and work to engage again in an emotional wayi would start my practicing and
identifying how you feel to yourself check in with yourself multiple times a
day to gage where you are at emotionally after you feel you have a good grasp
on this start to engage in emotional conversations with others choose others that
feel safe to you a good friend that knows you well or a sibling or family
member expressing yourself is a behavior that you have suppressed out of
protection so you can choose to engage in safe emotional expression behaviors
just the same best of luck",1,1,1085,0.7362077670959233,0.2637922329040767,F
506,1740,"how do you know you have the right therapist for you
 how would i know how to train my therapist to be able to give me what i need from treatment",counselingfundamentals,the most important thing is it has to feel right  while that sounds vague and not very scientific it is the most important part of therapy  us counselors call it therapeutic rapport and without it therapy is not very effective  you want to know you can trust your therapist that you are not being judged that they respect your privacy that you feel comfortable talking to them about the good and the bad  you want to feel heard and know you therapist is genuine  not all therapist are a good fit for everyone  go with your gut  as an added note i recommend going with a therapist who has done their own therapy,1,1,610,0.7361565782288599,0.2638434217711401,F
507,116,"i tried telling my husband i was depressed and he ignored me he said youre always sad or depressed and he picked up his phone and ignored me i said please dont exaggerate that isnt true and he said whatever babe you just want to be sad
   how can i get through to him so he will take me seriously",depression,it can be hard for husbands to hear that their wife is unhappy  by nature men tend to be more of the fix it type  so if they are sad they fix it  if their wife is sad they fix it  he may feel helpless to help you and that may be why he is saying those things to you  its not that he doesnt care or that he doesnt take them seriously he might just have no idea how to help  i would start by making an appointment to talk with a therapist about your sadness  meeting with a therapist may help you to learn some tools and strategies that can help you to manage some of the sadness you are feeling  a therapist can also help you to gain some understanding and insight into why you might be experiencing sadness  depression is not something you have to sit with therapy can help  once your husband sees that you are being proactive in addressing your sadnessdepression he will probably be more open to listening to you and supporting you  he might start to have ideas and input on how you two can work together to change some of the situations or things that might be holding you bakc,1,1,1079,0.7358872996771868,0.2641127003228132,F
508,1356,ive been in a long distance relationship with my girlfriend for just over a year this past week she admitted to me that she has feelings for another guy she says its just a crush but i dont know how to cope with it    how should i deal with this,relationships,you didnt define long distance or the specific circumstances leading up to it  that having been said if there is any way you could precipitate a face to face even if its by zoom facetime skype or the like  you two need to have an honest discussion about how long distance is working out for both of you and she would do well to define feelings and id want to know more about just a crush  sure we sometimes have passing fantasies about someone probably human nature long distance relationships may be more prone to letting those fantasies cross over into reality  without being confrontational and i do know what im asking suggest that you get together to talk about what shes going through why she thinks this crush came up and whether it might impact on the relationship between the two of you  so you have an agenda  before that conversation listen to your own head and heart do you trust her implicitly do you love her unconditionally and does she feel the same about you  you get to both ask and answer this question how would you feel if i said that same thing to you and youre going to tell her how you do feel  best of luck to you not an easy one,1,1,1154,0.7357377479028215,0.2642622520971785,F
509,283,i keep feeling paralyzed and unsure during interviews previous jobs have fired me for lack of performance and five employers have rejected me after extensive personality tests and interviews im afraid of continuing because my depression is getting worse im already humiliated working for temp agencies and doubt my selfworth as a provider for my family,depression,it sounds like you are feeling pretty overwhelmed and stuck between wanting to improve your work situation and worrying that you wont be able to it is possible that the paralysis uncertainty and selfdoubt that you describe are contributing to your difficulty in getting  and maintaining a satisfying job as employers generally like to see that a potential employee is confident and can think on his or her feet with a competent therapist you may be able to get more understanding of the roots of these feelings and learn how to move forward in your search for a better work life in a way that leaves you feeling confident and capable,1,1,633,0.7356913136987404,0.2643086863012596,F
510,1135,i am a female and i am afraid of having sex i am afraid of disappointing my partner by being inexperienced i think he thinks im not a virgin i am also scared that he will be disappointed with my naked body i dont want my partner to think differently of me because i am afraid of having sex,intimacy,these fears are completely normal almost everyone has the same fears you do to some degree especially if they lack experience men also feel far more of these fears than you realize that can helpto remember that were all a little scared and looking for safety and approvalyou mention a partner but im not sure if you currently have one having a partner you can trust with your fears and who you feel safe with is so important when youre really confident someone cares deeply for you this can help the fears to go away or diminish how well do you know your own body getting to know how you like to be touched and how different touches feelgetting acquainted with your body yourself firstthis can help build sexual confidence in general our partners care less about our fat and wrinkles than they care about how we make them feel in bed being a generous lover who is confident enough to put fear asideironically this is what makes you good in bed but be patient with yourself your confidence will grow with experience and that doesnt have to happen until you are ready theres not rush ,1,1,1082,0.7349360305249851,0.2650639694750148,F
511,2405,a year ago the love of my life left me and never looked back our son was two months old at the time and it broke my heart i miss her so much and cant seem to get over  being so heartbroken,relationship dissolution ,i recognize that you say you are missing being with the love of your life at the same time i dont understand whether you are able to see your son im curious as to the relationship dynamic between you and your sons motherwhen you say that she never looked back i imagine you are conveying that getting back together is not something that she is interested ini would suggest that you talk with a therapist and your local area so that you have the ability to discuss the loss of this person who you love so much most people think of grief related to the loss of someone who has died but it also applies to people who have a significant loss whether that is a relationship a job or any number of other thingsin the meantime try finding something about yourself that you value and can focus on,1,1,788,0.7347684526656484,0.2652315473343516,F
512,785,a year ago the love of my life left me and never looked back our son was two months old at the time and it broke my heart i miss her so much and cant seem to get over being so heartbroken,relationshipdissolution,i recognize that you say you are missing being with the love of your life at the same time i dont understand whether you are able to see your son im curious as to the relationship dynamic between you and your sons motherwhen you say that she never looked back i imagine you are conveying that getting back together is not something that she is interested ini would suggest that you talk with a therapist and your local area so that you have the ability to discuss the loss of this person who you love so much most people think of grief related to the loss of someone who has died but it also applies to people who have a significant loss whether that is a relationship a job or any number of other thingsin the meantime try finding something about yourself that you value and can focus on,1,1,788,0.7347684526656484,0.2652315473343516,F
513,1782,is it normal for people to cry during therapy or is it just me,counselingfundamentals,it is never out of the ordinary to get emotional during a session  sometimes we will ask clients to talk about some pretty intense topics and that can easily trigger the emotions wired with those topicseven knowing that it can be really tough to experience that level of vulnerability if you are seeing a therapist currently it could help to process how it feels to you to show raw emotion if thats something that concerns youeither way it is awesome that your body was able to let some stress out for you,1,1,505,0.734168078058697,0.265831921941303,F
514,1168,i have this weird fetish that im afraid to open up about it what should i do,intimacy,this is difficult to answer because you dont tell us what the fetish is  i do understand that this is something that is bothering you though the first thing to ask yourself is if this is something that is illegal or not  if this is illegal to engage in then you need to seek counseling help immediately to control the urgeshowever if your fetish is not something illegal and you just feel that it is something odd a therapist could still help you deal with these feelings  you may find that it is something very common and not something to be ashamed of  you may find other people have the same interest as you  find a therapist that you can trust and tell them  dont hold back with your therapist  trust me they have heard and seen it all by now and they can help you either stop the behavior that is causing you distress or help you come to terms with accepting the behavior as part of who you are  there is no need to suffer with this alone,1,1,943,0.7331559280026578,0.2668440719973422,F
515,782,my husband and i are separated and he doesnt even want to talk to me    he says he doesnt love me anymore but i would do anything to get him back is there any hope,relationshipdissolution,i believe theres always hope i also believe that you are worthy of respect and love im curious if you felt loved cherished and respected by your husband during your time together feeling willing to go to any extreme to save the marriage is common but having to do things that go against your values sets you up to develop a lot of resentment it sounds like you did not want to be separated from your husband but now that its happened you can make the choice to focus on yourself rediscovering or discovering for the first time what you really want out of life taking some time to grieve the loss of your marriage and practice selfcare can help in the immediate aftermath are there dreams that you put on a shelf during your marriage that you could reignite by considering the dreams and desires you had at the beginning of your marriage you might find some direction for what to do next,1,1,886,0.7327485085778724,0.2672514914221275,F
516,235,"she has trouble falling and staying asleep and shes always either extremely hungry or not hungry at all she also gets angry and feels like crying really easily for no reason she says she is always kind of down
   is this depression what can i do to help her",depression,do you feel heavy with despair struggling each day to keep your head just above the darkness and dread does it take every ounce of energy to stay afloat or are you feeling overwhelmed by feelings of helplessness and hopelessness if this sounds familiar we want you to know that you are not alone and therapy for depression could helpwhile it may seem difficult to find your way back to hope and happiness therapists have  been helping clients to personally do just that for years to experience the joy of warm sunshine on their face to reconnect with estranged loved ones and to reengage with a meaningful lifejust like other chronic illnesses depression is not your fault its nothing youve caused and also like many other illnesses effective treatments exist to help ease and eliminate the struggles you faceif youve said or thought these things a lot recently im too tired to tryi dont want to leave homei dont care anymorewhy am i always cryingi dont even know who i am any more or even i wish i wasnt here then there are proven steps and therapies that can help you get remarkable relief therapy for depression can bring you hope help and a way forward visit denvermhccom to read more,1,1,1188,0.7326963018621944,0.2673036981378057,F
517,1768,is it normal for people to cry during therapy or is it just me,counselingfundamentals,crying in therapy may or may not be different than crying outside of therapy crying is something described as a sign of weakness however depending on who you ask and your own beliefs crying is actually a sign of strength courage and vulnerability if you are crying or experience tearfulness while in therapy that proves that you were strong enough to share something that may have been difficult or that you waited to do this all week before seeing your therapist again maybe you have been so strong for others that you felt overwhelmed maybe you just needed to let it out because you havent in a while maybe in your therapy session you just experience that aha moment that represents a cry of joy crying is a catharsis that assist with selfsoothing and helps to relieve paincrying is normal continue to let it out and allow your therapist to be there to support you,1,1,866,0.7321544336989014,0.2678455663010985,F
518,771,"i know that i need to get past my feelings for this person i fell in love with but ts so difficult to move on because he showed me feelings ive never felt before    i feel like i dont want to be without my genuine love for him but logically i know i need to be without him i cant discuss this with anybody in my life because the conditions surrounding our love are considered wrong by a lot of people
   how can i get myself to just move on",relationshipdissolution,first sending your   you need to forgive yourself and try to start by working on self care and self love  i highly recommend speaking to me to see what is surrounding you at this time  there are many tools that can self help you to start the process to moving forward and break the  hold ons  but understanding first about how and why this happened  maybe there is some soul connection or a pattern in your energetic system that needs to be worked on  be grateful that you are okay and recognizing that you have learned a little bit more of you  also if you want you can check out this book to see if there is anything in there that may help,1,1,641,0.7316874506216235,0.2683125493783764,F
519,114,"i tried telling my husband i was depressed and he ignored me he said youre always sad or depressed and he picked up his phone and ignored me i said please dont exaggerate that isnt true and he said whatever babe you just want to be sad
   how can i get through to him so he will take me seriously",depression,ouch its really hard to deal with a spouse that isnt taking you seriously in this case i would plan for and schedule a time to talk with him about this i would tell him that you need about  minutes to talk to him with minimal interruptions about something that is important to you schedule a time write notes if you need reminders about what you need to express and tell him how you feel ideally you would focus more on istatements instead of telling him what he is doing wrong for example  i feel ignored vs you always ignore me by focusing on how you feel he is less likely to feel attacked and get defensive some people go to couples or marriage counseling for help with communication chances are there are things that both of you do that hurts your communication overall try to talk to him directly and try not to get defensive if he continues to say youre always sad  then stay calm say okay can you help me understand that more or thats interesting tell me what you see  reach out to a couples counselor for more help with communication strategies sometimes a rd party can help you both see things in a different perspective hope this helps,1,1,1146,0.7314373935569438,0.2685626064430562,F
520,1445,im in a relationship but i feel like im always putting more into it and not getting reciprocated my ex told me that i will never find anyone else and thats lingering in the back of my mind,relationships,the most crucial key to any relationship is that mutual feeling you hold between you both that you matter sounds like you are stuck in a cycle of hearing your ex say you dont matter thats why it didnt work with him btw he wasnt reflecting to you that you mattered however it ended clearly though thats the sentiment thats lingering with you so here you are hanging around a new man why is telling you the same message move on you arent unworthy you just havent found a man who is worthy of you to be worthy of you he must see your worth often though before anyone else can see your worth you have to believe it,1,1,610,0.730936804678197,0.2690631953218029,F
521,1921,im in a relationship but i feel like im always putting more into it and not getting reciprocated my ex told me that i will never find anyone else and thats lingering in the back of my mind,relationships,the most crucial key to any relationship is that mutual feeling you hold between you both that you matter  sounds like you are stuck in a cycle of hearing your ex say you dont matter thats why it didnt work with him btw he wasnt reflecting to you that you mattered however it ended clearly though thats the sentiment thats lingering with you  so here you are hanging around a new man why is telling you the same message move on you arent unworthy you just havent found a man who is worthy of you to be worthy of you he must see your worth often though before anyone else can see your worth you have to believe it,1,1,612,0.730936804678197,0.2690631953218029,F
522,55,"i have so many issues to address i have a history of sexual abuse im a breast cancer survivor and i am a lifetime insomniac    i have a long history of depression and im beginning to have anxiety i have low self esteem but ive been happily married for almost  years
   ive never had counseling about any of this do i have too many issues to address in counseling",depression,you absolutely do not have too many issues for counselling the fact that you are wanting to seek help is commendable and you should feel proud of yourself for reaching out for support i know from my experience working with clients that some may say they have only one issue but when we explore it turns out they have many things that they want to discuss that are of equal importance i believe that you deserve to feel happy at ease and also get restful sleep amongst other things please do not feel hesitant because the fact that you know what you want to discuss and work on is amazing you know the directions you want to go and the therapist just needs to help you get there i suggest sitting down and making a list of what you want to discuss as well as what you feel is more important to address first perhaps the therapist can help you with that as well,1,1,859,0.7305370375858671,0.269462962414133,F
523,963,when i got home my boyfriend and i got into an argument he got upset and he started hitting his face that is the first time he has ever done that but i would be lying if i said that didnt scare me i locked myself in the room,angermanagement,seeing your boyfriend hitting his face sounds very scary sometimes when people are experiencing strong emotions the emotional pain becomes so overwhelming that they try to relieve the emotional pain by causing themselves physical pain it is a dysfunctional way of calming themselves down i dont know your boyfriend or your boyfriends history so i cant know for sure if that was what was happening but i am certainly glad that he does not do that on a regular basis when you are both feeling calm and if you feel comfortable talk to him about what happened it is difficult to be in a relationship when you are scared and dont understand why the other person engaged in a frightening behavior if you feel safe enough and do not worry about his reaction i would talk to him about your feelings regarding what happened if you dont feel safe enough and are worried about his reaction or that he might hurt you talk to someone who knows you or a therapist who you could feel comfortable confiding in so that they could guide you on how to move forward,1,1,1045,0.7302496327503587,0.2697503672496412,F
524,1362,"my boyfriend and i have been dating for almost  years ive been really sad lately and for the past few months ive realized im just way too dependent on him it makes me really upset to be so dependent on someone else but i cant help it i dont even know who i am without him
   how can i be less dependent on my him",relationships,create what i call the intimacy incubator where you begin to selfgenerate the love acceptance validation sense of belonging you feel you get from him  start to lessen the dependency more and more over time until you feel you are not as dependent upon himwhat exactly does he do for you that helps your sadness find ways to give that to yourself or find other activities that lift your spirit that do not include your being so dependent on him  also consider if you were in his shoes and you had been bestowed the responsibilities of being someones soul key to joy and how consuming that could be if someone you knew were in your shoes what would you advisethis video could be of benefit    steps to heal,1,1,703,0.7300740224923594,0.2699259775076406,F
525,480,im  and im sick and tired of going back and forth id like to stay at my mothers house this problem has really affected me ive had anxiety attacks and suicidal thoughts and selfharm in the past    currently im going through anxiety and my thearapist is not available how do i handle this,anxiety,thats a really tough situation and it can feel like you have no control as a teen  have you checked your states laws  in some states you can choose which parent you live with as long as you are above a certain age  how comfortable do you feel about talking to your mom about staying there  maybe theres a way she can help advocate for you or support you in the ways you needtry to remember that although it may feel like this is your life forever you only have less than a year until you can make those kinds of decisions for yourself  when your therapist becomes available again it may help to come up with a plan to make it through the time you do have left  that can include things that help calm you things that help you survive your dads house if you have to go friends you may be comfortable confiding in etc if you are feeling like you need more emotional support you can text hope to  the hopelinethey are a great resource that doesnt require too much privacy if you are around other people,1,1,998,0.7300273649106961,0.2699726350893039,F
526,1528,im a teenage girl i dont know if im straight bisexual or gay ive been straight all my life but a sudden rush of questions have come over me and i dont know anymore,lgbtq,hi brentwood while our society tends to want to put us into categoriesslotswhen it comes to sexuality because this is nice and neat and convenientmany people find that they dont fit perfectly into one or the other all you have to do is exactly what youre doing be aware of yourself and allow yourself to explore these thoughts and emotions both alone and in connection with a safe partner the people who love you will continue to love you as you sort through this you can resist the temptation to please others by giving yourself a label we are attracted to and fall in love with peopleand we cant always predict what gender they might be i love how open you are to discovering yourself keep on that track ,1,1,706,0.7298857250804152,0.2701142749195849,F
527,457,ive been like this ever since i was in school back then i transferred to another school now im thinking about changing my job,anxiety,theres a quote i love that says wherever you go there you are and the book by the same name by jon kabatzinn may be very helpful for you the thing about changing things up when they get tough is that they often arent the things that need changing the awesome and challenging thing about it is that when you work on the internal aspects that may need attention you can learn to find a sense of centeredness that comes with practicing mindfulness and asking yourself who you really are and want to be through this deeper work you can actually be in the midst of chaos and still feel that calm and peace within yourself if you look for support in this journey from a counselor or therapist id recommend looking for someone offering acceptance and commitment therapy act or mindfulnessbased cognitive behavioral therapy mcbt also helpful may be the online program of mindfulness based stress reduction msbr found here there are inperson programs across the country but this online selfguided version is free and a great resource,1,1,1024,0.7298782465651941,0.2701217534348059,F
528,1703,"how do you know you have the right therapist for you
 how would i know how to train my therapist to be able to give me what i need from treatment",counselingfundamentals,having a good rapport with your therapist is of vital importance your therapist should create a space where you feel safe comfortable and judgement free if you are able to build that strong level of comfort with your therapist you will feel safe to ask for what you need it is also important to feel empowered to try a new  therapist if you are not feeling connected as a therapist we understand that people have different needs that we may not be able to effectively address for whatever reason but above all make sure you get what you need for you you first,1,1,559,0.7291174632217036,0.2708825367782964,F
529,175,"im in my late teens and live with my dad the only time i go out is for my college classes sometimes when i see my friends i want to talk with them but sometimes i wont want to talk to them for days or even weeks    sometimes i feel im not worth knowing or im never going to do anything right
   are they right am i depressed",depression,hi depression can look different for everybody it sounds to me like what your family is trying to tell you that they are worried about you and think this behavior might be a result of depression if what you are experiencing seems fine and normal to you it may be nothing to worry about it is very common to have thoughts of doubt about yourself and your abilities and it may help to open up about those thoughts to people you trust developing relationships with friends and families can be a very rewarding experience but it can take a brave person to reach out,1,1,561,0.7290932758824229,0.270906724117577,F
530,1365,ive been with a man for four years for the last year he has said he is done but he still talks texts visits and has not moved on with anyone else his words do not match his actions i love this man but its hurting so much,relationships,if i understand you correctly this maybeboyfriend has done a partial break up and wants to maintain a partial relationship  is that ok with you  and if it is what does it cost you  he says hes done but still wants the connection  that seems to leave him free to explore other options but it doesnt allow you to do the same  break ups are painful and i know youd like to avoid that  i get it that you feel attached to him  you have been in a relationship with him for  years so that makes sense  however loving him appears to be costing you a lot without much in return if you wait for him to define what he wants you could be on hold for a long timeplease dont wait another year to advocate for yourself  see a therapist who can help you figure out what you need out of relationships and why you have allowed yourself to be on pause   it is possible that once you get clear you will be able to have a true relationship with him  if not please dont settle for this  take good care of yourself,1,1,991,0.7288124727045653,0.2711875272954347,F
531,274,over the years i have slowly lost everything my jobs my cars my freedom and my money i am a stayathome mom who doesnt make any money doesnt have a car never goes out and cleans all day long everyday,depression,there are an infinite number of possibilities here you included a lot of things that you dont have is there anyway that you can have some freedom for a few hours a week at least a lot of times stay at home moms have groups when they meet at different public places where their children can play together and they can talk together i dont know how old your child or children isare but perhaps going back to work is something that can happen in the futurei wonder if you may consider who you have in your life who can support you i dont know whether you have a spouse or parents or siblings who could help out with some different things i wonder if you could consider where you would like to go if you had two or three hours that you could do whatever you wanted if you can sort out some possible answers to that maybe you can work together with friends or family to make it happenalso again depending on the age of your children some parents can do things while the children are sleeping even if you are in the same room for example if your children are sleeping for about two hours maybe  minutes of that could be reserved for you and the rest could be for cleaning or other things you need to do,1,1,1196,0.7284098126910512,0.2715901873089488,F
532,1283,my stepdad and i always mess around ive noticed that whenever he playfully hits me its always my butt that he hits he always comments on my outfits and always scans me head to toe when i walk into a room im a teenager female and i want to know if this is normal,familyconflict,its hard to tell from the way you described it do you think he would be open to an honest discussion it could be that his comments about your outfit are designed to make you feel good or to help them show how much he cares about you as his stepdaughter as far as scanning you from head to toe i can think of reasons that parents might do that i also think that talking about it is probably very important so you really know what his intentions are that way it removes the guesswork and you have the opportunity to know what he is thinking and feeling and he can also know what your reactions are,1,1,595,0.7282213136829366,0.2717786863170633,F
533,1712,"how do you know you have the right therapist for you
 how would i know how to train my therapist to be able to give me what i need from treatment",counselingfundamentals,i think there are two major things that are necessary for a therapist to be helpful  the first is that you must feel comfortable with them  if you feel like the counselor was interested in your life and was caring during the first session thats a good sign  if not then run  trust your gut on this one  the second important thing is that you have to trust your counselor  your counselor can be kind but if they just sit there and nod without providing you anything its probably isnt a good fit  just like when you go to a medical doctor youre putting your care in their hands so you need to feel like there is expertiseif you not getting those things i would encourage you to voice your needs though i know that can be hard  if you counselor listens to that feedback its generally a good sign and if they dont it may be a sign that this isnt a good fit  the important thing is that you have to find a good fit  just like any other relationship not everyone is going to be a perfect match together,1,1,996,0.7275242923420948,0.2724757076579052,F
534,1504,after  years of being straight how could i now find myself interested in people of the same sex i have had a few same sex encounters of my own doing,lgbtq,it sounds like this revelation has rocked your sense of yourself which is understandable there are no rules about who we are attracted to who we may choose to be intimate with and who we may choose to love although this is changing thankfully our culture has provided limited openly acceptable options for all of these asking us to generally fit into a heteronormative model from my perspective supporting a variety of kinds of couples it doesnt mater whether you had other inclinations that have been suppressed or if you are discovering something new about yourself i support you and all my clients in accepting yourself as you are in this moment it can be okay if that is scary or uncomfortable it makes sense if its new its also okay to find support with trusted friends lgbtq friendly organizations or a therapist i wish you all the best on whatever comes next for you,1,1,873,0.7275237582852794,0.2724762417147206,F
535,1158,"ive been with my husband for eight years now we have split twice before and the first time was because he cheated i took him back months later and he really tried making it up to me by making a lot of changes however we continued to have issues because of my lack of trust my insecurities and trust issues lead to physical abuse which lead to us separating again during that separation he consoled himself by talking to the same girl he cheated on me with but we then ended up back together and worked it out for a while until i got pregnant with our second child
   the baby was a few months old and he confessed to me about his secret relationship with her he told me how he could never stop talking to her and how during our issues she has been and is the only women hes gone behind my back with but on a friendship level because shes miles away he confessed how he fought feelings for her and feels like hes possibly in love with her too he said he feels like hes in love with the both of us now because this women has fallen for him and she hasnt been able to leave him alone since even though she knows that hes still with me and happy with our family she cant help it and he confessed how his feeling for her are mutual being that he loves me too he wanted to be with the both of us at the same time he wanted to have affairs with her behind my back by flying her out and staying at a hotels but he didnt want me to find out so he told me everything he said he didnt want to continue to lie to me and so i can finally stop accusing him of being with other women when its only been this one girl the whole time he feels like my insecurities and trust issues are what pushed him closer towards her and that no matter what he did to do right i would still accuse him hes caught up in his feelings and pretty much says that he wants her but doesnt want me to leave him because im the one he wants to be with for the rest of his life
   im of course hurt and in shock i feel like i have to make a decision on whether i want to allow it and deal with having to share him or walk away both of these decisions are really hard to make because i feel like whether i stay or go my heart will still be torn apart i have to make a decision quick because she will be flying out sooner than i thought",intimacy,hi jayuya im struggling in this moment with my own biases i have biases that are about respect and every individuals need for and right to respect your husband lies cheats and physically hurts you he makes excuses and blames you for these behaviours and trains you to do the same he demonstrates many controlling and abusive behaviours and now in an attempt to manipulate and silence you he wants to have his cake and eat it too and suggests you should share him there arent many crumbs of this cake left for you are thereso my biases about respect dont make me want to rescue you or tell you what to do i cant do that and i dont think either of those things will help you id like to ask you some questions thoughare you happy do you know what happy is do you know what respect is are your children safe are your children witnessing violence because if they are then theyre not safe do you have supports do your family and friends know whats happening in your life have you ever been to a womens shelter are you willing to sit down in an office with a professional who can help you think clearly thats what i suggest these are big decisions you deserve some support i wish you the best,1,1,1185,0.7274066135755364,0.2725933864244636,F
536,2069,"ive been with my husband for eight years now we have split twice before and the first time was because he cheated i took him back months later and he really tried making it up to me by making a lot of changes however we continued to have issues because of my lack of trust my insecurities and trust issues lead to physical abuse which lead to us separating again during that separation he consoled himself by talking to the same girl he cheated on me with but we then ended up back together and worked it out for a while until i got pregnant with our second child

the baby was a few months old and he confessed to me about his secret relationship with her he told me how he could never stop talking to her and how during our issues she has been and is the only women hes gone behind my back with but on a friendship level because shes miles away he confessed how he fought feelings for her and feels like hes possibly in love with her too he said he feels like hes in love with the both of us now because this women has fallen for him and she hasnt been able to leave him alone since even though she knows that hes still with me and happy with our family she cant help it and he confessed how his feeling for her are mutual being that he loves me too he wanted to be with the both of us at the same time he wanted to have affairs with her behind my back by flying her out and staying at a hotels but he didnt want me to find out so he told me everything he said he didnt want to continue to lie to me and so i can finally stop accusing him of being with other women when its only been this one girl the whole time he feels like my insecurities and trust issues are what pushed him closer towards her and that no matter what he did to do right i would still accuse him hes caught up in his feelings and pretty much says that he wants her but doesnt want me to leave him because im the one he wants to be with for the rest of his life

im of course hurt and in shock i feel like i have to make a decision on whether i want to allow it and deal with having to share him or walk away both of these decisions are really hard to make because i feel like whether i stay or go my heart will still be torn apart i have to make a decision quick because she will be flying out sooner than i thought",marriageintimacy,hi jayuya im struggling in this moment with my own biases i have biases that are about respect and every individuals need for and right to respect your husband lies cheats and physically hurts you he makes excuses and blames you for these behaviours and trains you to do the same he demonstrates many controlling and abusive behaviours and now in an attempt to manipulate and silence you he wants to have his cake and eat it too and suggests you should share him there arent many crumbs of this cake left for you are thereso my biases about respect dont make me want to rescue you or tell you what to do i cant do that and i dont think either of those things will help you id like to ask you some questions thoughare you happy do you know what happy is do you know what respect is are your children safe are your children witnessing violence because if they are then theyre not safe do you have supports do your family and friends know whats happening in your life have you ever been to a womens shelter are you willing to sit down in an office with a professional who can help you think clearly thats what i suggest these are big decisions you deserve some support i wish you the best,1,1,1185,0.7274066135755364,0.2725933864244636,F
537,990,every time i speak he says i anger him also when hes mad at something like work he gets angry at me i feel like were so distant from each other now we used to laugh all the time and i feel like he lets too much negativity in what should i do weve been married for two years but together for seven,angermanagement,hi newark it sounds to me like your husband is going through something and i think you understand that you might feel very helpless sad and disrespected at the same time hes changed its unfair for him to blame you for his emotions his mood issues are about him not you and hes either not recognising that or not taking responsibility for it are you respecting yourself here by drawing appropriate boundaries you can let him know when you feel disrespected and whats not okay with youhe may be experiencing depression which often shows up as irritability in men it could be that hes not telling you something or hes unaware of his emotional processes you can try a im really worried about you you dont seem happy and i dont know how to help you some things are happening that arent okay with me will you see a therapist approach perhaps you could go with him the first time  its about a combination of compassion selfrespect and seeking professional help i believe i wish you well,1,1,979,0.7270921992448812,0.2729078007551188,F
538,1750,is it normal for people to cry during therapy or is it just me,counselingfundamentals,yes it is absolutely normal  a good therapist can help your feel safe enough to really identify painful wounds  there are some things that need to be cried about before they can heal  therapists are fine with tears and buy tissues by the case  that said if you dont cry during therapy it doesnt mean you are doing it wrong  as long as you feel safe and have a sense that your therapist gets you and you feel progress during your course of treatment you are doing therapy right,1,1,476,0.7269713097973023,0.2730286902026976,F
539,59,"i have so many issues to address i have a history of sexual abuse im a breast cancer survivor and i am a lifetime insomniac    i have a long history of depression and im beginning to have anxiety i have low self esteem but ive been happily married for almost  years
   ive never had counseling about any of this do i have too many issues to address in counseling",depression,the short answer is absolutely not the longer answer is that it might take some time to process all of the issues and it may feel quite muddy in the issues for a lot longer than is tolerable which is why counseling may have been postponed to begin with for you its important to be realistic when entering counseling of any sort and that the therapist be realistic with you about what you might be able to expect working with that person i use the words might be able to expect because therapy experiences can vary but that not having counseling about trauma that you have experienced much earlier in your life can play a significant role in the process and how long that process could take to unpack all that may have been buried over timeit might also be helpful in counseling to work with the therapist on figuring out where to begin but to also manage the feelings of being overwhelmed that may make it hard to continue to show up and do the work required week in and week out it isnt easy work trying to process past pain that you experienced and so consistent practice of selfcare including leaning on support systems outside of therapy is key,1,1,1148,0.7269280018954141,0.273071998104586,F
540,261,i feel like i am internally screaming all the time externally i am calm but i have this intense unidentifiable emotion constantly i dont feel sad i dont cry a lot i feel rather emotionally distant other than the internal screaming it kind of feels like im a caged animal,depression,it sounds like you are trying to find a label to help you to understand why you are feeling the way you are feeling  sometimes there are no labels for how we feel  sometimes there is no name for the emotions that we are experiencing regardless you do not have to continue to feel this way no matter what you call it  if you are seeking to experience an internal calmness such as your external calmness you may want to try some mindfulness practices or meditation  however being able to get at the root cause of what you are feeling may be what you need to help you release this feeling for the long term  i recommend seeking support for this to allow this internal screaming to get some air and begin to breathe,1,1,711,0.7269152561253905,0.2730847438746094,F
541,1004,my spouse visited the red light district a couple of years back in amsterdam after he got back from the trip he got me tested for stds in the aftermath he has provided multiple versions of what happened from having a total blackout to being touched by a prostitute how do i know if he had sex,intimacy,i am so sorry you are going through this the harsh reality is that you cant possibly know being in a healthy relationship means that you have to trust that what your spouse tells you is true if he tells you he was not with a prostitute and you dont believe him than that means there is lack of trust in your relationship if you are experiencing mistrust in your relationship and are worried about infidelity or stds that is very serious and it sounds like you both could benefit from being in marital counseling together trust is so important in any relationship and if the trust isnt there its important to build that trust so you can have a happy and healthy home together if your spouse is unwilling to go for marital counseling with you then go for individual counseling there have been plenty of success stories when even just one of the spouses goes for therapy,1,1,867,0.7268000466582782,0.2731999533417217,F
542,40,"i have so many issues to address i have a history of sexual abuse im a breast cancer survivor and i am a lifetime insomniac    i have a long history of depression and im beginning to have anxiety i have low self esteem but ive been happily married for almost  years
   ive never had counseling about any of this do i have too many issues to address in counseling",depression,it sounds like you fear that you may burden your counselor or you will be too much for them to handle  that fear is very normal and that doesnt mean it is true  it speaks to the fact that you are very human with a multitude of experiences that maybe dont fit into one neat and tidy category however it may be worth your time to explore if there is a theme that ties your experiences together eg fear of death fear of loss etc  when i first see clients i want to know how they perceive seeing a counselor and the things they fear about the process  it sounds like you may benefit from voicing and processing through these concerns with a counselor you feel is a good fit for you and your needs  its also important to note that you are already a great candidate based on your question you seem to have interest in seeking help enough motivation to ask questions about counseling and courage to put some tough stuff out there despite anonymity  those are all reasons you are already a wonderful fit for counseling,1,1,1010,0.7267147895940542,0.2732852104059457,F
543,724,something happened this summer that i cannot forgive myself for when i think about what happened i feel ashamed and guilty even though my loved ones forgave me,selfesteem,realize that you are human not perfect and will make the wrong decisions at times   that is ok we all have  however the best way is to say ok i did it learned from it will not do that again  ever  you can get pass it grow from it  unfortunately we forgive others faster than we do ourselves because we hold ourselves to higher standards or expected better behavior from ourselves  it can be embarrassing hurtful almost unforgiving at times  but how do you forgive yourself take a deep breathe and then acknowledge that you did something wrong acknowledge it and say to self  i forgive me  just like you would say to someone else   this starts the process of forgiving also ask yourself these questions   what lesson did i learn  what would i have done differently  what will be a trigger that will make me do that again if i happened to be weak or tempted  avoid or prepare for those triggers  forgiving yourself will set you free from the prison you have put yourself in  you would start back living,1,1,1000,0.7265949066509856,0.2734050933490144,F
544,1730,"how do you know you have the right therapist for you
 how would i know how to train my therapist to be able to give me what i need from treatment",counselingfundamentals,i think its crucial that a person finds the right therapist questions questions questions first i would ask them if they have experience and training in whatever the primary issues are that you are wanting to work on you want to make sure the therapist has the skills and experience to help you its okay to ask have you worked with these issues before and can you tell me what methods you use to treat these issues and are the methods you use evidencedbased then i would ask what expectations the therapist is going to have of you the client do they expect you to do homework come with something to talk about each session or keep a journal see if their expectations align with what you are looking for and lastly i would schedule a session and try out the therapist  see if you feel comfortable and safe  as for training your therapist i would suggest you be the leader of your therapy ask for what you want be direct and do hesitate to tell your therapist if you feel you are not getting what you need they cant read your mind and would likely find that information very valuable they want you to feel better and to make progress and if they are going down the wrong path you should let them know,1,1,1198,0.7260094155484459,0.2739905844515541,F
545,1718,"how do you know you have the right therapist for you
 how would i know how to train my therapist to be able to give me what i need from treatment",counselingfundamentals,i think the most important to be the right therapist to you is being able to make the click it means to combine my years of education and training with my personal experiences and how those could help you to figure it out your exploration about yourself help you process them in the way that you may be able to learn how to deal with lifes difficulties on the other side that would be important in your process is that you can trust in me as one who has been learning for my own process of life also i have been in your place as a counselee and i know how important is to get help i was once divorced and i understand the pain of loss i was a victim of domestic violence and i am a survivor i am multicultural i am multiracial married i am a mother of adult children i understand the development process from the cradle to the marriage and have watched them grow in their careers i have values and principles rooted in the knowledge of divine wisdom and that life has much more meaning when we live a mindfulness life,1,1,1017,0.7259701661894897,0.2740298338105103,F
546,1653,"i keep having these random thoughts that i dont want things like you arent worth anything i know theyre my own thoughts but it feels like someone else is saying it
   what is wrong with me and how can i stop having these thoughts",diagnosis,you are valid   it is very unnerving when thoughts control your life  one way to combat them is to figure out whose voice the words are said in oftentimes people say things to us and it stays with us and it is not often true  we let others opinions penetrate our brains and live rentfree in our heads  you could try to rewrite the thoughts the negative thoughts rewrite them in a positive way   for example you are not worth anything you could rewrite that in a way that shows all the ways you are worthy  write all your accomplishments and things you have overcome and proof that you are in fact worthy because you are  you can  interrupt the thought focus redirect elsewhere if you are replaying a specific moment you could go back into that moment and retell the moment rewrite the moment so that it is what you would rather it have been your mind does not know anything other than what we feed it feed and integrate more positive thoughts and actions into your routine to possibly see a positive change a change for the better this video could be beneficial for you  negotiating with inner critic,1,1,1100,0.7258525958220774,0.2741474041779226,F
547,366,i dont remember when the voices in my head started but i remember hearing them when i was little    i know its not normal to hear voices that arent your own i fight the voices and i want them to stop theyve been here so long and i want them gone how can i make the voices stop,anxiety,you are valid   it is very unnerving when thoughts control your life  one way to combat them is to figure out whose voice the words are said in oftentimes people say things to us and it stays with us and it is not often true  we let others opinions penetrate our brains and live rentfree in our heads  you could try to rewrite the thoughts the negative thoughts rewrite them in a positive way   for example you are not worth anything you could rewrite that in a way that shows all the ways you are worthy  write all your accomplishments and things you have overcome and proof that you are in fact worthy because you are  you can  interrupt the thought focus redirect elsewhere if you are replaying a specific moment you could go back into that moment and retell the moment rewrite the moment so that it is what you would rather it have been your mind does not know anything other than what we feed it feed and integrate more positive thoughts and actions into your routine to possibly see a positive change a change for the better this video could be beneficial for you  negotiating with inner critic,1,1,1100,0.7258525958220774,0.2741474041779226,F
548,1531,often times i find myself thinking scary thoughts and sometimes i even scare myself into thinking that something bad is going to happen to me once it starts the thought continues going through my head and i cant get it out how can i stop these thoughts,behavioralchange,"you are
valid   it is very unnerving when thoughts control your life 
one way to combat them is to figure out whose voice the words are said in
oftentimes people say things to us and it stays with us and it is not often
true  we let others opinions penetrate our brains and live rentfree in
our heads  you could try to rewrite the thoughts the negative thoughts
rewrite them in a positive way   for example you are not worth
anything you could rewrite that in a way that shows all the ways you are
worthy  write all your accomplishments and things you have overcome and
proof that you are in fact worthy because you are  you can 
interrupt the thought focus redirect elsewhere if you are replaying a
specific moment you could go back into that moment and retell the moment
rewrite the moment so that it is what you would rather it have been your mind
does not know anything other than what we feed it feed and integrate more
positive thoughts and actions into your routine to possibly see a positive
change a change for the better this video could be beneficial for you  negotiating with inner critic",1,1,1100,0.7258525958220774,0.2741474041779226,F
549,376,im dealing with imposter syndrome in graduate school i know that by all accounts i am a phenomenal graduate student and that i am wellpublished i am well liked by students and faculty alike and yet i cannot shake the feeling that im going to be found out as a fraud    how can i get over this feeling,anxiety,it would be very helpful to identify with you eventual pattern where the imposter syndrome is more or less present are there specific situations where youve noticed the feelings of im going to be found out as a fraud becoming more strong it seems that shaking this feeling is very important to you in my opinion before shaking that feeling we need to get closer to it and understand its roots if you would like to get closer to the feeling you might consider asking yourself questions such what is the trigger for this feeling how does it feel in the body what is the thought process i engage with after noticing this feeling all the best rossana mag,1,1,650,0.7258397629687008,0.2741602370312991,F
550,2689,"im dealing with imposter syndrome in graduate school  i know that by all accounts i am a phenomenal graduate student and that i am wellpublished  i am well liked by students and faculty alike  and yet i cannot shake the feeling that im going to be found out as a fraud 

how can i get over this feeling",stressworkplace relationshipsanxiety,it would be very helpful to identify with you eventual pattern where the imposter syndrome is more or less present are there specific situations where youve noticed the feelings of im going to be found out as a fraud becoming more strong it seems that shaking this feeling is very important to you in my opinion before shaking that feeling we need to get closer to it and understand its roots if you would like to get closer to the feeling you might consider asking yourself questions such what is the trigger for this feeling how does it feel in the body what is the thought process i engage with after noticing this feeling all the best rossana mag,1,1,650,0.7258397629687008,0.2741602370312991,F
551,16,"i have so many issues to address i have a history of sexual abuse im a breast cancer survivor and i am a lifetime insomniac    i have a long history of depression and im beginning to have anxiety i have low self esteem but ive been happily married for almost  years
   ive never had counseling about any of this do i have too many issues to address in counseling",depression,you have been through so much  sounds like you are very resilient and how brave of you to consider exploring counseling for the first time based on what you shared i would encourage you to seek out a therapist who specializes in trauma which can often show up as depressive and anxiety symptoms and sleep disturbance later on in life you do not have too many issues to explore often times people come to counseling with multiple things they want to focus on a good therapist will take the time to help you sift through the topics youd like to address see how they might be connected and help you work through them best of luck in your journey to greater mental wellness,1,1,669,0.7255483678407366,0.2744516321592634,F
552,1439,my boyfriend is in ireland for  days and i am an emotional wreck,relationships,it sounds like you and your boyfriend are very close  do you typically spend most of your time together  if so it may be important to reflect on how you feel when you are apart  if any separation is difficult you may need to examine why  think about what it is that you miss and what you are anxious upset or worried about  if you examine the causes of your distress you likely will experience some relief   it is important to learn how to be happy when you are alone it will only improve the way you feel when you are with your boyfriend,1,1,538,0.7253959174538999,0.2746040825461001,F
553,1182,my grandma and brother both passed away  years ago and sometimes at night i just cant stop crying while thinking about the good memories we had but wont have ever again i cant sleep at night when the memories and tears come ill be fine all day then at nightboom its like waterfalls from my eyes why cant i stop crying,griefandloss,its good to know you are reminiscing about good memories  the sadness and crying is normal when you are missing a loved one  you are noticing that grief changes it doesnt just stop  you have recognized that there will be moments in life that you will want to have shared with your brother and grandma and it just seems unfair that you cannot  i often find that when someone is stuck in the place you are it is a result of unfinished business and in your case it appears unfinished futures  a professional versed in grieving and its intricacies can guide you to navigate through this and lessen the intensity that you experience  as life goes on there will be many moments that you will have wished they were present but those moments do not have to bring you such intense emotion  seek some help you wont regret it,1,1,814,0.725290677543359,0.274709322456641,F
554,1522,im a guy if i dont like girls nor do i like guys does that mean im gay,lgbtq,it doesnt sound like you are finding yourself attracted to anyone  it could mean that you just havent connected with anyone you find attractive or that you are asexual  essentially not oriented toward anyone  i would suggest doing some reading on asexuality and see if it connects to how you feel,1,1,296,0.7250515610140083,0.2749484389859917,F
555,1413,i have suffered many things at home and school we never went to the doctor to diagnose depression or anything like that but i always feel like a part of my heart is missing i try to fill it in with objects or in this case a woman,relationships,there are a lot of ways to look at this it sounds as if there is a part of you that is looking for support i wonder what it is that you feel when youre not in a relationshipbecause of the way you asked the question im getting the impression that you are referring to romantic relationships i wonder if you have close friendships that could form a network to help with this when you are not romantically involved with someone even when you are in a relationship with a romantic partner having friends is still an important elementi wonder if you could also notice what changes for you inside of yourself as far as emotions when you move from not being in a relationship to being in oneperhaps you could take a look at what you value about yourselfin general it is natural for people to want to be in relationships with others in this case relationship has many meanings and degrees most of us enjoy sharing elements of our days thoughts feelings etc with someone else who we trust and care about  also hoping they care about us in return,1,1,1036,0.725013121281159,0.274986878718841,F
556,1508,after  years of being straight how could i now find myself interested in people of the same sex i have had a few same sex encounters of my own doing,lgbtq,during these encounters did you feel safe accepted where you able to experience something new in your life it is natural to feel attraction to all people as young children we love everyone it was as we got older that the social constructs had us make a choice it could have been that you were always attracted to the same sex but now are allowing yourself to feel and explore but also know that life is interesting as we grow and mature we find that we like things we never liked before things we said we would never do now seem appealing what is the story you are telling yourself about having these interests try to not overthink your attractions see where they take you you are on a journey to discover yourself,1,1,714,0.7249824071236317,0.2750175928763682,F
557,1737,"how do you know you have the right therapist for you
 how would i know how to train my therapist to be able to give me what i need from treatment",counselingfundamentals,choosing the right therapist can sometimes feel a bit overwhelming i know many people come to therapy with hesitations and potential fears but a therapist should be there to help you along the way and support you as you build a trusting and collaborative relationship you wont have to train your therapist to give you what you need through open dialogue and feedback you and your therapist together can determine what works best for you but do remember that being able to trust your therapist to guide and support you is key so if youre having a hard time connecting with your therapist after  sessions you will want to bring it up to them so you can discuss any barriers and if needed request a referral for another therapist,1,1,726,0.7248496036373779,0.275150396362622,F
558,113,"i tried telling my husband i was depressed and he ignored me he said youre always sad or depressed and he picked up his phone and ignored me i said please dont exaggerate that isnt true and he said whatever babe you just want to be sad
   how can i get through to him so he will take me seriously",depression,thats so tough that you are feeling unheard and unsupported in your marriage  depression is already a grueling experience and doing it alone can feel miserableits hard to know what will get through to him because i dont know a lot about your dynamic  has there been a time in the past he has listened to you  does he tend to feel responsible for your emotions whether or not that pressure comes from you  men by nature tend to be fixers more so than women  he may feel as if you are asking him to fix you when in reality you just want his support  could defining what you are looking for helpit sounds like what you really want is to be validated by him  sometimes clearly defining your needs can send a message that you arent out to prove how you feelyou just want your emotions heard that doesnt mean he will respond the way you want but voicing your needs is so important in any relationshipthe other option here is of course marriage therapy  men do tend to shy away from this option but it could help with the communication pieceno matter his responses keep taking care of you  you are obviously dedicated to getting your needs met which is a wonderful way to try to help yourself,1,1,1185,0.7248452326717109,0.2751547673282891,F
559,1568,sometimes when i look at my pet cat i think about how innocent he is and how somebody could hurt or kill him it makes me sad because i love him but i always think about how helpless he is thereve even been splitseconds where i felt almost tempted to kick him followed by shame and guilt,behavioralchange,a lot of different things could be happening here do you feel angry or sad or anxious when you think about how helpless he is if you have not actually kicked him then i would encourage you to look at feelings other than guilt since you did not hurt him what else is thereit would probably be very helpful to talk with a therapist about the specifics of this so that you can see what else is happening for you it could be that you feel safe with your cat so strong emotions come up because you feel safe,1,1,502,0.724799864032313,0.2752001359676869,F
560,855,i was born a girl but i want to be a boy because of my religion i cant tell my family i know they wont accept me what do i do,spirituality,i encourage you to reach out to a counselor and get support they can help you navigate your own feelings and talk to you about how you can talk to your family there are resources for you and for them and i see that some of the other counselors here have shared those resources with you we dont know for sure how your family will react if and when you talk to them however it is important to consider how not telling them is limiting your life and the expression of your preferred gender my concern is for you and how this might be having an impact on you working with a therapist might give you some insights into how you might tell your family it might create an opportunity for you to also tell them with the assistance of a professional ultimately you know what is best for you and telling them is your decision and i encourage you to weigh out all the options with a therapist i wish you the best of luck,1,1,908,0.7247808930245969,0.2752191069754031,F
561,729,ive been with the mother of my child for years,selfesteem,i would think that you hold little self worth and feel that you are not worthy of better  i would suggest that you get to know yourself   what do you need in a relationship  what is holding you to this relationship other than your child  what have gone on in the relationship that makes you think or feel you deserve such disrespect  just a few questions to ask yourself,1,1,370,0.7246918394016783,0.2753081605983217,F
562,1529,ive recently thought that i could be transgender but ive never had the mind of a girl,lgbtq,hello frostproofthinking about becoming transgender and being transgender are slightly different  this is a topic that is best discussed with a therapist that specializes in lgbtq issues  from what you have written it sounds as if you still have some confusion as to where you fit in with the labeling system  while labels provide a means to quickly identify and classify they can also feel restrictive or confining  instead of focusing on fitting into a specific classification explore who you are as a person and celebrate your positive qualities and those things that make you uniquely you  there are many options for you to find a therapist and etherapy is also an option  you can try breakthrough an online service   here is some reading for refection that you may find helpful  yin yang woman man httpdldbzejvk  what does it mean to be a woman or a man,1,1,858,0.7239665420929456,0.2760334579070543,F
563,1284,any time my family and friends are in an altercation im the one who steps in im the one they call to fight for them i do this even though i have a tough time trusting the people im fighting for im only in my early s,familyconflict,you could be protective because of things that happened in your past or in the past of the people that you are protecting a lot of us have natural instincts that we do not want other people to be in pain for other people conflict is just hard to watch andor listen toas for having a tough time trusting them that could also relate to past events between you and these other people or it could relate to the conflict that you mentioned it can be difficult to trust someone deeply when you dont know when the next big fight or argument is going to startthe next time you step in for someone consider asking yourself what is making you do that what are you feeling in the moment,1,1,675,0.7239274042508981,0.276072595749102,F
564,1318,my husband doesnt trust me for some past we had i know all marriages have their ups and downs but sometimes i feel i am getting tired of the same thing over and over that i am messing around which i am not,marriage,it is incredibly frustrating to not be trusted when you know you are doing nothing wrong if the lack of trust on your husbands end has to do with something you did in the past then be patient and give it time once trust is broken it takes time and effort to gain it back try seeing the situation from your husbands perspective as often times looking at situations from different angles gives us new understanding and insight remember that you cant change how he feels but you can help him to regain the trust by asking him what he needs and responding to his needs as best you can seeing a couples counselor is never a bad idea and it would also be beneficial for you and oryour husband to seek out individual therapy there may be other unknown factors that you are unaware of that are contributing to the trust issues and inability to resolve them hope everything works out for you,1,1,882,0.7237275085865158,0.2762724914134842,F
565,421,i often get the feeling that im being watched like video cameras are hidden wherever i am even at home i feel like people can see all that i do and are reading my thoughts things i read or hear on the radio seem to be about or meant for me and people are talking about me when they whisper,anxiety,it sounds like you are feeling pretty overwhelmed with worry about being continuously monitored with no privacy even in your own mind and as if people are constantly saying things about you in whispers on in the media its hard to say from a post online what is at the root of this experience but you may be able to get insight into that as well as develop ways of coping with the distress of feeling this way with the help of a good therapist there is no pill or technique that can guarantee that this experience will go away though it might however there are things that you can do so that you can understand it better and so that it does not have such an impact on your ability to lead a satisfy life,1,1,702,0.7233944812387374,0.2766055187612626,F
566,881,"there are issues from my past that have me very heavily burdened in my heart ive been torn for so many years and i need help so i can move on with my life
   i experienced trauma when i was  years old and i did come out about it until i was 
   now i know this is whats holding me back on my happiness ive met a very loving and caring man but because im holding on to these things from my past im pushing him away
   how can i get my life back",trauma,you are so brave to come out and talk about your trauma i hope it started helping you with your healing process i think you have good instinct often past especially past trauma can hold us back in areas we arent even aware of since you have spent so much time trying to compensate and feel ok its important to continue to seek the right therapist to help you process your trauma identify triggers and work through them once you start doing this hard work you will start to feel better and it wont affect your life as much as it is today if you are comfortable i would share what you can with your current partner even if its just to say that you have experienced trauma in your past this way it will help your partner be more empathetic and understand that you are trying to work through it but it will take time,1,1,812,0.7228922932172848,0.2771077067827152,F
567,1327,that phrase makes me crazy it happens anytime i point out something to my husband that he needs to change such as looking up from his ipad long enough for me to tell him the grandbaby almost pulled the shelf unit over or explaining to him that i got all the things he needs to bake a pie another example is when he opens the front door the dog runs out if he doesnt pick him up over and over again he lets the dog run out and i am afraid he will get hit by a car,marriage,its hard to say what is okay and what is not okay as it depends on what you and your husband feel is appropriate in your relationship if you are feeling like you need to walk on eggshells or that you cant speak your mind and say how you feel then that sounds like a problem i would recommend having an open discussion with your husband about communication between the two of you in general do this during a time when there is little or no conflict and emotions are not heightened let him know how you feel and give him specific ideas of how you would like him to respond instead of saying enough additionally try and see his perspective and understand why he shuts you down perhaps he feels like he is being told what to do constantly or that he gets little positive feedback from you an open dialogue about how to discuss issues going forward will likely help seeing a couples therapist will also greatly assist with teaching better communication skills and seeing if there are underlying issues that need resolution best of luck to you guys,1,1,1042,0.7226947097314811,0.2773052902685189,F
568,1847,how does a person start the counseling process,counselingfundamentals,approaching a counselor can seem intimidating at first but most mental health professionals want to help you feel safe and heard  you can often find counselors using search engines like counselchat or psychology today  these websites allow you to get to know therapists before you take the next step  these days counselors have websites where you can learn even more  these websites usually have clear instructions for contact  typically you can reach out via phone or email to request a consultation  during a consultation call you can ask the therapist questions about their credentials and areas of expertise  if you feel like you connect you can schedule a first session where you will tell them more about yourself and why you are seeking therapy  the thing to remember is that therapists want you to reach out to them and they are happy to be approached for support  good luck,1,1,882,0.722634196816522,0.277365803183478,F
569,410,"when im in large crowds i get angry and i just cant deal with people i dont really like other people i prefer animals they make me nervous and scared
   i lay awake at night thinking and having conversations in my head and i almost always end up making myself feel terrible and crying i have more conversions in my head than i do with actual people    i dont know whats wrong with me and why i feel this way what should i do",anxiety,"i am very sorry to hear that you are going through this
while animals can be a wonderful way to experience emotional support you may
want to consider opening up to a life coach or therapist to discuss some of
your concerns you are not alone and many people are experiencing very similar
anxieties a life coach or professional therapist could help to guide you
through these emotions and refer you to additional professional help if needed
it sounds as though you want to address some of these issues by first asking
the question finding additional support from a trained professional whom you
feel comfortable with could be the best way to get the help that you need i
wish you the best of luck on your journey",1,1,710,0.7225560290585198,0.2774439709414802,F
570,172,i am the problem i make my family argue because of me my mom has even said it its constantly like this i cause problems i am worthless i cant stop crying sometimes i have to cry myself to sleep i cant even leave my room because my family cant stand me,depression,im so sorry youre going through this  i think there is almost always someone in the family who becomes the scapegoat and ends up feeling this way sadly  please know that you are not the problem  it sounds like you need to be heard and understood but maybe your family has their own stuff going on and dont know how to handle it so they end up taking it out on you or maybe they just dont know how to listen and validate because they never learned  bottom line is there are many reasons they might be treating you this way that have nothing to do with you or your worth  its your parents responsibility to love and care for you  you are loveable and worthy regardless  i hope you find a therapist that helps you work through this  you deserve to be happy and loved,1,1,763,0.7223996430805184,0.2776003569194815,F
571,2538,"my husband and i are separated and he doesnt even want to talk to me 

he says he doesnt love me anymore but i would do anything to get him back is there any hope",relationship dissolution relationshipsmarriage,there is always hope so dont give up on hopehowever you knew i would say that there is a lot work ahead of youyou need to see someone to talk things outget some space between you and your husband dont chase and please dont stalk himdo some deep searching as to why he left and what part you had to cause the splityou cant change him but you are in control of your own changewith the help of a professional counselor you can get help and direction where you need to change,1,1,471,0.7221117387493666,0.2778882612506334,F
572,781,my husband and i are separated and he doesnt even want to talk to me    he says he doesnt love me anymore but i would do anything to get him back is there any hope,relationshipdissolution,there is always hope so dont give up on hopehowever you knew i would say that there is a lot work ahead of youyou need to see someone to talk things outget some space between you and your husband dont chase and please dont stalk himdo some deep searching as to why he left and what part you had to cause the splityou cant change him but you are in control of your own changewith the help of a professional counselor you can get help and direction where you need to change,1,1,471,0.7221117387493666,0.2778882612506334,F
573,348,ive gone to a couple therapy sessions so far and still everytime i walk in i get nervous and shaky is this normal should i still be feeling like this,anxiety,of  i would love to know a little bit more about whats going on in your life but i will attempt an answeryes you could still be shaky and nervous going to therapy this therapy thing your doing is sometimes scary first because your opening up things that you might have never wanted to second your still building a relationship with this therapist person you may never get over that the therapist really cant be your friend they are there to push the buttons that you might not want pushed and help you heal  that in itself is scary and can make you anxious third you really never know where this therapy thing will go yes there are goals but sometimes side roads need to be taken and sometimes that is scaryknow this you are in the right place you are taking steps to change,1,1,774,0.7218755261657557,0.2781244738342442,F
574,2633,ive gone to a couple therapy sessions so far and still everytime i walk in i get nervous and shaky  is this normal should i still be feeling like this,anxietycounseling fundamentals ,of  i would love to know a little bit more about whats going on in your life but i will attempt an answeryes you could still be shaky and nervous going to therapy this therapy thing your doing is sometimes scary first because your opening up things that you might have never wanted to second your still building a relationship with this therapist person you may never get over that the therapist really cant be your friend they are there to push the buttons that you might not want pushed and help you heal  that in itself is scary and can make you anxious third you really never know where this therapy thing will go yes there are goals but sometimes side roads need to be taken and sometimes that is scaryknow this you are in the right place you are taking steps to change,1,1,774,0.7218755261657557,0.2781244738342442,F
575,268,im depressed i have been for years i hide it from everyone because im scared of the reactions ill get last time i tried telling my parents it was a huge argument about me being too young to be depressed im a legal adult calling me ungrateful and telling me that if i cant handle things now its only going to get worse in the future which is turning out to be true its exhausting pretending to be okay and i dont know how much longer i can try im just really tired and sadly i cant afford the help i need on my own,depression,dont think that you cant afford the help you need on your own  there are several counselors that see people on a sliding scale that can be as low as  based on your income  find a center that is nonprofit they have great counselors as well it sounds like you know what you are experiencing and know that you need someone to talk to someone that is willing to listen  your parents may not understand what your are feeling right now and that is not totally abnormali would encourage you to seek help immediately so you can live the best live you canwhich is not being depressed,1,1,574,0.7217797888347743,0.2782202111652256,F
576,1771,is it normal for people to cry during therapy or is it just me,counselingfundamentals,your therapy sessions and goals  are for you and about you they are not meant to be compared to anyone elses sessions and goals crying can occur in many different scenarios such as when youre happy relieved have just heard the funniest joke and of course when youre sad all of these feelings are valid and your tears are part of how your body experiences those feelings if youre often sad and working through a lot of sadness in your therapy sessions it is reasonable to expect that you may cry a lot during therapyif youre crying and you arent able to connect it to an emotional experience or feeling that is something to discuss with your therapist it can sometimes be difficult to name our feelings and the behaviors get ahead of our thinking brain to try and communicate for us maybe your tears are trying to tell you something about your feelings either way your therapy sessions should be a safe space for you to cry feel investigate and connect,1,1,951,0.721241887031507,0.2787581129684929,F
577,213,im in my mid s with a husband and children i love my family but i feel like ive lost my identity and i dont know who i am other than a mom and wife at times all i can think is what i gave up and how i feel unhappy and trapped but i know id feel like worse without them i loathe myself at times i have an amazing life so why cant i just enjoy it,depression,it appears to me that you feel as if you have sacrificed your dreams and aspirations when you assumed the roles of wife and mother many women place all their energies into raising a family but like you believe they have not self actualized in the process your efforts and devotion appear to have paid off as you now have a loving family i would encourage you to explore your passions and hence find your identity apart from motheringthe reality is that parenting involves years of work as it takes  years to reach adulthood perhaps you can look forward to evolving with your children as you discover what else you would like to do with your life,1,1,645,0.7211086122731777,0.2788913877268223,F
578,1693,"how do you know you have the right therapist for you
 how would i know how to train my therapist to be able to give me what i need from treatment",counselingfundamentals,this is a big question whenever you are in the position to choose your therapist it is a good idea to do a consultation first so you can get a feel for them and see if you think your personality might match well sometimes it is difficult to tell in a very short meeting however and it can take a session or even a few to know this really the right therapist is probably someone that you feel somewhat comfortable with or someone with who you could see yourself becoming comfortable even if you have difficulty trusting others it is likely someone who you do not feel judged by part of the work in therapy is also being able to ask for what you need and voice your concerns which means telling your therapist if they do or say something that upsets you this is part of the repair process and therapy is a safe space to practice this skill so you can do it in the real world when this happens in relationships,1,1,907,0.7210225243726099,0.27897747562739,F
579,444,i havent been feeling like myself lately ive been upset for no reason and feeling anxious im feeling burnt out what can help me feel better,anxiety,i would first say that those are difficult thoughts and feelings that sound exhausting i cant image how this must feel but i can assure you that you are not alone these are common experiences in our society where we are made to feel as though we must go go go especially in the current world situation even simple things can feel overwhelming i believe that starting with baby steps such as taking even  minutes for yourself daily to be in the quiet and reflect can be helpful recognizing that even small selfcare steps such as drinking more water eating healthier foods or taking a hot bath can be helpful to relieve stress,1,1,624,0.7202569266677912,0.2797430733322088,F
580,1234,my mother takes care of niece whom my sister abandoned she calls me every day complaining but i dont want to hear it anymore,familyconflict,this sounds stressfulyou mentioned that you want to learn how to avoid them im not sure whether you want to avoid them overall or if you would like to ask your mom to maybe only talk to you about it for a few minutes about your niece in each conversation that you havemaybe you can connect your mom with some support it sounds as if she has lost part of herself andor is very stressed out and in talking with you about it because she trusts you enough for you to be someone she can speak openly you are becoming stressed because of things that you cannot directly change this is the presumptive based on the amount of information that you posted but it sounds like there is a bit of a circle of stress herei also wonder who you could talk with when you are stressedit may be helpful to see a local mental health professional to help redefine some boundaries so you can have the type of relationship with your mother that you want without necessarily feeling stressed out by it every day,1,1,986,0.720252557557075,0.279747442442925,F
581,186,im very depressed how do i find someone to talk to,depression,sorry to hear you are feeling that way    is there a hour helpline where you are that you can call   here is a website with some numbers to call  httpspsychcentralcomlibcommonhotlinephonenumbers      you could talk to your family doctor and they could help you find a therapist   you could also use this website to find a therapist  httpstherapistspsychologytodaycom  i sincerely hope you find someone to talk to,1,1,412,0.719801686331843,0.2801983136681569,F
582,2641,im  very depressed how do i find someone to talk to,depression,sorry to hear you are feeling that way    is there a hour helpline where you are that you can call   here is a website with some numbers to call  httpspsychcentralcomlibcommonhotlinephonenumbers      you could talk to your family doctor and they could help you find a therapist   you could also use this website to find a therapist  httpstherapistspsychologytodaycom  i sincerely hope you find someone to talk to,1,1,412,0.719801686331843,0.2801983136681569,F
583,294,people have been calling me names and i have had enough of it i cannot stand it anymore im done i have told someone this and that is why i am writing this the thoughts are awful,depression,its sounds like you are feeling pretty overwhelmed with intrusive thoughts and are feeling very criticized by others as well i think it is great that you are reaching out and i can tell that you want this to change working with a competent therapist may be a good option for getting some more clarity about what is going on developing ways to cope and eventually getting relief from these overwhelming experiences,1,1,413,0.719607329828007,0.280392670171993,F
584,361,i have a fear of something and i want to face that fear to overcome it but i dont know how what can i do,anxiety,it is commendable that you have acknowledged the fact that you have this fear and that you want to overcome it   micro steps doing a little bit each day to get closer to your goal of overcoming it  working thru a list of ministeps that you can accomplish until you are fully immersed in your fear and overcoming it  as you accomplish each step along the way implementing micro rewards so you can feel a sense of accomplishment and reward at each interval helps to want to keep going forward  immersive therapy could help in this area,1,1,533,0.7190392003706294,0.2809607996293706,F
585,776,our relationship ended about  years ago but dont know how to let go how can i get over that person and move on,relationshipdissolution,i think giving yourself the space to realize that this was a significant relationship and it really had an impact on you i think you should honor that relationship and then talk about it to someone the more you try to not think of it the more you will think of it i think you should instead say thank you to that relationship thank you for showing you what qualities you like what you desire maybe even come up with a list of what that specific relationship did for you after you say thank you to that relationship then it may be time to say goodbye you obviously want to get over that person so figure out why you want to get over them why did it not work out what negative parts of the relationship do you keep forgetting to think about oftentimes people glamorize the past so for your goodbye part of this phase i would focus on the negative parts of the relationship you can also work on emotionally saying goodbye to that time in your life you are probably different than you were  years ago and to be honest they are probably different tooi know it sounds weird but i would recommend that you mentally say thank you and goodbye to that relationship,1,1,1154,0.7190283346465809,0.280971665353419,F
586,1357,ive been in a long distance relationship with my girlfriend for just over a year this past week she admitted to me that she has feelings for another guy she says its just a crush but i dont know how to cope with it    how should i deal with this,relationships,she actually told you that you guys must have created a great amount of safety in your relationship where she felt safe enough to disclose something so intimate for her to you first question is how do you feel about that knowledge what is coming up for you where do you feel it in your body im curious about these questions i wonder what you fear about having this knowledge what does this remind you of what is your deep limbic system letting you know notice whatever it is look for a therapist who does brainspotting to to go further so that your subcortical brain can continue to figure out how to deal with this hopefully this helps,1,1,636,0.7190012630775441,0.2809987369224559,F
587,1538,im a teenager and i created a sort of imaginary friend to help me cope with stressful situations or if im worried or upset she gives me advice and comforts me and tells me itll be okay ive given her a name solace and created a personality for her thats like a comforting motherly figure i know its just my own advice and my own thoughts but its just that im thinking of them through a voice other than my own i do this because i know i never really listen to my own advice and i thought it would be better if it was through someone else who knew my thought process in and out through this imaginary friend is this normal could it develop into a separate personality with time if i continue a mentality that she is her own person,behavioralchange,hi im amelia you know it does sounds like you have imagined a motherly comfort figure for yourself sometimes when i have a person in my office that is very selfcritical i have himher speak to his or herself as though heshe were speaking to a loved one isnt it sad that we speak to others more lovingly than we do ourselvesif you have not received empathy nurturing or comfort from a caregiver it is hard to internalize empathy nurture or comfort from the inside there is a saying that we have been hurt in relationships and we can heal in relationships healing and growth are best provided in the context of healthy relationship how about going the next step and finding a compassionate therapist or loving mentor that could actually provide you with the comfort that you need you deserve to be seen heard noticed and valued i am wishing my very best to you,1,1,857,0.7189101587454504,0.2810898412545496,F
588,304,i just got out of a two year relationship i broke up with my boyfriend because he wasnt showing any affection at all he was talking to other women and lying about it it pushed me away and hurt me but im still in love with him a couple days after our breakup he was talking to someone new he told me he wasnt sure if he loved me i cried for several days lost my appetite and couldnt sleep our whole relationship was only us we didnt have friends it was me and him against the world we didnt talk to anyone else because we only wanted to talk to each other we hung out constantly and skyped to sleep every single night then when i cut myself we talked on skype he cried and told me im still in love with you i never stopped loving you and i cried tears of joy i asked multiple times if he loved me and asked to make sure he wasnt just saying that because of me being so depressed he promised and assured me he loved me he came over after that and we had sex because he wanted to he went the home that night and told me he didnt love me and he lied because he was scared he told me i wasnt attractive i wasnt beautiful to him and that i changed he also told me he was  sure hed never love me again im still in love with him why do i love him how do i stop just knowing that someone else is with him hurts me that i wasnt good enough and that im no longer beautiful hurts me i think i need a therapist but dont know if i should,depression,i am very sorry for the pain you are suffering losing the most significant person in your life is extremely painful and breakups are often equated to a death there will certainly be a grieving process that you go through and time passing will allow the hurt to subside with that being said seeing a therapist is highly recommended as it sounds like continuous support may be necessary for healing to take place anytime sadness causes thoughts of suicide or self harm it is important to get help immediately a therapist can help you by validating your feelings and what you are going through while also working with you to move through the grieving process adopt new hobbies social outlets and goals for your future while starting over and trying out new ways of being may seem like a daunting task it will only make things easier and give you a sense of hope and purpose for your future with the new year right around the corner this could be viewed as a good time and opportunity to get reaquainted with yourself and set goals related to living a more fullfilling life hang in there with a support system in place and a healthy mindset things can only get easier best of luck to you,1,1,1183,0.7182726761921987,0.2817273238078013,F
589,1110,my wife and i got separated because i asked about her contact with a male friend of hers the next day she kicked me out she let me move back two days later yesterday she said she wanted a divorce then quickly changed her mind i asked if the other guy was a factor but she says its not my business,intimacy,this has to be very confusingi wonder if the two of you would be able to have a conversation about what it is that she would like you to know about what happened yesterday and the day before so you know what message she wanted you to get out of all of thati would also recommend seeing a local mental health professional if you go yourself you could at least discuss your marriage and your own thoughts and feelings about it if you go together i would suggest you see a therapist who specializes in couples,1,1,506,0.7179391682867545,0.2820608317132455,F
590,2465,my wife and i got separated because i asked about her contact with a male friend of hers the next day she kicked me out  she let me move back two days later yesterday she said she wanted a divorce then quickly changed her mind i asked if the other guy was a factor but she says its not my business,marriageintimacy,this has to be very confusingi wonder if the two of you would be able to have a conversation about what it is that she would like you to know about what happened yesterday and the day before so you know what message she wanted you to get out of all of thati would also recommend seeing a local mental health professional if you go yourself you could at least discuss your marriage and your own thoughts and feelings about it if you go together i would suggest you see a therapist who specializes in couples,1,1,506,0.7179391682867545,0.2820608317132455,F
591,1462,i have been dating my boyfriend for a month and we want a baby we dont work or drive and we havent talked to our parents what should we do,relationships,hi athens when a teenager wants to have a baby its usually for a specific and not healthy reason do you maybe hope that a baby will cement your relationship it doesnt work that way do you yearn for a person who will love you deeply babies dont give to us we give endlessly to them i urge you to talk to someone you trust about why you want to speed up your life by being a parent before you are fully grown emotionally a relationship that is one month old is not stable enough to support a change like this youre only starting to get to know each other i wish you well and hope you talk to someone,1,1,597,0.7179315458169535,0.2820684541830465,F
592,1485,what do i do if i have been feeling like i could never be with anyone because no one would want me or i couldnt have many friends because of who i am its strange i want to be loved but id hate to be because i always lose,relationships,as a relationship therapist i work with a lot of people who feel similar feelings to some degree or another and almost always find that the origin of these feelings point back towards childhood how did you caregivers express or not express love towards you how did they express or not express love towards one another these early messages become your template for how you have learned to see yourself and what you expect from others in his book wired for love stan tatkin psyd writes we learn to love ourselves precisely because we have experienced being loved by someone we learn to take care of ourselves because somebody has taken care of us our self worth and selfesteem also develop because of other people  this could be very fruitful to explore in individual therapy with a relationship therapist who really gets it you may have to interview a few to find the right fit thats ok maybe youd even want to read that book i linked above  noticing this pattern is huge its where transformation begins and now that you have be kind with yourself it begins there too,1,1,1066,0.7174592576673215,0.2825407423326784,F
593,621,"im being verbally abused on a daily basis by my parents in front of my child i feel like im trapped and i have no escape i feel like i have to listen to the horrible things they say and just take all of it
   i need some way of learning how to cope with listening to it especially since i have nowhere else to go i feel very emotionally drained how can i deal with this",parenting,that must be really hard for you to talk about and im sorry theyre treating you this way sounds like there are some issues in regards to boundaries between you and your parents it must be hard feeling like you have nowhere to go and feel the need to take it also sounds like there may be some other layers to your struggle like all living together and differing in parenting possibly from one generation to the next one thing that could really benefit you is to learn how to establish more clear boundaries with them this is much easier said than done and requires much efforts on your part one technique that will help is learning how to use a communication technique called appropriate assertiveness its basically learning how to voice your concerns in a clear concise way without being aggressive its a technique that can take some time to learn how to use effectively and appropriately there are many different books and research out there about establishing boundaries that will be of benefit to you moreover its important to keep in mind that things might get worse before they get better as with most changes in family systems,1,1,1133,0.7172331938078507,0.2827668061921494,F
594,1468,i broke up with him three weeks ago because i felt that he needed to be more respectful he has since had a rebound relationship he says he loves and misses me but refuses to see me he says its going to be too difficult to see me every time we talk it feels like im being pushy to see him he used to be so madly in love with me but now it seems like he couldnt care less i think im running him away,relationships,hi kansasi think your first instinct was good you broke up with him you deserve respect but right now youre not acting as if you deserve it when you push to see him as hes moving on with a new relationship its appropriate now for you to respect that relationship and listen to what he says he wants which is space do you think hes going to be any different with her this a common unfounded fear we have i wonder if maybe you miss the feeling of being in love and having a partner more than you miss him the bottom line is you cant make someone love you and you cant make someone be loving towards you because how someone treats you and the choices they make has everything to do with who they are and nothing to do with who you are i hope you gather support from others and move on in hope and strength for your own future,1,1,822,0.7172115991939241,0.282788400806076,F
595,610,my dad is always and i mean always cussing and screaming at me for no reason at all he makes me feel stupid he also compares me to my other siblings in a negative way and demeans me is this abuse,parenting,it sounds like your dad makes you feel badly about yourself when he screams cusses at you and compares you to your siblings i am so so sorry you are going through that that would be considered emotional abuse because it sounds like he is greatly hurting your feelings when he is behaving in that way my heart goes out to you no one deserves to be treated like that and you do not have to allow yourself to be treated like that please try to find a therapist who could give you tips for creating healthy boundaries with your dad regarding how he treats you,1,1,555,0.717173027445593,0.2828269725544071,F
596,1672,"how do you know you have the right therapist for you
 how would i know how to train my therapist to be able to give me what i need from treatment",counselingfundamentals,this is a great question  i imagine people wonder this all of the time as its a conversation i have had with many of my clients  one thing to think about is advice that i give regarding many different types of relationships what brings you together has to be more than what draws you apart  in this case therapy will likely make you uncomfortable at times and feel difficult  but the right therapist will always help you to feel safe and supported through that  as far as training your therapist i encourage you to think about it from the perspective of how you can best be assertive about what youre looking for and what youre not looking for most therapists will be happy to talk about their approaches or beliefs to help you better understand their work and what you might be doing with them in your time together  if these conversations dont feel satisfying feel free to move on  not everyone is the perfect fit and that is okay,1,1,932,0.7170866119361322,0.2829133880638678,F
597,91,"i had a very troubled up bringing and im currently dealing with alot right now i know some people may not think so but to me its a lot i feel overwhelmed could this be depression
   i use to be in therapy as a child alll throughout elementry middle and high school i had counseling  times a week i havent be in counseling lately though",depression,what matters most is how you feel and what youre doing with whom youre interacting whether you feel youve got enough interaction to be happywhether or not a clinician would decide to identify you as depressed matters much less than how you actually are feeling if you have some ideas as to what might improve your sense of being and how to go about reaching your goalsif therapy during your childhood made you feel better and you feel you may be depressed then trying therapy at this point in your life makes sensethe worst that can happen is you find you feel better than you first understoodthe best that can happen is you find a caring therapist who helps you find faith in yourself again,1,1,691,0.717024549135884,0.2829754508641159,F
598,1295,i keep being mean to my best friend and i dont know why all the time i did come to maybe some kind of conclusion that it is because my mother is mean to me all the time could that be a cause,familyconflict,hi morristowntheres a saying that goes hurt people hurt people its possible that your aggression towards your friends is connected to your mothers behaviours when we are treated poorly especially as children it affects how we ourselves others and the world its also powerful modelling of aggressive behaviour the good news is that you have this lovely awareness and i think a desire to learn about yourself and grow in your ability to be respectful to people you care about i recommend you consider sitting down with a therapist and exploring these ideas and moving forward on that path you seem to want to be on good luck,1,1,622,0.7164193205079836,0.2835806794920164,F
599,1709,"how do you know you have the right therapist for you
 how would i know how to train my therapist to be able to give me what i need from treatment",counselingfundamentals,i would look up therapists who speak to what you are going through on their website or directory listing and seem to align with your values some people want a therapist of the similar faith gender or cultural background  im not saying that they should have these traits but for some people thats important and helps them to feel more comfortable  when you find one that seems to fit on their listing or website try the free consultation that most therapists offer  ask them about their experience in treating your problems and how they might be able to help  i would try them for a few sessions and see how well yall mesh  ultimately if you dont feel like youre getting anything out of it then i would suggest either letting them know if you need something different or try a different therapist  your therapist needs to fit like a comfy pair of shoes  sometimes that does take a few sessions though as the first stage always involves getting to know each other and building rapport,1,1,982,0.7163252422758304,0.2836747577241696,F
600,882,"there are issues from my past that have me very heavily burdened in my heart ive been torn for so many years and i need help so i can move on with my life
   i experienced trauma when i was  years old and i did come out about it until i was 
   now i know this is whats holding me back on my happiness ive met a very loving and caring man but because im holding on to these things from my past im pushing him away
   how can i get my life back",trauma,it may not feel like it but you are in a great spot  you know what is holding you back  it sounds like you want to deal with your past and find healing so you can move forward in freedom  trauma is lifealtering and at any age especially when we are young  meeting with a counselor who works from a traumainformed perspective would probably be beneficial as there can be so many layers to the effects of trauma more good news you have met a very loving and caring man since he is loving and caring he most likely will want to support you in healing  honesty and vulnerability in safe spaces build intimacy have you considered sharing with him whats behind your distancing behaviors  you may have an ally in your healing just waiting to be allowed in     you are headed in the right direction to get your life back considering therapy,1,1,832,0.7160551351108273,0.2839448648891727,F
601,204,i have twin toddlers i experienced a death of loved one prior to giving birth i had a horrible break up with the father people told him he was using me for money my exboyfriend had extreme meltdowns every day for three years im always alone with no friends,depression,first let me say that you are a survivor and a warrior managing  child by yourself is difficult but twins is a whole different ballgame anxiety can affect us at any time anywhere this is the challenge especially when we have so many things to manage each day there are several methods and practices that help manage and even reduce symptoms of anxiety it will depend on what works best for you talk with friends a counselor or a loved one who can offer you support and feedback as you navigate this process of learning what works for you when all else fails make sure you are in a safe place pause for a deep cleansing breath in a long exhale out and ask yourself what do i want in this moment now you can begin again,1,1,717,0.7156988668462629,0.284301133153737,F
602,1756,is it normal for people to cry during therapy or is it just me,counselingfundamentals,absolutely it is very normal to cry during a therapy session during a session lots of different feelings will come up when sadness and grief show up you are going to feel them in your body and crying is our way of expressing them sometimes we even cry when we feel anger or joy  your therapist should provide a safe place for you to express all your feelings and help you process them it is part of the work of therapy and it sounds like you are doing the work good luck to you,1,1,477,0.715661024301945,0.284338975698055,F
603,1209,i have bipolar ii disorder im addicted to alcohol and weed and im hopeless i keep drinking even though its harming myself and others,substanceabuse,you may feel hopeless but you are not hopeless addictions of any sort are difficult to overcome especially when they serve to bury pain and suffering that one is experiencing it is not impossible to overcome alcohol or drug useabusedependence on your own but you will likely find much greater success with the help of a therapist or other support system such as rehabilitation or alcoholics anonymous i suggest doing a bit of research to see what type of help is available and feasible for you in your area and go from there know that recovery takes time willingness and effort dont give up and remember that you are not hopeless you can make the choice to change your habits and learn new ways of healthy coping best of luck to you,1,1,732,0.7154666736646746,0.2845333263353253,F
604,519,i am a teenage girl ive been seeing the same dream once in a while since i was very young the problem is that i dont remember anything about this dream i still know that its the same one and then i wake up in a panic and i cry really loud without knowing the reason why do i see the same dream why can i not remember it and what should i do to remember it,anxiety,there is no scientifically established formula for understanding dreams that i know about however many people get a great deal of value from exploring what their dreams mean it is believed by many that our dreams contain metaphors that represent meaningful patterns in our lives and relationships and if we pay attention to them we can learn important things about ourselves one thing you might try to see if you can get more insight into the dream and possibly begin remembering things is to take note of whatever you do remember any details about your experience such as when do you wake up from the dream how do you feel both emotionally and physically what are you thinking about when you wake up is there any pattern in terms of what happens to you in your waking life around the time you have this dream if you can keep a journal or a recording device to speak into by your bed you can try to record whatever you do remember and notice as soon as you wake up people seem to have more difficulty remembering dreams the more time they let go by before attempting to record the dream or if you go back to sleep before recording what you remember,1,1,1148,0.7154306696203934,0.2845693303796066,F
605,111,"i tried telling my husband i was depressed and he ignored me he said youre always sad or depressed and he picked up his phone and ignored me i said please dont exaggerate that isnt true and he said whatever babe you just want to be sad
   how can i get through to him so he will take me seriously",depression,we cannot control how our partners will react when we ask for support it is important to focus on what you can control which is you it is important to know what kind of support you need and lead with that for example i dont need you to try and fix this but i need you to listen while i tell you what i have been feeling when i am done a hug would be nice or i am feeling stuck and whenever i think about this issue i just get so sad can you help find a solution if we can tell our partner what we expect upfront then it is more likely that you will feel supported it is very empowering to know what we want and to ask for it it may be hard to be direct because we want our partner just to know what we need but that is not realistic there are a few thinking errors in this conversation working with me you will learn all about thinking errors and how to replace them,1,1,866,0.7153981038912309,0.284601896108769,F
606,325,i start counselingtherapy in a few days im freaking out but my main fear is that ill cry and embarrass myself is it something to worry about,anxiety,please do not worry about crying people cry laugh rage rant and talk during counseling sessions part of the therapy process is to look at your feelings and to feel what you are actually feeling instead of what you think you should feel so if you need to cry thats ok if you feel embarrassed because you cried or if you feel anxious that you might cry well those feelings are ok as well your counselor can help you manage your feelings so that you can attain your goals and your counseling session is the perfect place for that,1,1,526,0.7146755440740318,0.2853244559259682,F
607,1642,theyre calling me names like hypocrite and a baby even when they act in the same manner as i do im tired of being called names what should i do,socialrelationships,it sounds like your confused as to why your friends would be calling you a hypocrite when they act in the same manner correct communication is key to any relationship i would recommend speaking with your friends facetoface to address why they feel your behavior is concerning inperson contact is the best method of sorting out differences considering texts emails or any written response can be misconstrued be upfront with them and let them know that being accused of hypocrisy is hurtful and you feel it is unfounded if after speaking with them you feel that they have valid reasons for the way they are feeling maybe you can consider modifying your behavior accordingly especially if this friendship is valuable to you however make sure they are aware that there is a respectful way to address these issues and name calling is not one of them on the other hand if you feel that their reasons are indeed unfounded it may be best to distance yourself from the relationship not all friendships are healthy ones and it is important that you surround yourself with people who are an asset to your self esteem as opposed to those that hinder iti hope you are able to get this matter sorted best of luck,1,1,1199,0.7145855032006009,0.2854144967993991,F
608,1490,we kissed and he grabbed my boobs and we exchanged some texts and a few calls it went on for about  months just when we were all together and our spouses were out of the room once i met him for lunch to tell him that we needed to stop we ended up kissing after lunch and then i sent him a few more texts that day telling him i was serious and that was the end of it his wife my good friend saw us kiss once and told my husband i told him a couple of things then and we got over it a year later she told him a couple of other things same story its been about  years since they are now divorced and my husband and i have been happy a few weeks ago the wife called me and said that her now ex told her more stuff we did i decided to just tell my husband everything we are trying to work things out but he is having a really hard time believing that he knows all of it how can i help him believe me,relationships,the issue at hand here is that youre betrayal broke his trust in order to repair your relationship you will both need to confront the infidelity and both of you will need to honor yourselves by communicating your feelings and ensuring that those feelings are heard and validated it would be really helpful to do this work with a gottman or emotionally focused couples therapist gottmans the science of trust and what makes love last would both be helpful reference books to guide you along,1,1,489,0.7143974861715112,0.2856025138284887,F
609,1917,"we kissed and he grabbed my boobs and we exchanged some texts and a few calls it went on for about  months just when we were all together and our spouses were out of the room once i met him for lunch to tell him that we needed to stop we ended up kissing after lunch and then i sent him a few more texts that day telling him i was serious and that was the end of it his wife my good friend saw us kiss once and told my husband i told him a couple of things then and we got over it
a year later she told him a couple of other things same story its been about  years since they are now divorced and my husband and i have been happy a few weeks ago the wife called me and said that her now ex told her more stuff we did i decided to just tell my husband everything we are trying to work things out but he is having a really hard time believing that he knows all of it how can i help him believe me",relationships,the issue at hand here is that youre betrayal broke his trust in order to repair your relationship you will both need to confront the infidelity and both of you will need to honor yourselves by communicating your feelings and ensuring that those feelings are heard and validated it would be really helpful to do this work with a gottman or emotionally focused couples therapist gottmans the science of trust and what makes love last would both be helpful reference books to guide you along,1,1,489,0.7143974861715112,0.2856025138284887,F
610,267,im depressed i have been for years i hide it from everyone because im scared of the reactions ill get last time i tried telling my parents it was a huge argument about me being too young to be depressed im a legal adult calling me ungrateful and telling me that if i cant handle things now its only going to get worse in the future which is turning out to be true its exhausting pretending to be okay and i dont know how much longer i can try im just really tired and sadly i cant afford the help i need on my own,depression,hi georgia theres a really good lesson here people tell us things and we tend to think thats the truthbut its not ill do some translating for youyoure so ungrateful means i need you to be successful and happy in order for me to feel im a good parentyoure too young to be depressed means i dont want to deal with your mental health issues right now ill pretend its not happening so i dont have to face my fear and shameits only going to get worse just means i dont know how to support you beyond scaring you into wanting to at least fake happiness for my sakeyour parents are being unsupportive not because youre not suffering but because this is all theyre capable of right now they are not where you will find the support you need so keep looking for it in other places its out there if might be an aunt or a friend or a friends aunt it might be a therapist or a bus driver or your family doctor keep looking for someone who will hear you i hope you dont ever give up ,1,1,969,0.7142706271982318,0.2857293728017683,F
611,1134,there are intimate things she did early in the relationship and things she had once agreed to try that she will not do now i end up thinking about it all day i feel rejected and think i married the wrong person,intimacy,id say youre letting fear get a hold on you you would really enjoy some sexual activities that your wife hasnt initiated in a long while but its a big leap to go from that to i married the wrong person fear is telling you that she doesnt respect or like or want you look at the bigger picture what is the evidence that your wife wants to please youthat she is the right woman for youthat she loves youthat she cares about whats important to you  if there is evidence there then you owe it to the marriage to rein in your fearful thoughtstalking to your wife is so important right now we all have moments when we really just want to sit and stew in our self pity over our partner not vacuuming or cooking or saying loving things often enoughbut they cant read our minds can you lovingly let her know what you miss what you hope forwhat you need this is the meat of a loving relationship sharing who we are so that we can love each other better your wife deserves the benefit of the doubt that shell listen to what you long for can you risk feeling vulnerable you cant control her answer but can you trust her to care,1,1,1115,0.7141451450615031,0.285854854938497,F
612,1181,i just lost my grandpa and im having a rough time with it    i need some help to deal with the loss but i dont think i can pay for counseling where can i get help,griefandloss,im sorry you lost your grandpa  some things that may help you through this tough time are to journal or write about special memories you have of your grandpa  you could also journal about your feelings of loss and how you miss him  another thing that might help is to talk with a friend or family member  sharing special memories of the person you lost can help you to grieveif you would like to pursue counseling i would suggest doing an internet search for grief groups in your area  sometimes hospitals or hospice centers will offer them for free or low cost  you can also do an internet search for nonprofit counseling clinics in your area  many cities and towns will have a nonprofit clinic that can provide low cost counseling it might be worth checking into,1,1,764,0.7140815473974351,0.2859184526025649,F
613,896,i was raped a couple months ago since then along with other unfortunately events that have occurred i have been having trouble feeling emotions its almost as if im a sociopath lacking any feeling what can i do to change this,trauma,terrible things do happen in life and i am sorry to hear about what happened to you please rest assured that you are not a sociopath and that your reactions are normal responses to traumatic events im guessing you are experiencing a sense of numbness which is a common response to trauma the best thing you can do is to get some trauma counseling with a professional counselor  as you process your experience you will be able to feel emotions again however the first feelings to come back may be related to trauma such as fear panic and a sense of hyper vigilance a professional counselor will be able to help you tolerate these feelings manage them and heal from your trauma,1,1,675,0.7139161719240308,0.2860838280759691,F
614,195,i was married to a narcissist sociopath for  years during that time i was a general manager i used to help him financially and in other ways when we were together but things began to change he emotionally and sexually drained me i lost my spirit i used to be a very happy person but now i am a loner i left him and moved to another state currently im working as a server which makes me believe less in myself i feel pity for myself a lot but dont know what to do when i have money problems he does not help me he actually enjoys seeing me have a hard time in my life i need help,depression,congratulations on leaving your marriageit is ok and natural to feel sadness loss uncertainty in direction hurt resulting from ending the marriagepossibly what you consider pity is a combination of these feelingsbe kind and caring toward who you are since you just put yourself through a major separation and need time to clear out the old emotions that connected you to your exthere is very very little chance of him helping you since he lacks compassion and empathymore likely any help he gave would be in order to manipulate youmaybe for now your server job is ok do you have more time to concentrate on taking care of your emotionsyou were a manager once you can be a manager again when you feel ready for doing sogood luck,1,1,727,0.7139133164371464,0.2860866835628536,F
615,1961,i was married to a narcissist sociopath for  years  during that time i was a general manager  i used to help him financially and in other ways when we were together but things began to change  he emotionally and sexually drained me i lost my spirit i used to be a very happy person but now i am a loner  i left him and moved to another state   currently im working as a server which makes me believe less in myself i feel pity for myself a lot but dont know what to do when i have money problems he does not help me  he actually enjoys seeing me have a hard time in my life  i need help,relationship dissolution depressionselfesteem,congratulations on leaving your marriageit is ok and natural to feel sadness loss uncertainty in direction hurt resulting from ending the marriagepossibly what you consider pity is a combination of these feelingsbe kind and caring toward who you are since you just put yourself through a major separation and need time to clear out the old emotions that connected you to your exthere is very very little chance of him helping you since he lacks compassion and empathymore likely any help he gave would be in order to manipulate youmaybe for now your server job is ok do you have more time to concentrate on taking care of your emotionsyou were a manager once you can be a manager again when you feel ready for doing sogood luck,1,1,727,0.7139133164371464,0.2860866835628536,F
616,1192,"im planning to have baby so i have to quit smoking  but its hard sometimes its not a physical need its mental
   i cannot help myself from thinking about smoking what can i do to get rid of this addiction",substanceabuse,while smoking can be incredibly difficult to quit doing its not impossible so the first thing to not lose is hope and certainly planning to have a baby can be exactly the catalyst that one needs to motivate to complete this sort of task but as i said it still wont be easy even with the motivation therethere is a definite physical component but its great that you can acknowledge the psychological addiction that exists it would be helpful to dive into what that psychological need actually is as it can vary from person to person whereas the physical addiction doesnt as much and therefor can be helped through gums and patches and inhalers etc exploring and getting to the root of the psychological need can help you to determine what is going on for you psychologically and how else you can meet those needs of yours perhaps in much healthier and more adaptive ways that also help you to feel really good about yourself while replacement is not always advocated having psychological needs is not something to be ashamed of but rather nurtured,1,1,1046,0.7136422793128124,0.2863577206871875,F
617,1164,im a  year old male and having erection problems still have the desire for a woman awfully frustrated any suggestions my doc doesnt want to discuss it,intimacy,hi there first off i have to commend you for reaching out it takes a lot for a man to reach out for help when it comes to erection problems believe it or not this problem is very common for men and women there are some things that you can try naturally before resulting in medication such as your eating habits and exercise i would suggest taking a look at what you are consuming throughout the day do you consume a healthy diet and do you exercise regularly how much caffeine and sugar do you intake daily these are just a few common things to look at you would be surprised of how much pressure what we consume puts on our bodies our bodies are like a car you have to maintenance it in order for it to continue to run if you would like to get further natural advice andor suggestions on eating healthy and exercising i would recommend you see a nutritionist a nutritionist specializes in maintaining a healthy diet as far as your doctor i would recommend looking into getting another doctor i have never heard of a medical professional not wanting to talk about anything that appears to be a personal issue on their part i hope i was helpful and i wish you the best of luck,1,1,1175,0.7135846935099699,0.2864153064900301,F
618,1887,im a  year old male and having erection problems still have the desire for a woman awfully frustrated any suggestions my doc doesnt want to discuss it,intimacy,hi there first off i have to commend you for reaching out it takes a lot for a man to reach out for help when it comes to erection problems believe it or not this problem is very common for men and women there are some things that you can try naturally before resulting in medication such as your eating habits and exercise i would suggest taking a look at what you are consuming throughout the day do you consume a healthy diet and do you exercise regularly how much caffeine and sugar do you intake daily  these are just a few common things to look at you would be surprised of how much pressure what we consume puts on our bodies our bodies are like a car you have to maintenance it in order for it to continue to run if you would like to get further natural advice andor suggestions on eating healthy and exercising i would recommend you see a nutritionist a nutritionist specializes in maintaining a healthy diet as far as your doctor i would recommend looking into getting another doctor i have never heard of a medical professional not wanting to talk about anything that appears to be a personal issue on their part i hope i was helpful and i wish you the best of luck,1,1,1176,0.7135846935099699,0.2864153064900301,F
619,734,i like getting attention from men i dont have sex i lead them on to thinking i might want to i like to tease i like for men to chase me and i like to feel wanted,selfesteem,hi michigan good for you for recognising a destructive pattern this behaviour although it might get you the attention you want initially will ultimately drive men away because its not respectful of them my gut says that you learned early on in life that your value is in your sexuality alone thats a powerful thought you are certainly acting as if this is true if you believed in your value as a person you would be less afraid of deeper relationships and intimacy in general if i were your therapist id have many questions for you and i would need to understand a lot of things about you and your past to help you sort out where this idea about yourself came from id suggest reaching out to a qualified therapist who can help you get to the root of this behaviour good luck,1,1,774,0.7125699413229831,0.2874300586770169,F
620,385,"my son was diagnosed with autism a few years ago and i stopped working so that i could take care of him i also was dealing with an abusive relationship mentally physically and emotionally now i live like a recluse and i always feel nervous around people
   how can i feel more comfortable around other people",anxiety,it sounds like you have taken on a caretaker role for a while as well as experienced some pretty severe interpersonal trauma  it makes sense that you would feel nervous around people  working through the trauma of an abusive relationship in itself can be a difficult process  and then to add on the caretaker part can make things even more difficult  first off you may want to seek support to work through what you have experienced  many cities offer support with survivors of domestic violence and there is a hotline to help with this  as well as online resources  processing the isolation of this relationship as well as working with your son can help to overcome the anxiety related to others  accessing autism support networks may be of support as well  other parents that will understand your experiences are a good and tend to be safer place to start in attempting to connect to othersvery importantly go slow and be kind to yourself as you begin to adapt to a new life of allowing others to care for you as you so clearly have for others,1,1,1044,0.7124164963152366,0.2875835036847634,F
621,2756,"my son was diagnosed with autism a few years ago and i stopped working so that i could take care of him  i also was dealing with an abusive relationship mentally physically and emotionally now i live like a recluse and i always feel nervous around people

how can i feel more comfortable around other people",parentingrelationshipsanxiety,it sounds like you have taken on a caretaker role for a while as well as experienced some pretty severe interpersonal trauma  it makes sense that you would feel nervous around people  working through the trauma of an abusive relationship in itself can be a difficult process  and then to add on the caretaker part can make things even more difficult  first off you may want to seek support to work through what you have experienced  many cities offer support with survivors of domestic violence and there is a hotline to help with this  as well as online resources  processing the isolation of this relationship as well as working with your son can help to overcome the anxiety related to others  accessing autism support networks may be of support as well  other parents that will understand your experiences are a good and tend to be safer place to start in attempting to connect to othersvery importantly go slow and be kind to yourself as you begin to adapt to a new life of allowing others to care for you as you so clearly have for others,1,1,1044,0.7124164963152366,0.2875835036847634,F
622,1521,in middle school and high school my friends and family thought i was gay i tried telling them but they wouldnt believe me it almost feels like they wanted me to be now im actually starting to believe them i know i wasnt back then and now im not sure anymore,lgbtq,use this time to explore who you areimagine what your life would be like if you were gay and not ask yourself what is different what scenario do you find yourself gravitating to  what is important is that you are happy my message to you is that you do not need to define yourself with your sexual preference or feel the need to label yourself especially if you are confused and exploring what your sexual preference is,1,1,418,0.7119579721114608,0.2880420278885392,F
623,938,my dad beat and mentally abused me so badly that i cant function properly letting go of the past is important to moving on and getting better but im terrified to get better because i dont even know who i am without the trauma ive never gotten to be myself i dont even know who i am,trauma,i am so sorry to hear that you are struggling  getting to know yourself after a trauma especially at the hands of a caregiver and learning to trust yourself can feel terrifying  i would encourage you to seek out a trauma therapist who can work with you slowly and at your pace  you are not your trauma  you are good and you are whole  please seek out the support of a therapist who sees that in you,1,1,398,0.711249002870177,0.288750997129823,F
624,252,ive become so jaded that i cant control my thoughts i cannot focus on anything and been having anxiety attacks,depression,i imagine that its pretty disconcerting to feel as though you lost yourselfwhen you said that you are jaded im not sure whether you mean that you are jaded toward someone something life in general or some combination thereofone of the difficult things about anxiety is that anxiety can lead to more anxiety because of being concerned about having another panic attack consider remembering that panic attacks usually only last a few minutes and the reason they dont go away right away is because of the way your brain releases chemicals because some part of your brain is reacting as if you are in danger in some wayas far as finding yourself you may consider looking at what parts of each day you can control as a way to stay centered you could also focus on something that makes you feel happy andor comfortableyou may also consider the list of values here to give yourself an idea of what is most important to you what it is that you are living by now and what values you would prefer to live by httpwwwtherapistaidcomtherapyworksheetvaluesclarificationif this proves to be difficult consider seeing a local therapist,1,1,1119,0.7110937182628321,0.2889062817371678,F
625,412,"when im in large crowds i get angry and i just cant deal with people i dont really like other people i prefer animals they make me nervous and scared
   i lay awake at night thinking and having conversations in my head and i almost always end up making myself feel terrible and crying i have more conversions in my head than i do with actual people    i dont know whats wrong with me and why i feel this way what should i do",anxiety,the thing i picked up immediately in what youre asking is how you dont like other people because they make me nervous and scared if someone said that to me in a therapy session id want to understand this much more with them and what this nervous and scared experience is all about perhaps starting with the question whats the earliest memory you have of feeling uncomfortable around people the idea would be to try to understand all of what it means for you to be around people and the history of the experience without labeling it wrong or passing judgment on itfrom there what might come is that certain people and their character traits might be harder to be around for you because of experiences that youve had with similar situations in your life or it could certainly be something completely different it would be most important to understand it much more deeply considering the amount of distress it causes you and in doing so we could begin to see it as normal for me,1,1,975,0.7110033365229702,0.2889966634770298,F
626,904,i was raped a couple months ago since then along with other unfortunately events that have occurred i have been having trouble feeling emotions its almost as if im a sociopath lacking any feeling what can i do to change this,trauma,i am so sorry to hear about what happened to you what you are describing is being in a state of shock you havent suddenly become a sociopath  this is a normal reaction to an event that is completely overwhelming there are most likely too many feelings to feel right now so your body in its wisdom is shutting them down you absolutely can recover and it would be really important to get some trauma counseling with a counselor who feels safe for you to talk with this is not the kind of situation to try and handle totally on your own,1,1,533,0.7108842489200737,0.2891157510799262,F
627,714,i am becoming a water safety instructor but i didnt have enough for a proper swimsuit i was told by a boy in class that my top was displaying everything i was very embarrassed,selfesteem,first of all congratulations to you on becoming a water safety instructoras far as how to forgive yourself this is probably one of the toughest things that we ask of ourselves no matter the subject on the other hand it sounds like the location of the mistake means that after you get through the class you wont see the same people much longer so hopefully the embarrassment will be temporaryas far as the class maybe you can give yourself compassion for the idea that we all make mistakes and it certainly sounds like it wasnt intentional i think we have all had a swimsuit shift in unwanted directiontrying to make sure that the same thing doesnt happen again would probably be helpful but it sounds like you are already doing that something else you could do is think of something you can say to yourself when someone says something embarrassing about that occurrence such as it was an accident and i have fixed it nowyou may find some helpful tips here httptinybuddhacomblogletgopastmistakesstepsforgiving or here httppsychcentralcomlibhowdoyouforgiveyourself  these are not meant to be resources related to religion but it is mentioned in a few places,1,1,1155,0.7103278705070715,0.2896721294929285,F
628,690,i feel like i hate myself physically and emotionally sometimes how can i start accepting myself and be more confident,selfesteem,one of the ways that can help you practice acceptance  of self is by using selfcompassion researcher kristin neff recommends that taking a daily selfcompassion break can be beneficial in that it can transform harboring feelings of isolation such as those hating yourself  to an experience of connection a selfcompassion break consists of placing your hand over your heart and acknowledging that you are having a difficult time believing in yourself but that you recognize you are not alone as suffering is ubiquitous so you are connecting with the rest of humanity you can then say encouraging words to yourself either silently or out loud such as may i be led every day to recognize my strengths and to love myself or may i find peace within myself and strengthen my selfbelief apart from selfcompassion i would encourage you to keep a selfesteem journal in order to engage in expressive writing and write about your strengths so that you can start to build selfacceptance,1,1,973,0.710219760684289,0.289780239315711,F
629,860,i was born a girl but i want to be a boy because of my religion i cant tell my family i know they wont accept me what do i do,spirituality,it is really important for you to be comfortable with your identity with that said it is also so important for you to be safe it may be helpful for you to find supports in your life community or online that you can talk about how you feel and potentially gain supportive persons if your family does not accept you it will be really important to connect with others and even a counselor to help you,1,1,397,0.7102132955028285,0.2897867044971715,F
630,2508,"i empathize so much even with characters on tv or in video games that i actually feel physical pain this has made life difficult to say the least

i believe i have an actually case of something called hyper empathy disorder but since its such a new disorder i cant find any information about it could this be what is going on with me",diagnosis,sometimes its helps to have a name for a problem  it can make you feel less alone as in oh theres a name for this and other people have this experience too on the other hand naming the problem can also make it stick around longer as in now i have a special problem that has a special name and thats an important part of who i ambottom line whether its a disorder or not you would like life to be easier and not have to be pulled so much by other peoples energy and feelings you might want to try imagining that you have a volume dial on your empathy just like the volume dial or button on the tv that you can gently turn down to the point where you still feel whats going on but its not so loud you can also try imagining pulling your own energy back as if you were drawing your energy back home to the center of your own body and being letting go of the other people or characters that pulled your energy out so far this is a way create better boundaries and protect your own vulnerability just like on an airplane where they tell you to put on your own oxygen mask first before helping anyone else your empathy will most likely not really help others if you allow yourself to be depleted,1,1,1189,0.7101303083888079,0.2898696916111921,F
631,1667,"i empathize so much even with characters on tv or in video games that i actually feel physical pain this has made life difficult to say the least
   i believe i have an actually case of something called hyper empathy disorder but since its such a new disorder i cant find any information about it could this be what is going on with me",diagnosis,sometimes its helps to have a name for a problem  it can make you feel less alone as in oh theres a name for this and other people have this experience too on the other hand naming the problem can also make it stick around longer as in now i have a special problem that has a special name and thats an important part of who i ambottom line whether its a disorder or not you would like life to be easier and not have to be pulled so much by other peoples energy and feelings you might want to try imagining that you have a volume dial on your empathy just like the volume dial or button on the tv that you can gently turn down to the point where you still feel whats going on but its not so loud you can also try imagining pulling your own energy back as if you were drawing your energy back home to the center of your own body and being letting go of the other people or characters that pulled your energy out so far this is a way create better boundaries and protect your own vulnerability just like on an airplane where they tell you to put on your own oxygen mask first before helping anyone else your empathy will most likely not really help others if you allow yourself to be depleted,1,1,1189,0.7101303083888079,0.2898696916111921,F
632,1005,my spouse visited the red light district a couple of years back in amsterdam after he got back from the trip he got me tested for stds in the aftermath he has provided multiple versions of what happened from having a total blackout to being touched by a prostitute how do i know if he had sex,intimacy,most of us trust our guts or go to someone who can help us to piece the puzzle together like a therapist in this case is that whats important the knowing that he had it or knowing he had it and how he allowed himself to get into a situation like that if he did how do you feel about it im curious it sounds like you are too talk to someone to explore this situation hope that helps,1,1,381,0.7099721558949879,0.2900278441050121,F
633,1169,i just lost my grandpa and im having a rough time with it    i need some help to deal with the loss but i dont think i can pay for counseling where can i get help,griefandloss,im sorry your grandpa diedgood for you to write on this site about wanting help to know how best to live with this new losshave you looked online for blogs and forums about adjusting to a recent death  that you know youd like another person to help you adjust is a good sign of your own mental health stabilityit is possible that reading online blogs and discussion forums writing on these if you feel like doing so and possibly joining a local free support group will be all you need to feel betterthere is no set timeline in grief   let yourself take as much time as you feel is best for you,1,1,593,0.7097112063891657,0.2902887936108343,F
634,749,how do i decide if i should end my relationship with my boyfriend,relationshipdissolution,that is such a hard place to be usually when we ask that question we are struggling with weighing the good from the bad here are some questions to ask yourself do i like myself when im with my partner or do i struggle to feel positive about myself with them do i feel like i show up in the world as a better person because my partner is in my life do i feel like our relationship is reciprocal  that is are we both giving and taking in some ways am i attached to this person or am i having trouble with ending a relationship in which i had a lot of hopes and dreams  am i staying in this relationship because i am afraid of being alone or feeling judged by my partner or otherssometimes it is enough to take stock on our own or with the support of friends and family other times it can be helpful to work with a therapist to untangle what is at the heart of feeling stuck in order to move forward i wish you all the best,1,1,920,0.709508822749515,0.290491177250485,F
635,2509,"ive been with my partner for  years shes given me no reason not to trust her but lately ive been overreacting a lot when shes just doing normal things i think its triggering my bad past relationships

how can i get rid of these insecurities and be more trusting with her",relationships,whats most important is that you recognize that what youve been doing is off base  that what youve been feeling is overreacting that you have insecurities and you suspect your actions and reactions are connected to your own past and not to the current situation or to your partner thats an excellent first step because without recognizing these things about yourself its unlikely that you would changethat said you sound as if you are really ready to start some therapy to work on your own personal growth not because there is something wrong with you but because youre ready to learn more about yourself and make some creative changes in your behavior yes there are lots of selfhelp books and courses but we humans often make the most progress when we have support in  realtime from another human being who can sit with us point out our blind spots and teach us some skills that are hard to learn on our own,1,1,908,0.7094408762300932,0.2905591237699068,F
636,1383,"ive been with my partner for  years shes given me no reason not to trust her but lately ive been overreacting a lot when shes just doing normal things i think its triggering my bad past relationships
   how can i get rid of these insecurities and be more trusting with her",relationships,whats most important is that you recognize that what youve been doing is off base  that what youve been feeling is overreacting that you have insecurities and you suspect your actions and reactions are connected to your own past and not to the current situation or to your partner thats an excellent first step because without recognizing these things about yourself its unlikely that you would changethat said you sound as if you are really ready to start some therapy to work on your own personal growth not because there is something wrong with you but because youre ready to learn more about yourself and make some creative changes in your behavior yes there are lots of selfhelp books and courses but we humans often make the most progress when we have support in  realtime from another human being who can sit with us point out our blind spots and teach us some skills that are hard to learn on our own,1,1,908,0.7094408762300932,0.2905591237699068,F
637,1907,"hes been losing feelings and he doesnt know why i love him very very much he sometimes thinks im obsessed when im not at all i give him his space and i make sure hes okay but  sometimes i think if me and him saw each other more it would be better
i truly want me and him to get better its kind of hard not to stress about it because the love of my life is losing feelings which is a sad feeling hes a great guy i just dont know why hes been losing feelings towards me hes starting to put less effort in talking to me
at this point ill do anything to just make us better as a couple i tried talking to him but he doesnt like talking about it much advice on what to do",relationships,im willing to bet that this isnt what you are hoping to hear but id suggest giving him space ooph thats a tough one right i know but heres the thing when you keep trying to process and talk it out with him you keep pushing him away he needs to feel like a solid and whole person as you do too to be able to be fully in your relationship its the work of being in relationship to learn this i get that this is tough stuff i wonder outside of being with him how do you soothe and calm yourself thats the stuff for you to tune into and focus on right now,1,1,550,0.7093723061809274,0.2906276938190726,F
638,1495,hes been losing feelings and he doesnt know why i love him very very much he sometimes thinks im obsessed when im not at all i give him his space and i make sure hes okay but sometimes i think if me and him saw each other more it would be better i truly want me and him to get better its kind of hard not to stress about it because the love of my life is losing feelings which is a sad feeling hes a great guy i just dont know why hes been losing feelings towards me hes starting to put less effort in talking to me at this point ill do anything to just make us better as a couple i tried talking to him but he doesnt like talking about it much advice on what to do,relationships,im willing to bet that this isnt what you are hoping to hear but id suggest giving him space ooph thats a tough one right i know but heres the thing when you keep trying to process and talk it out with him you keep pushing him away he needs to feel like a solid and whole person as you do too to be able to be fully in your relationship its the work of being in relationship to learn this i get that this is tough stuff i wonder outside of being with him how do you soothe and calm yourself thats the stuff for you to tune into and focus on right now,1,1,550,0.7093723061809274,0.2906276938190726,F
639,450,im scared that my anxiety will make me say foul language i dont want to say those words though im only a teen and all my friends curse but i dont want to i dont know what to do,anxiety,its definitely possible that your response to anxiety is to swear though you dont have to feel controlled by that reaction  as a teen youre developing your identity based on what feels right to you and what doesnt  its ok to be different than your friends and just being around swearing doesnt mean you will for sure pick up that habit  what is it that connects your anxiety to swearing  if it feels like your automatic response might be to curse you could try picking some words that dont go against your values to use as a default when you are upset  you could also work directly with calming your anxiety maybe in ways that make you feel in control  breathing exercises as well as thought replacement replacing an unhelpful thought with a helpful one are good for that  whatever you try i wish you the best of luck,1,1,817,0.709171305884954,0.2908286941150459,F
640,71,"i have so many issues to address i have a history of sexual abuse im a breast cancer survivor and i am a lifetime insomniac    i have a long history of depression and im beginning to have anxiety i have low self esteem but ive been happily married for almost  years
   ive never had counseling about any of this do i have too many issues to address in counseling",depression,hello im so glad you decided to take the first step in opening a conversation first deciding to go to therapy can sometimes be difficult for some but with the right therapist healing is possible and obtainable even with what youve described to answer your question no you do not have too many issues to go to counseling  youve been through a lot and have been strong and at times its helpful to have someone else to help you through it what i would say is to be sure and find a therapist who is experienced in sexual abuse and trauma overall but you absolutely do not have too many issues for counseling please feel free to ask any other questions you may have regarding your situation and i hope you find the therapist youre looking for there are many great ones out there many of the issues youre experiencing may be tied together from the trauma best wishes laura cassity lmsw lmac,1,1,884,0.709030032709136,0.290969967290864,F
641,259,i feel like i am internally screaming all the time externally i am calm but i have this intense unidentifiable emotion constantly i dont feel sad i dont cry a lot i feel rather emotionally distant other than the internal screaming it kind of feels like im a caged animal,depression,it is hard to make a definite diagnosis however i would say  that it could be and or a combination of depression stress ptsd etc  more background information would have to be needed  one thing i would say is that you really need to seek guidance from a professional to work through these symptoms  if what you described as a caged animal is released all the crying sadness and controllable emotions will come out  that would not be good when they do  get help before they do,1,1,474,0.7090169395079686,0.2909830604920314,F
642,949,my supposetobe father told me to go find my real dad we havent been getting along since i was a teenager if i said one thing that he thought was wrong i always got degraded he never said i love you he never gave us hugs hes always called me horrible names i feel hes an evil man with no feelings,trauma,hi louisiana you got it righthes supposed to be your father its tough enough being adopted unless im reading it wrong i think youre adopted what you dont need is to be verbally abused by someone whos supposed to love and protect you i dont know how old you are past teen years though or where your mom is but i bet there are other people in your life who treat you differently its your right to spend your time with the people who love you properly thats a really important part of learning how to be happycarefully choosing whos going to be in your life its tricky to put emotional distance between you and your supposedtobe father but its possiblephysical distance avoid him if you dont trust youll be treated with respect and emotional distance feeling less connected to and affected by his relationship disability i think youre already doing that part because you dont blame yourself for his words which is wonderful i dont know if hes evil although i believe evil exists but he may be incapable of loving properly or lacking empathy as you suggest a good therapist can support you in these goals i wish you the best in your growth as an independent adult ,1,1,1160,0.7089064324485453,0.2910935675514546,F
643,1175,i just lost my grandpa and im having a rough time with it    i need some help to deal with the loss but i dont think i can pay for counseling where can i get help,griefandloss,its really admirable that you are reaching out to get help for something that can be very hard to deal with on your ownmany counselors work based off a slidingscale meaning they may lower their fees to meet clients needs  this can vary by location and therapist availability  another option is to try searching for counselors that would consider working with you probono  theres no harm in askingit also may be helpful to check with your insurance company to see what services they cover and what their copay is  if it turns out that you are unable to find what you need there are still many online support groups you can search via google andor facebook that are specifically geared toward loss of loved ones,1,1,709,0.7087110599385316,0.2912889400614684,F
644,255,"im a teenager and i i go through periods of moodiness i have extreme feelings but i bury them and then i feel nothing  just empty and emotionless
   i have trust issues low self esteemban extreme fear of abandonment and i constantly reevaluate my relationships i also dont know who i am as a person im not happy overall but im not suicidal can i just feel happy",depression,sometimes the way to feel happy is to address all the questions you just describedteenage years are the first time any of us starts to feel and recognize our uniqueness  the fact that you recognize your great range of feelings as uncomfortable as they may sometimes be is healthyalso healthy is that you are asking for opinions of therapists who would be familiar with when a range of feelings shows an out of the ordinary problemone path to take is to reflect on the topics you wrote here and especially to ask yourself your reasons for how the problem started and what it would take for it to resolvedo you have trust issues because someone broke your trust youre entitled to a repair of your trust by the other person   even if the person never offers this to you to know you deserve to be restored to whole may help you feel more securethe same is true with the other topics abandonment and relationships generallythe more you continue to value your unique understanding expectations and standards the more likely youll create relationships which do not have these qualities and you will restore your sense of hope that other people may treat you in a fair and kind way,1,1,1173,0.7076446437932781,0.2923553562067219,F
645,526,when i go to school i feel like everyone is judging me even my friends i get overwhelmed which these thoughts and sometimes cannot get out of what i call a deep hole of thoughts i barely go to any of our school dances because of all of the people not even when i am completely alone do these thoughts go away i still feel like people can see me and are judging me,anxiety,it sounds like a couple of things are going on here you are noticing yourself feeling judged by the people around you and that you are avoiding social activities and in addition to this you have intrusive thoughts that you are being judged even when alone it sounds like these thoughts are pretty distressing and you are wondering what is happening to you many people who come to therapy experience intrusive and distressing thoughts of various kinds which often influence their behavior in ways that they may not like such as leading them to isolate in therapy you may be able to gain insight into the nature of your distress as well as learn ways to cope and eventually alleviate this distress so that you can have satisfaction and security in your life and relationships,1,1,773,0.7074470899678009,0.2925529100321991,F
646,157,i struggle with depression as well as pretty intense mood swings throughout the month i experience highs where i feel amazing and energetic and then lows where i lack focus energy and generally have a more dark outlook on my life how can i live a more balanced life,depression,have you ruled out anything medical having a balanced life takes some time and commitment sounds like youre ready but you need someone to help guide you i would find someone you connect with here besides that check out this app brainwaves if you have an iphone if not theres a brainwaves app on the android that helps with your internal brain frequencies to help you to feel better there are  binaural programs to choose from iphone app the other thing is to create a new routine incorporating meditation a good program to follow is new start nutrition what are you eating is it benefiting you exercise even a  minute brisk walk is helpful water are you drinking half your body weight in ounces sunlight if its still scarce look for some vitamin d to supplement temperance do you need mental health support like working with a therapist or counselor air are you getting fresh air in your lungs rest are you getting restful sleep and trust which means trusting in something bigger that you this is a daily thing to do hopefully this helps,1,1,1037,0.7073319488735726,0.2926680511264273,F
647,400,"when im in large crowds i get angry and i just cant deal with people i dont really like other people i prefer animals they make me nervous and scared
   i lay awake at night thinking and having conversations in my head and i almost always end up making myself feel terrible and crying i have more conversions in my head than i do with actual people    i dont know whats wrong with me and why i feel this way what should i do",anxiety,reading this question makes me think of  melancholy and  phlegmatic temperaments people with such a temperaments do not need to be in large crowds in order to feel included they actually get so angry if they feel forced to be around people they need small social settings to feel included and if they do not know this they feel angry scared and nervous because it is not their territory they do not thrive well in big crowds and so they struggle they also feel more comfortable in small social settings with people that are familiar to them its helpful if you can get a copy of your temperament results to help you identify your socializing needs so that you can meet them in a healthy waythe other tendencies melancholies have is that they are constantly thinking and have a fear of being rejected these are stressful moments that needs to be managed you can use cognitive behavioral therapy to ration your way of thinkingyou may need to develop social and relationship skills so that you do not get overly stressed by relationshipsthe last thing is that allow yourself to choose the places and the time you can be around people so that you do not feel forced to be around people,1,1,1180,0.7071779498090449,0.292822050190955,F
648,1742,"how do you know you have the right therapist for you
 how would i know how to train my therapist to be able to give me what i need from treatment",counselingfundamentals,this is a great question finding the right therapist can be tricky because you dont really know how someone will be like until you meet them a few ways to prescreen are to visit the therapists website psychologytoday profile social media etc have a phone call with the therapist prior to your first appointmentonce you meet your therapist it is important to be clear with your wishes and expectations we are trained in helping you thrive in your life but we cannot mind read so if you dont tell us we wont know dont be shy about what you like and what you dont like a good therapist will listen to your needs process them with you and create a customized plan that works for you and your life a good therapist will also not take anything you say even criticism personally coming to therapy is hard and often times you might not want to go what makes a good therapist is someone who understands this and tries to make you feel as comfortable as possible while you address uncomfortable topics,1,1,991,0.7068271191840847,0.2931728808159152,F
649,415,"when im in large crowds i get angry and i just cant deal with people i dont really like other people i prefer animals they make me nervous and scared
   i lay awake at night thinking and having conversations in my head and i almost always end up making myself feel terrible and crying i have more conversions in my head than i do with actual people    i dont know whats wrong with me and why i feel this way what should i do",anxiety,its totally normal to feel overwhelmed and uncomfortable in large crowds or large family gatherings you may worry about not fitting in or having anything to say it is important to have a friend or two try to find someone with similar interests maybe you can do things that dont involve a lot of face to face contact like going to see a movie play or sporting event many people are perfectly happy doing things in small groups if you have ongoing conversations in your head it is usually due to worry about being judged and wanting to do or say the exact right thing as mentioned above finding someone to talk to either a supportive friend or therapist would allow you to get some of those thoughts our of your head and realize that you are more accepted than you think good luck,1,1,778,0.7067622983841191,0.2932377016158809,F
650,500,i have severe anxiety and have tried everything everything makes it worstthe only thing that helps is my emotional support animal,anxiety,sorry to read of your sufferingis it actually permitted that people are able to take support animals to schooli see your point of the animal helping you  i just also see the point that some people have allergies to animal hair or dander or may feel distracted by an animal in the classroomyou may end up feeling worse if when you bring your support animal to school that it disturbs people or interferes with the routines of the classfor your anxiety i suggest some loving kindness toward yourself  be patient with yourself and that you have anxiety  if youre able to accept that some situations create great discomfort for you maybe youll tolerate these difficult situationembrace your anxiety as part of you basically rather than trying to banish it which because it actually is part of you is impossible to achievein a way im suggesting you become your own support animal  love yourself be kind to yourself and see if you feel a little less stressed in school,1,1,962,0.7066017729914413,0.2933982270085586,F
651,730,when im not cutting im drinking when i try healthy outlets such as exercise i end up running myself down into an asthma attack from weapons to words i cant help but self harm what am i supposed to do how do i stop this cycle i dont know how else to cope or motivate myself without pain,selfesteem,it sounds like you are feeling helpless and out of control you are concerned about your behavior and at the same time you feel compelled to continue it in working with a therapist you may be able to get insight into what is motivating these behaviors develop strategies for taking care of yourself and get a stronger sense of who you are motivated to be when you are your authentic self,1,1,386,0.7058401889082809,0.294159811091719,F
652,1669,"how do you know you have the right therapist for you
 how would i know how to train my therapist to be able to give me what i need from treatment",counselingfundamentals,youll know you have the right therapist when after the first few sessions you feel comfortable enough to tell them things you wouldnt tell anyone else its important in therapy for that rapport to be built from the beginning and that you as the client feel comfortable enough to share what you need to share you shouldnt feel judgement from your therapist and you should be able to trust the advice your therapist provides therapy isnt about advice dont get me wrong but to truly implement the changes that need to be implemented to improve your life you need to trust the person giving the advice your therapist should have your best interest at heart and truly listen to what you have to say the therapist should be willing to meet you where you are in your world and attempt to see the world from your perspective to truly understand what you have been through you need to feel comfortable in therapy to be yourself and say whats on your mind therapy shouldnt be something that should be dreaded but it can get uncomfortable depending on the depth of the things being discussed,1,1,1079,0.7055811907258037,0.2944188092741963,F
653,1765,is it normal for people to cry during therapy or is it just me,counselingfundamentals,absolutely in fact it is encouraged to let it out and embrace the hurt  trust me when i say this youre not alone many of my patients cry especially the men after seeing that there is no shame in crying in session it is almost as if theyre seeking permission to be able to let go  my thoughts on crying is that in order for someone to appropriately process the pain hurt and suffering one might be experiencing you have to work through it and let it all out crying is cathartic and healing  therapy is one of the safest places to be vulnerable and peel back the layers of the onion so you can get to the roots of the issues that have been weighing on you let it out and let go so you can move forward and feel the weight lifted off your shoulders,1,1,745,0.7055265873166197,0.2944734126833804,F
654,1402,im in a relationship with my fiancé and i currently found out that shes been cheating on me with a coworker i was very upset none the less i understand what she did was wrong but i want to spend the rest of my life with her so im willing to forgive and move on we have been together for a little over  years and we have a son at the beginning of our relationship i was unfaithful and she caught me cheating she forgave me for what ive done to her and since then i been completely faithful im worried about our relationship and want to move forward but its been very unsettling all i can think about is her with another man i dont know what to do or where to go for advice,relationships,what makes love last how to build trust and avoid betrayal by john gottman is a great book for you both to start reading you may also want to invest some time and energy in couples therapy it sounds like there is a lack of trust in your relationship likely a hangover from your beginnings that would be helpful for you both to work through to truly be able to forgive and move forward,1,1,384,0.7053867920743918,0.2946132079256082,F
655,1954,im in a relationship with my fiancé and i currently found out that shes been cheating on me with a coworker i was very upset none the less i understand what she did was wrong but i want to spend the rest of my life with her so im willing to forgive and move on we have been together for a little over  years and we have a son at the beginning of our relationship i was unfaithful and she caught me cheating she forgave me for what ive done to her and since then i been completely faithful im worried about our relationship and want to move forward  but its been very unsettling all i can think about is her with another man i dont know what to do or where to go for advice,relationships,what makes love last how to build trust and avoid betrayal by john gottman is a great book for you both to start reading you may also want to invest some time and energy in couples therapy it sounds like there is a lack of trust in your relationship likely a hangover from your beginnings that would be helpful for you both to work through to truly be able to forgive and move forward,1,1,384,0.7053867920743918,0.2946132079256082,F
656,2629,"im always listening to my husband but it feels like he never listens to me 

how do i get my husband to listen to me instead of me listening to him all the time",relationshipsmarriage,have the two of you ever discussed how you feel  i know given the nature of your question thats probably not likely but im going to suggest it any way  he needs to understand that how you feel about this issue equates to not being as happy in the relationship as you could be or he thinks you are  so start there that may be more of an attention getter than you never listen to me yes i do etc  direct opener  im not as happy in this relationship as i think we both deserve  pause and if you wont let me talk about it then its only going to get worse  then explain you dont feel listened to you try to be a good listener but you dont feel you are getting the same in return  if he interrupts put your hand up in the sign of a stop then say please just let me finish  you are right to raise this subject with him because a good marriage cant exist in a communication vacuum in fairness to him he needs to understand the seriousness of your concern and have a chance to do better  if he refuses  tell him you want to seek couples counseling then do it with him or without him,1,1,1073,0.705384664515166,0.294615335484834,F
657,1315,im always listening to my husband but it feels like he never listens to me    how do i get my husband to listen to me instead of me listening to him all the time,marriage,have the two of you ever discussed how you feel  i know given the nature of your question thats probably not likely but im going to suggest it any way  he needs to understand that how you feel about this issue equates to not being as happy in the relationship as you could be or he thinks you are  so start there that may be more of an attention getter than you never listen to me yes i do etc  direct opener  im not as happy in this relationship as i think we both deserve  pause and if you wont let me talk about it then its only going to get worse  then explain you dont feel listened to you try to be a good listener but you dont feel you are getting the same in return  if he interrupts put your hand up in the sign of a stop then say please just let me finish  you are right to raise this subject with him because a good marriage cant exist in a communication vacuum in fairness to him he needs to understand the seriousness of your concern and have a chance to do better  if he refuses  tell him you want to seek couples counseling then do it with him or without him,1,1,1073,0.705384664515166,0.294615335484834,F
658,262,people who are parental figures in my life have in the past hurt me and some continue to do so it makes me feel like im not good enough for my husband or the life he provides me i have had jobs but i am going through a lot of my past garbage and trying to figure out when it all went wrong any time i bring these things up i am expected to be over the issue these are people that you cant just cut out but i have never received apologies for so much of my pain i dont know what to do any more i dont know who i am anymore,depression,it sounds like you have been thinking about how past hurts have influenced you and when you try to talk about these hurts with people in your life you are feeling invalidated it also sounds like current conflicts are continuing to leave you feeling hurt and devalued in working with a therapist you may be able to get some clarity about your past who you are and what kinds of boundaries you want in your relationships so that you can lead a life that is more satisfying to you,1,1,477,0.7051811171048614,0.2948188828951386,F
659,182,im very depressed how do i find someone to talk to,depression,you have already taken the brave first step of making the decision to heal from it and find a professional that will help you do so there are lots of different options nowadays for therapists as you can see them online or in an office  my biggest tip for you is to use psychology today or counsel chat to find a therapist  enter in your zip code and you will find many different therapists you can talk to  be sure to find someone that you most resonate with and ask them any questions you may have many  times therapists will provide free consultations and this can be a great opportunity to see if you are a good fit,1,1,618,0.7051727090865286,0.2948272909134714,F
660,1803,is it normal for people to cry during therapy or is it just me,counselingfundamentals,its absolutely normal to cry in therapy i imagine that you are being vulnerable and open to exploring some deep seeded issues also it may be a good sign that you feel safe and held with your therapist that you are able to freely express those strong emotions,1,1,258,0.7051532246642176,0.2948467753357824,F
661,943,i was a victim of an incident ive been made fun of and have been beating myself up for it because i dont feel anyone honestly believes me there are so many other factors i deal with on a daily basis i ignore my problems when im with my friends but its scary when im alone,trauma,im glad you have some time when youre not thinking about your trauma when youre with your friendsas far as feeling scared when you are alone im not sure if you are referring to having flashbacks or thoughts on what happened to you or reminders in the environment around you or something elseone thing that might help is to find a bead or a rock that is smooth that you can hold onto or rub against your hand or fingers think of a time when you felt safe comfortable happy  basically a positive and safe moment  while holding onto the rock then when you have scary thoughts you can hold on to the rock and remember the happier place try to associate as many happy and safe moments with the rock as you can,1,1,704,0.7049001507829054,0.2950998492170946,F
662,1975,"i have been with my boyfriend for more than a year he recently got a new job and travels a lot im not used to him being gone all the time i feel as though he has forgotten about me because he does not talk with me as much and doesnt keep me up to date on everything that he does throughout the day which he used to
i feel lost sad and unwanted this is really a tough new challenge i just want to break up with him but i love him so much i dont know why he is acting this way lately i believe i have separation anxiety is there anything that i can do to help me cope with this while he is out of town",anxietyrelationships,in a way yes you have separation anxiety its normal in a relationship for us to slow down a bit with the attachment behaviours that establish and deepen love and connection so just because your boyfriend isnt talking as much or keeping you uptodate doesnt necessarily mean what you fear it meansthat hes forgotten about you or loves you less it could mean quite the oppositethat hes focused on being successful in his new job and impressing you he may think hes loving you more but you feel loved less you have two jobs to do here the first is to manage your anxiety by talking back to the thoughts it puts into your head it sounds like its normal to be insecure but i have tons of evidence that he loves me and that i mean the world to him find that evidence that helps you refute what anxiety is trying to claim the second part of your job is to let him know what you need you need more affection and connection during this period when hes away more texts phone calls information its okay to want that and i am sure he will be relieved to know exactly what he can do to help you feel secure and calm when hes away,1,1,1115,0.7047087387175113,0.2952912612824886,F
663,419,"i have been with my boyfriend for more than a year he recently got a new job and travels a lot im not used to him being gone all the time i feel as though he has forgotten about me because he does not talk with me as much and doesnt keep me up to date on everything that he does throughout the day which he used to
 i feel lost sad and unwanted this is really a tough new challenge i just want to break up with him but i love him so much i dont know why he is acting this way lately i believe i have separation anxiety is there anything that i can do to help me cope with this while he is out of town",anxiety,in a way yes you have separation anxiety its normal in a relationship for us to slow down a bit with the attachment behaviours that establish and deepen love and connection so just because your boyfriend isnt talking as much or keeping you uptodate doesnt necessarily mean what you fear it meansthat hes forgotten about you or loves you less it could mean quite the oppositethat hes focused on being successful in his new job and impressing you he may think hes loving you more but you feel loved less you have two jobs to do here the first is to manage your anxiety by talking back to the thoughts it puts into your head it sounds like its normal to be insecure but i have tons of evidence that he loves me and that i mean the world to him find that evidence that helps you refute what anxiety is trying to claim the second part of your job is to let him know what you need you need more affection and connection during this period when hes away more texts phone calls information its okay to want that and i am sure he will be relieved to know exactly what he can do to help you feel secure and calm when hes away,1,1,1115,0.7047087387175113,0.2952912612824886,F
664,1741,"how do you know you have the right therapist for you
 how would i know how to train my therapist to be able to give me what i need from treatment",counselingfundamentals,what an important question i think one of the first things to assess is this do you feel comfortable with your therapist do you feel like you can talk openly about whats going on in your life without feeling judged do you experience your therapy as a safe space to process your thoughts and feelings feeling comfortable with your therapist is a crucial factor once you feel comfortable with your therapist you can have a conversation about what works for you in therapy tell your therapist what is helpful and what you dont find helpful a skilled therapist can shift his or her style and techniques to meet your individual needs and this may be an ongoing conversation that the two of you have during therapy oftentimes there is just an x factor between client and therapist that either makes the relationship work or can make it feel like something is missing this is no ones fault its just that not every therapist will be a perfect match for every client if you feel uncomfortable with your therapist or feel like that x factor is missing it is a good idea to keep searching for therapist who is right for you,1,1,1112,0.7046255295995754,0.2953744704004246,F
665,1660,"i keep having these random thoughts that i dont want things like you arent worth anything i know theyre my own thoughts but it feels like someone else is saying it
   what is wrong with me and how can i stop having these thoughts",diagnosis,many people have thoughts like those you describe and often it feels like someone else is saying it because they are things that may have been said to you when you were very young  when young children hear negative things about themselves they tend to internalize these negative ideas and to form negative core beliefs  the good news is we can learn to stop these thoughts and to replace them with healthier thoughts  the first step is to catch yourself when you are thinking these thoughts and to stay stop then replace it with another thought  so for instance maybe you fail a test or get rejected by a romantic interest  you catch yourself saying you arent worth anything stop this thought and replace it with you didnt do as well on that test as you would have liked  lets figure out how you can do better next time  or she may not want to go out with you but someone else will so the idea is to develop a voice of a friend who can tell you the kind of things you would say to your own best friend  you might also pick up the book feeling good by david burns he gives many tips for how to change negative self talk,1,1,1118,0.70456599367428,0.29543400632572,F
666,2786,"i keep having these random thoughts that i dont want  things like you arent worth anything  i know theyre my own thoughts but it feels like someone else is saying it

what is wrong with me and how can i stop having these thoughts",diagnosis,many people have thoughts like those you describe and often it feels like someone else is saying it because they are things that may have been said to you when you were very young  when young children hear negative things about themselves they tend to internalize these negative ideas and to form negative core beliefs  the good news is we can learn to stop these thoughts and to replace them with healthier thoughts  the first step is to catch yourself when you are thinking these thoughts and to stay stop then replace it with another thought  so for instance maybe you fail a test or get rejected by a romantic interest  you catch yourself saying you arent worth anything stop this thought and replace it with you didnt do as well on that test as you would have liked  lets figure out how you can do better next time  or she may not want to go out with you but someone else will so the idea is to develop a voice of a friend who can tell you the kind of things you would say to your own best friend  you might also pick up the book feeling good by david burns he gives many tips for how to change negative self talk,1,1,1118,0.70456599367428,0.29543400632572,F
667,406,"when im in large crowds i get angry and i just cant deal with people i dont really like other people i prefer animals they make me nervous and scared
   i lay awake at night thinking and having conversations in my head and i almost always end up making myself feel terrible and crying i have more conversions in my head than i do with actual people    i dont know whats wrong with me and why i feel this way what should i do",anxiety,hi theredo you find it is just in crowds or do you find it when you are around other people as well like if someone is angry you can feel their anger if they are sad you feel their sadness   are the thoughts and conversations sometimes mean and then you feel guilty and then feel bad about yourself sometimes this happens when people have anxiety but it can also happen when you are a highly sensitive person check out elaine arons website hspersonscom essentially hsps have more mirror neurons the ones that reflect back to you other peoples emotions in their brain so the pick up other peoples energy and then things like crowds can feel overstimulating for them we then imaging ourselves in others shoes and it can create a guilt loop a good therapist should be able to help you identify what is happening for you,1,1,816,0.7041099639841424,0.2958900360158576,F
668,493,sometimes im fine and can go out or meet people but other days my heart races and words physically cannot come out of my mouth ive always thought it was normal and i was just nervous but the other day it took me almost  minutes of sitting in my car to find the courage to enter target by myself,anxiety,it is possible that you could have or be developing an anxiety disorder there isnt really enough information provided here to suggest a particular disorder but it might be worth meeting with a counselor or therapist to do a formal assessment some of the questions they might ask could be what other kinds of physical symptoms you experience how frequently these physical symptoms happen whats going on for you when they tend to happen and how frequentlyintensely you find yourself worrying in general anxiety itself is a really natural thing  its just when it starts interfering with your ability to do life the way you want that we start to consider potential disorders it might be that for the most part the anxiety you feel is normal and you simply have some triggers that intensify it more than usual working on your own or with the support of a counselortherapist to both address those triggers at the root and also to develop ways of managing the actual anxiety symptoms this twofold approach can be really helpful for not letting anxiety keep you from engaging in life the way youd like,1,1,1093,0.7038051323120978,0.2961948676879021,F
669,807,i was in a relationship for almost five years we were friends for a few years before we got into a relationship he was a caring friendly and charming guy up until three and a half years in he started controlling me who i hung out with where i was at all times and he had a huge hissy fit if i tried to ask him the same questions all that time he just liked me as a friend and was cheating on me with my socalled friends at the end he was a nasty and narcissistic person now its hard to be social,relationshipdissolution,it sounds like you had a very confusing and painful experience in this relationship and now you feel hesitant to let yourself get close to people it is understandable that when we are hurt in relationships we may have trouble trusting and allowing ourselves to be vulnerable with otherstherapy is a great place to explore the roots of present difficulties in relationships to unpack what happened in prior relationships and to find new ways to show up in relationships so that we can have the relaxed intimacy that we want often relationship difficulties represent patterns of relating that we learn early in life which we may feel compelled to act on outside of our awareness and therapy provides an opportunity to become more aware of these patterns so that we can change them enabling us to feel secure and to seek out satisfying companionship,1,1,846,0.7037870312340168,0.2962129687659832,F
670,1500,i am a heterosexual male in my late s i find myself wearing pantyhose heels skirts and other womens clothing in private i am torn on how to feel about it i enjoy it very much i have had a pantyhosestocking fascination and other kinky fetish interests since i was young i have no history of sexual abuse growing up i am currently single,lgbtq,if you enjoy crossdressing and are comfortable with how you feelaand aware of your own thoughts and feelings about it in private as compared to in public  i see no problem with thatif you would like to become more comfortable with it or express more feelings about it i recommend that you  see a local mental health professional not because there is anything wrong with what you are doing but so you can learn more about yourself in the process you may find  that doing this in private and having a partner  who accepts that is your view of how you would like things to be you may discover that you would like to do this in publici appreciate your honesty,1,1,655,0.7036539090916969,0.2963460909083031,F
671,1556,for the past four weeks ive been having nightmares and hearing voices telling me of horrible things theyre not random voices but rather the voices of those i care about,behavioralchange,i would recommend that you talk with a mental health professional near you about the details so you can have some really specific support for what you are going throughi dont know if you can understand when the voices are saying but i wonder how you feel about what you are hearing if the voices are just at night is it possible that they are part of a nightmare or a dream if you recall your nightmares consider writing them down so that you can remember their content and work with a mental health professional to look for patternsone thing that may help you while you are awake is to try to stay connected to the room youre in for example take time to notice your feet on the floor hips in the chair and shoulders against the back of the chair you can also try mindfulness techniques such as noticing what is around you or changing your breathing patterns these ideas may help in the meantime prior to having more specific ideas from someone near youthanks for reaching out,1,1,976,0.7033959222043622,0.2966040777956378,F
672,1421,my boyfriend is in recovery from drug addiction we recently got into a fight and he has become very distant i dont know what to do to fix the relationship,relationships,my empathy goes out to you relationships are tough enough and im sure your partner being distant has been upsetting for you you are confused and want to mend the relationship with him but are finding it so hard to do relationships require both people to work consistently in order to keep them happier but if it is only you that is actively trying to repair the relationship it can be emotionally draining perhaps expressing you feel using i you statements can be beneficial do not accuse him or use you statements like you are so distant  or you dont even carestart out sharing your feelings by saying i feel sad when you dont return my phone calls or i feel confused about our relationship ever since you have been keeping to yourself he may have a valid point or might have been hurt by the argument and retreated as a result of it regardless of why use this time as a great opportunity to practice healthy communication if you think you are not ready for a conversation like that couples counseling can be excellent you will have a skilled facilitator guide the conversation and help you both communicate with one another,1,1,1125,0.7032610940946868,0.2967389059053131,F
673,302,im unemployed just relocated i cant get approved for a place to live because of past mistakes which follow me to this day im depressed and on the verge of loosing my partner because im overwhelmed and have trouble functioning on a daily basis i see no light at the end of this tunnel and need some help i see no point in this chaos infested joke some call life,depression,it sounds like you are feeling like things are hopeless and out of control and youre not sure what to do about it if you can find a competent therapist to work with together you may be able to come up with some strategies for alleviating the overwhelming distress that you are experiencing and gain some insight into what may be contributing to these challenges additionally a therapist may be able to support you in getting back on your feet in regards to work a place to live and showing up with your partner in a way that will be more satisfying to you,1,1,555,0.7029358633040595,0.2970641366959404,F
674,1211,i have bipolar ii disorder im addicted to alcohol and weed and im hopeless i keep drinking even though its harming myself and others,substanceabuse,the first step to change is to admit that you have a problem that is in need of change  frequently our problems keep us in denial  although feeling hopeless is an uncomfortable feeling it suggests to me that you know that you can not do this alone  the best course of treatment for you is to treat all of these problems together  alcohol detox can be very dangerous so it is important that you do this under the supervision of a medical provider preferably someone who specializes in addiction  know also that although marijuana may not appear to be as big as a problem as alcohol is it will cause you to have an increase in alcohol cravings so complete abstinence from drugs and alcohol is needed i really recommend an inpatient stay for at least  days for anyone who is dealing with addiction whether combined with mental health issues or not  if this is not a possibility then the next best thing would be an intensive outpatient program that treats both addiction and mental health issues  know that there is hope for what you are experiencing  you can get control over these issues  the next step is finding the team andor facility that is going to help you do it,1,1,1168,0.7028797466180283,0.2971202533819716,F
675,842,maybe this is a stupid question but i sometimes dont know whats real or not if feel at times like everyones lying how do i know if god is one of those lies,spirituality,thanks for posting  this is a significant issue for many people and can make us feel helpless among other emotions due to the uncertainty  you said that at times you feel like everyone is lying ask yourself some of these questions  what is it that makes you feel so strongly that they are lying  where is the concrete evidence that they are lying how could i test my thoughts about this what if things are not what they seem on the surface am i any lesser of a person as a result of this persons behavior or opinion  our beliefs about ourselves and the people and our world  and how we interpret information and experiences have a significant effect on how we feel and how we behave  it is important to objectively challenge the beliefs that contribute to negative emotions  you can start this process by answering some of the above questions  we are unfortunately influenced by what and who we associate with  as it pertains to if god is a lie be honest with yourself and question your beliefs that tell you that god is or is not real  it may be helpful for you to speak to a preacher or chaplain of some sort and they can help you with a lot of that  hope this helps at least a little bit,1,1,1190,0.702847293887314,0.2971527061126859,F
676,4,"i have so many issues to address i have a history of sexual abuse im a breast cancer survivor and i am a lifetime insomniac    i have a long history of depression and im beginning to have anxiety i have low self esteem but ive been happily married for almost  years
   ive never had counseling about any of this do i have too many issues to address in counseling",depression,its not really a question of whether you have too many issues for counseling but more what would you like to work on in counseling you control the direction of sessions and depending on how youre feeling in a particular day can predict what direction that session takes if you want to work on all the issues youve listed it will just take some dedication on your part to see through the counseling long enough to find a resolution to each of the issues that is satisfactory to you you work at your own pace in counseling and it does seem like you may be overwhelmed with the evergrowing list but you may just be in search of self improvement and making yourself better which is a great thing it seems as though you may need some form of resolution to what has happened in the past and to work through the trauma you have experienced that may be the base of your counseling needs in which self esteem and depressionanxiety may fall underneath it as well if you want to start counseling dont let what you need to work on overwhelm you find the counselor that best fits with you and together you both can tackle any issue,1,1,1118,0.7026238412025221,0.2973761587974779,F
677,1734,"how do you know you have the right therapist for you
 how would i know how to train my therapist to be able to give me what i need from treatment",counselingfundamentals,finding the right therapist for you may take time  or you may find one the first try two important things to think about when first finding a therapist are do i feel safe and do i feel heard the first time seeing a therapist can be anxiety provoking it may be uncomfortable unless there are giant red flags about a therapist things beyond meeting someone for the first time and answering uncomfortable but important questions i always suggest seeing a therapist  times before making a decision to try another it may end up that you feel like your therapist isnt the best fit for you but again i encourage you to give them a couple times before moving on when you get past the initial sessions of paperwork and gathering information you can gauge the client  therapist relationship better and when you find the right person to work with you will know it,1,1,852,0.7026131936475868,0.2973868063524132,F
678,2640,im obsessing about a terrible breakup everything is a constant reminder  how do i move on,relationship dissolution ,breaking up can be a very difficult thing  im sorry youre feeling badly    the first thing is to be really sure you are taking care of yourself  that means eating well exercising getting good sleep spending time with friendsfamily and making sure you are taking care of important things like work rent bills etc    secondly its important to do things that make you feel better and not worse   if looking up your ex on social media makes you feel worse stop doing it   its important to concentrate on you and not them    thirdly its super important to make sure youre really looking at the situation accurately and look for the good things that still exist in your life   what is still good   even though your emotions are hurting and you are feeling badly can you see the light at the end of the tunnel  do you feel hope  if you do try to concentrate on that hope feeling   if the obsessing continues and really gets in the way of living your life   maybe contact a therapist or counsellor that can help you through this difficult time,1,1,1035,0.702547843643667,0.297452156356333,F
679,766,im obsessing about a terrible breakup everything is a constant reminder how do i move on,relationshipdissolution,breaking up can be a very difficult thing  im sorry youre feeling badly    the first thing is to be really sure you are taking care of yourself  that means eating well exercising getting good sleep spending time with friendsfamily and making sure you are taking care of important things like work rent bills etc    secondly its important to do things that make you feel better and not worse   if looking up your ex on social media makes you feel worse stop doing it   its important to concentrate on you and not them    thirdly its super important to make sure youre really looking at the situation accurately and look for the good things that still exist in your life   what is still good   even though your emotions are hurting and you are feeling badly can you see the light at the end of the tunnel  do you feel hope  if you do try to concentrate on that hope feeling   if the obsessing continues and really gets in the way of living your life   maybe contact a therapist or counsellor that can help you through this difficult time,1,1,1035,0.702547843643667,0.297452156356333,F
680,463,i am a female and in my early teens i dont want to feel afraid of people when i meet someone i know that they are okay but i still feel afraid,anxiety,first off this is totally expected for someone your age  you are just moving into the phase of life where your job is to figure out your identity and who you are  its no surprise you are afraid of people if thats the way you feel you are strugglingif you are worried about people harming you that paints a different picture  do you struggle to trust your evaluations of others  what makes someone safe ish vs potentially dangerous  sitting down and coming up with some ways you have done this in the past or qualities of the people you trust now can help to disentangle what means safety and what means danger we can never truly know how someone will behave but if we always choose to never trust then we miss out on connection as well  your brain is still growing so the great news is its so flexible to change  it remains flexible for the entire lifespan but the teen years are really the last time its so moldable  if theres someone in your life you can trust reaching out for help can make how you are feeling less intense  its never fun to deal with everything by yourself  hope this helps,1,1,1094,0.7023834172457915,0.2976165827542085,F
681,482,im  and im sick and tired of going back and forth id like to stay at my mothers house this problem has really affected me ive had anxiety attacks and suicidal thoughts and selfharm in the past    currently im going through anxiety and my thearapist is not available how do i handle this,anxiety,ok first things first we have to think of your safety and take care of those thoughts of hurting yourselfyes this is a major problem for you and can cause anxiety and depression you have the right to be sick and tired kids often are pawns in this marital problems that their parents have im sorry that this is happening to youi am not sure of your rights in the state you live in but as far as i know you as a  year old you have the right to stay where you want so youre going through an anxiety episode and your therapist is not available  if im the therapist we would have already set up a plan so that if you are in this situation you would know what to do in the worst case scenario you would be able to contact mebut i would have given you several exercises to help reduce your anxietystaying with your mom should be your choice i know you probably dont want to hurt anyones feelings but there are ways to ease the tension maybe with your permission and their agreement we all could meet together for a session or two to ease your tensions and get over and through this hassle,1,1,1081,0.7017793255431934,0.2982206744568066,F
682,2577,"im  and im sick and tired of going back and forth id like to stay at my mothers house this problem has really affected me ive had anxiety attacks and suicidal thoughts and selfharm in the past 

currently im going through anxiety and my thearapist is not available how do i handle this",anxietyparentingfamily conflict,ok first things first we have to think of your safety and take care of those thoughts of hurting yourselfyes this is a major problem for you and can cause anxiety and depression you have the right to be sick and tired kids often are pawns in this marital problems that their parents have im sorry that this is happening to youi am not sure of your rights in the state you live in but as far as i know you as a  year old you have the right to stay where you want so youre going through an anxiety episode and your therapist is not available  if im the therapist we would have already set up a plan so that if you are in this situation you would know what to do in the worst case scenario you would be able to contact mebut i would have given you several exercises to help reduce your anxietystaying with your mom should be your choice i know you probably dont want to hurt anyones feelings but there are ways to ease the tension maybe with your permission and their agreement we all could meet together for a session or two to ease your tensions and get over and through this hassle,1,1,1081,0.7017793255431934,0.2982206744568066,F
683,547,whenever i leave my girlfriend i get panic attacks im taking medications to control them but im thinking of moving in with her since i get so anxious,anxiety,im sorry to hear that you are currently experiencing panic attacks i hope that the medication you have been prescribed has provided you with some relief unfortunately i dont feel that moving in with your girlfriend would alleviate your anxiety although you may feel very anxious about leaving her your body is reacting to this stressful event in your life in an unhealthy manner you may be able to render this particular situation but its likely that you may experience another panic attack when an additional stressful event arises therefore it is essential that you address the reason for why you are experiencing panic attacks in the first place followed by practicing coping mechanisms in the case that one would arise in the futuretalk therapy has shown to be effective with those affected by anxiety along with breathing exercises and yoga a trained therapist will be able to assist you in finding the right stress reducing method so that you can reduce the chance of another attack occurringi wish you the best of luck it sounds like you are very happy in your relationship and i hope you are able to reduce your anxiety so that you are able to enjoy one another,1,1,1169,0.70166171611758,0.29833828388242,F
684,1260,it was over  years ago but the pain has resurfaced again now because i have started seeing her facebook posts about how great her life is i feel so angry how can i handle this,familyconflict,affairs and infidelity are tough areas to address the power of the affair comes from the feeling of injustice that seems to have happened to you the struggle i notice people have is with the forgiveness forgiveness is something that is asked of you from your partner but also you have the power to give i assume you want to forgive or have forgiven however the forgetting part is difficult it seems that image of her happiness may have triggered something in you that isnt happy im not sure how often you are triggered by her but it seems there is something there you need to process the forgetting part sadly is difficult to put past your mind however its being able to see the unfortunate situation they did and be able to walkthrough it even though its painful i think maybe speaking with a local therapist about this as its often difficult to process alone also see how you are feeling as days go on do you find yourself obsessed if so you may need to seek a professional counselor,1,1,985,0.7014611827565683,0.2985388172434317,F
685,976,i get angry and act out it scares my wife and child,angermanagement,yes you can  if you cannot control your temper who can  you have more power of your emotions thoughts and feeling than you are giving yourself credit for  if this is scaring your wife and child you need to get control of it immediately  try going to an anger management class  it will help to discover what is the root cause of your anger what triggers it and how you can controlmanage it  if you cant go to a class try self help books or even better yet counseling and support of a professional counselor,1,1,505,0.7008286514841497,0.2991713485158502,F
686,89,i feel angry anxious and depressed the ptsd i suffer is from a past relationship,depression,i second the suggestion to find a therapist who is trained in cognitive processing therapy cptill also add that all you describe is very common in ptsd  emotionally its an exhausting condition and can take a lot of energy from the body  depression is a common consequence of ptsd since many people experience functional repercussions impacts in work social and familial settings   its not fun to feel constantly terrified  to search for a therapist trained in what you are dealing with it could be helpful to specifically search for folks who specialize in treating ptsd  you can do that through google searches or you can also head over to psychology today and therapy den  both sites are therapist directories where you can narrow down the type of therapist you are looking for as well as other factors like insurance they accept and locationyou are on the right track coming here so keep up the search,1,1,904,0.700328712207138,0.299671287792862,F
687,1157,ive been in a relationship for over a year hes cheated and lied i heard hes married but he says hes not everything is very up and down theres no trust recently he went on a trip and i promised him id behave and not drink because when i drink i drink too much and i tend to make poor choices this time i made a huge mistake i drank too much and i cheated on him i slept with another man for about five minutes before realizing what i was doing is wrong i told him and he just got really rude he called me names and threatened me i feel bad as i do love him we just have so many issues im not a bad person ive just made a lot of bad mistakes its unintentional and i know right from wrong but why do i still make the wrong choice,intimacy,hi calgary canada  let me get this straightyoure in a relationship but he might be married you both cheat and lie and hes abusive the short answer is that there is too much wrong here for this therapist to try and fix it relationships dont heal us and they dont help us grow up we have to be mature and stable enough to love someone before its going to work id recommend you focus on yourself alone for a while you have a lot to sort out i wish you the best,1,1,457,0.7001511421996103,0.2998488578003897,F
688,923,i recently lost a friend to suicide im smoking marijuana and drinking more to cope with it how can i handle this better,trauma,first of all i am very sorry for your loss and i can understand the urge to drink and smoke to try and cope as im sure you understand alcohol and marijuana may take the edge off of the pain in the short run but in the long run they may prevent you from being able to work through the thoughts and feelings that you have about the loss of your friend grieving is a process that is unique to each individual and each relationship that may involve difficult confusing and even contradictory seeming thoughts and feelings and a competent therapist can help you work through this process it also may be useful for you to add other ways of coping such as taking care of yourself through exercise doing healthy activities that you love and spending time with people that you love self care is often most difficult when we need it the most thank you for reaching out,1,1,858,0.700070834123233,0.299929165876767,F
689,2269,i recently lost a friend to suicide  im smoking marijuana and drinking more to cope with it how can i handle this better,grief and losssubstance abusetrauma,first of all i am very sorry for your loss and i can understand the urge to drink and smoke to try and cope as im sure you understand alcohol and marijuana may take the edge off of the pain in the short run but in the long run they may prevent you from being able to work through the thoughts and feelings that you have about the loss of your friend grieving is a process that is unique to each individual and each relationship that may involve difficult confusing and even contradictory seeming thoughts and feelings and a competent therapist can help you work through this process it also may be useful for you to add other ways of coping such as taking care of yourself through exercise doing healthy activities that you love and spending time with people that you love self care is often most difficult when we need it the most thank you for reaching out,1,1,858,0.700070834123233,0.299929165876767,F
690,22,"i have so many issues to address i have a history of sexual abuse im a breast cancer survivor and i am a lifetime insomniac    i have a long history of depression and im beginning to have anxiety i have low self esteem but ive been happily married for almost  years
   ive never had counseling about any of this do i have too many issues to address in counseling",depression,it can feel overwhelming sometimes when we reach a point in our lives when we say to ourselves i think i want andor need counseling  this is especially true if we feel we have so many issues to work through and cover with a therapist that we may feel like we would not know where to even begin we may feel that way because of our trauma in the past and our current problems however this should not stop you when you work with a trained therapist especially one who has experience working with your particular  issues that are impacting you the most you will find that little by little over time they can be worked through in counseling sessions with a therapist therapy is often not a linear process but more cyclical in nature and sometimes working on the most pressing things that are impacting your life helps to put others things into perspective so to answer your question no you do not have too many issues to address in counseling despite feeling overwhelmed by this just unpack one thing at a time good luck,1,1,1015,0.6997102090314151,0.3002897909685849,F
691,26,"i have so many issues to address i have a history of sexual abuse im a breast cancer survivor and i am a lifetime insomniac    i have a long history of depression and im beginning to have anxiety i have low self esteem but ive been happily married for almost  years
   ive never had counseling about any of this do i have too many issues to address in counseling",depression,absolutely not it sounds like you have had a quite a lot of traumas in your life those traumas do not mean you have too many for therapy but rather that you could possibly benefit from therapy more having numerous issues just means you might need to be in therapy for a bit to work through them an experienced therapist can help you sift through all you have been through to find what is causing you the most distress good luck,1,1,427,0.6995726274799188,0.3004273725200813,F
692,1332,cheating is something unacceptable for me but because we have two daughters i decided not to break up the family however now i am struggling to forget and forgive what happened i feel like i cannot trust him without trust i cannot stay in this relationship on the other hand i do not want my children to get hurt im not sure how to move forward,marriage,lets just start with acknowledging that trust is huge and betrayal hurts youre entitled to your feelings all of them and you need to know that your husband understands you that said some ways are more effective at rebuilding and repairing relationships that others i am a big fan of the gottman method for couples therapy especially following infedienity you can read about this approach in gottmans books the science of trust and making love last andor you can seek a gottman certified couples therapist here httpswwwgottmancomprivatetherapy,1,1,542,0.6994734604800081,0.3005265395199918,F
693,1918,"cheating is something unacceptable for me but because we have two daughters i decided not to break up the family
however now i am struggling to forget and forgive what happened i feel like i cannot trust him without trust i cannot stay in this relationship on the other hand i do not want my children to get hurt im not sure how to move forward",relationshipsmarriage,lets just start with acknowledging that trust is huge and betrayal hurts youre entitled to your feelings all of them and you need to know that your husband understands you that said some ways are more effective at rebuilding and repairing relationships that others i am a big fan of the gottman method for couples therapy especially following infedienity you can read about this approach in gottmans books the science of trust and making love last andor you can seek a gottman certified couples therapist here httpswwwgottmancomprivatetherapy,1,1,542,0.6994734604800081,0.3005265395199918,F
694,215,i stress over everything if i dont have enough quality time with my boyfriend i start to feel resentment towards him he has three children and they are great kids but i find we dont have much time together i break down easily and find myself depressed,depression,feeling neglected in a romantic relationship can be pretty painful so i dont think your response is anything out of the ordinary  i do wonder what you mean when you say you stress over everything and break down easily  is that according to your own assessments or someone elses  what do those moments look like  within the context of a lot of stress breaking down wouldnt take a whole lotand its ok to break down  its the bodys way of releasing pent up emotions  if thats coming out via aggression or selfharm it may be time well spent to create a coping plan for those tough times in order to feel like you have more control over your default responsesometimes voicing your needs can help people to meet them or at least compromise  if you feel he would be receptive to a discussion let him know how much time you need a day or week  you may not even fully know that but if hes flexible you can test out what feels right for your relationship,1,1,943,0.6986182633901379,0.3013817366098621,F
695,539,whenever i dont tell my friends or anyone what i did or stuff thats not really important i feel terrible like theres a hole in my stomach it only goes away when i hurt myself,anxiety,hi kansas i feel strongly that the help of a professional therapist is important here feelings are never wrong but it can help to understand where they come from and talk to someone who can teach you healthy ways to cope selfharm is not the answer to managing those emotions you feel in your stomach although im glad you said something here a professional would need to spend some time with you and get a deep understanding of your life in order to help you sort all these reactions out effectively i hope you reach out to someone soon,1,1,535,0.6984426327719148,0.3015573672280852,F
696,504,i never feel like myself i cant even think straight anymore i start stuttering and i cant remember anything i always get nervous and usually talk myself down but recently end up fighting with what feels like someone else i dont know why i feel this way but i hate it,anxiety,helloi am wondering if you might be experiencing some form of dissociation  people who dissociate might feel like the world around them is unreal and unfamiliar or that they are not really in their bodies and that they are observing themselves from outside of their bodies  dissociation can also mean that there are parts of you that have split off and sometimes parts are can feel like they are at odds with each other or are locked in conflict  sometimes dissociation happens after someone experiences a trauma  therapy can help you to understand what is going on and help you to integrate your experiences and ultimately heali am a therapist in houston who specializes in dissociation  on my website i have information specific to dissociation that might be helpful to you sarah,1,1,781,0.6978226387518864,0.3021773612481135,F
697,529,my toddler defies everything i say and doesnt see me as authoritative so she says no about everything id like to hear some ways i can work on not needing to feel so much in control all the time,anxiety,thats a good question i would say learn to pick your battles what types of behaviorsituations can you let go of if you allow yourself to worry about the various areas in life that you cannot control you will find yourself stressed out and unable to manage everything know that toddlerhood comes with lots of nos tantrums noncompliance and a growing need for independence when your toddler does something that you dont approve of remain calm explain to himher the appropriate way to act and model it for himher remember to give your toddler praise when heshe does something good or acceptable be consistent and follow through with your instructions finally know that you are not alone parenting comes with its set of challenges but all you can do is your very best good luck to you,1,1,780,0.6977820177753982,0.3022179822246018,F
698,1113,im trying to make marriage work after a split before our split he lied a lot and broke every promise to me i dont think he cheated last month i asked what women work with him so he told me yesterday i found out about a girl that he said he forgot about should i be upset,intimacy,lets look at your question and break it down it begins with the word should as a first reflection it implies that there is a right and a wrong way to feel in this case feel upset i think i would like to ask you the question in a different way are you feeling upset if you are feeling upset or if you are feeling another emotion  insert worried ambivalent scared angry insecure confused that is likely reasonable if the relationship has undergone some breaks in trust followed by distance seperation the first step is to recognize what you are feeling and accept it for what it is an emotion a feeling you are entitled to feel a range of emotions as you are in the process of repairing or rebuilding the marriage it is what you  do with that feeling that matters how you act how you think what you say  and the impact the emotion likely emotions have on your relationship and in turn your quality of life that matters if you want to discuss the impact of your feelings on you or on your marriage i suggest you consult with a mental health professional with expertise in couple therapy relationship issues i hope you find this information helpful,1,1,1144,0.6976927231235313,0.3023072768764688,F
699,1700,"how do you know you have the right therapist for you
 how would i know how to train my therapist to be able to give me what i need from treatment",counselingfundamentals,studies show that the most important determinant of success in therapy is the quality of the relationship between therapist and client it is very important that you find the right therapist for you if you feel that your therapist understands you doesnt judge you or is someone you can trust these are all good signs that you have found the right therapist for you it may take a few sessions for you to know whether youre in the right place or not but if you decide it isnt working for you there is no shame in telling your therapist we want you to get the care you need and we know we cant be the right fit for everyone,1,1,619,0.6976903540073076,0.3023096459926924,F
700,564,when my daughter is stressed about a silly thing from school she starts crying and freaking out she is a bright student always has a  but i am afraid she is stressing too much im afraid its going to break her i dont know if i should get her to a doctor or someone because this is not normal,parenting,it sounds like your intuition is helping you realize that your daughters stress might be building into something more it sounds like you have noticed a recent change that isnt explained by other life changes and that reaching out to someone might be helpful for her  i would encourage you to explore that with her  she might feel relief at your suggestion or maybe even some anxiety and apprehension  all of these reactions are normal i would first check in with her and then begin to explore your options together  there are many online resources that can help  if you have insurance you can always consult with your insurance company to see who is in network  many times if therapists arent able to take you on at the moment they can provide advice or referrals  best of luck in the search and great job following your instincts,1,1,830,0.6969886917706549,0.3030113082293451,F
701,721,"i feel like i was born in the wrong body i feel like i should be a girl not a boy
 ever since i was young i have wanted to be a girl i felt like what i was wasnt me i want to know what i can do about it my family is against transgender people and dont want anything to do with them i want to be me i feel as if ill be happy then i dont look in mirrors and i dont like my reflection recently i have been taking things to help even though they were not prescribed i know i should have this handled by a professional",selfesteem,hi do you have any opportunity to work with a therapist  it sounds like it might be really great to explore these feelings if you arent able to there are many awesome gender work books available that you could use to explore your thoughts and feelings also  google ask a gender therapist  so many amazing video blogs to answer many questions  good luck,1,1,352,0.6969333900728258,0.3030666099271741,F
702,2244,"i feel like i was born in the wrong body i feel like i should be a girl not a boy
ever since i was young i have wanted to be a girl i felt like what i was wasnt me i want to know what i can do about it my family is against transgender people and dont want anything to do with them i want to be me i feel as if ill be happy then i dont look in mirrors and i dont like my reflection recently i have been taking things to help even though they were not prescribed i know i should have this handled by a professional",selfesteemlgbtq,hi do you have any opportunity to work with a therapist  it sounds like it might be really great to explore these feelings if you arent able to there are many awesome gender work books available that you could use to explore your thoughts and feelings also  google ask a gender therapist  so many amazing video blogs to answer many questions  good luck,1,1,352,0.6969333900728258,0.3030666099271741,F
703,1446,i blame my past relationship for it i know it is bad to be this way i want to get past it,relationships,we humans are social beings we learn how to be in relationship as children the caregiving you received or didnt receive set the stage for how you show up in all your adult relationships insecurity in relationships often has much to do with feeling unheard or unseen perhaps feeling like you dont matter there are many ways to rewire these relational patterns the first step of which is taking pause and noticing that you are feeling insecure  so congrats on that because clearly you are already there  next id suggest finding a relationship therapist to help you sort through your insecurities either as a couple or individually,1,1,628,0.696859940118594,0.303140059881406,F
704,382,"my son was diagnosed with autism a few years ago and i stopped working so that i could take care of him i also was dealing with an abusive relationship mentally physically and emotionally now i live like a recluse and i always feel nervous around people
   how can i feel more comfortable around other people",anxiety,its understandable that you would feel this way considering what you have been and are going through with your son and the past abusive relationship it sounds like you got into a pattern of being home with your son and not around others for a while so understandably  you have gotten used to this lifestyle that makes it harder but not impossible to get back out there and be around other people and begin to feel more comfortable around others again you can do this by taking baby steps take it slow try reaching out to one person who you know and like and maybe meet them for coffee try putting yourself in a setting that feels non threatening to outside your home  and is something you can also enjoy even with your son depending on his needs it will take time as you probably want to process your feelings about what you went through but you can get there good luck,1,1,869,0.6965714810092603,0.3034285189907397,F
705,1120,my fiancé and i recently had an argument over finances he gives me the money each month to pay his automobile insurance he no longer has one of the vehicles on the policy he realized he was still paying for the coverage and asked why i was allowing him to continue to do that since i was physically paying it for him my response was that he was giving me the money and i just made the payment i didnt think of the coverages he was angry about it i still cant figure out that anger,intimacy,a few things come to mind i wonder if your fiancé is still angry about it or if he was angry in that moment and has now worked through itit sounds like there was also a difference in expectations here you were just  paying the bill with the money he was giving to you and he may have assumed you were reading it you thought that you were following his directions it could be that you could have a discussion about it but that depends on how much of a hot button issue it still is for either of youif youre going to talk about it i might suggest asking whether this would be a good time to have a discussion about what happened with the automobile insurance so that you can both use the opportunity to learn more about yourselves and each other around this particular issue,1,1,772,0.696473218202405,0.3035267817975949,F
706,498,sometimes im fine and can go out or meet people but other days my heart races and words physically cannot come out of my mouth ive always thought it was normal and i was just nervous but the other day it took me almost  minutes of sitting in my car to find the courage to enter target by myself,anxiety,first be aware that each end every one of us has anxiety at some point that certainly seems to fit what youre describing here but that doesnt mean you have an anxiety disorder necessarily thats where there is a difference anyone who has a hard time with public speaking or feels uncomfortable in large crowds for example is experiencing anxietyit sounds like it would be helpful to look at the differences between the days when you are more comfortable on the days that you are not if you notice your anxiety is keeping you from doing things that you need or want to do it may be helpful to talk with and mental health professionali wonder also whether your appetite and sleeping patterns are the same or similar to how they were before you experienced this anxiety when your anxiety started and whether you feel more comfortable when someone you trust is there with youif you have an idea of times or situations in which you feel anxious consider carrying a small smooth rock or another object that makes you feel calm and centered perhaps you can keep it in your pocket and remember specific comfortable times while you have it in your hand,1,1,1142,0.696361540064611,0.303638459935389,F
707,1106,i found the guy im dating on dating websites he was telling women that they were beautiful he said it wasnt him and that the phone was hacked it has since happened two other times he says he loves me and im the only girl he wants to be with but i feel he is not telling me the truth,intimacy,i would suggest possibly talking about the type of relationship that both of you want to create for example you may want a relationship where honesty listening compassion and romanticism are major parts you could also see what your boyfriend wantsyou may also consider taking five minutes to see if he will listen to your feelings about him being on the dating site and whether he can work to learn more about what you are experiencing with asking openended questions not being answered with yes or no and restating what you are saying to see if he has it right after that perhaps you could switch so that you can listen to his perspective for five minutes and learn more about what he is doing by asking openended questionsremember that it takes two people to have  a relationship so the choice is yours as to whether you choose to stay in the relationship and what kind of relationship you would like to have,1,1,910,0.6962512896583755,0.3037487103416245,F
708,2551,"my boyfriend shows affection but i just push him away  every time my boyfriend tries to kiss hug or touch me i almost always push him away im on birth control and it has killed my sex drive 

 i love him so much  why do i do this",intimacyrelationships,there could be many reasons that you push your boyfriend away it could be part of how you were raised it could be because of culture it could even be your own insecurities about yourself that are then outwardly manifested in you pushing him away what is important in all this is that you both find a way to connect so what if you arent a hugger a kisser or a toucher you have to find what works for the both of you and your relationship there are many ways to show affection that arent physical words of affirmation giving of time andor gifts etc if your boyfriend wants the physical attention then work on ways that are comfortable for the both of you making sure to start out slow and to work your way up to more physical touching,1,1,732,0.6961778822988635,0.3038221177011365,F
709,1036,my boyfriend shows affection but i just push him away every time my boyfriend tries to kiss hug or touch me i almost always push him away im on birth control and it has killed my sex drive     i love him so much why do i do this,intimacy,there could be many reasons that you push your boyfriend away it could be part of how you were raised it could be because of culture it could even be your own insecurities about yourself that are then outwardly manifested in you pushing him away what is important in all this is that you both find a way to connect so what if you arent a hugger a kisser or a toucher you have to find what works for the both of you and your relationship there are many ways to show affection that arent physical words of affirmation giving of time andor gifts etc if your boyfriend wants the physical attention then work on ways that are comfortable for the both of you making sure to start out slow and to work your way up to more physical touching,1,1,732,0.6961778822988635,0.3038221177011365,F
710,260,i feel like i am internally screaming all the time externally i am calm but i have this intense unidentifiable emotion constantly i dont feel sad i dont cry a lot i feel rather emotionally distant other than the internal screaming it kind of feels like im a caged animal,depression,as far as the formal diagnosis of depression goes it would be hard to determine without more information it sounds like you are noticing that there is a significant difference between how you are feeling on the inside and how you express yourself outwardly part of you is quite distressed and yet it remains invisible to the outside world almost as if it is trapped inside of your body many people who are depressed experience such things as intrusive thoughts emotional numbness difficulty expressing themselves and bodily tension caged animal in working with a competent therapist you may be able to get more insight into what you are going through the nature of the disconnect between you inner feelings and outer expression and eventually gain relief from the distress as well as a greater sense of connection with yourself and personal freedom,1,1,848,0.6961010323950434,0.3038989676049566,F
711,472,i dont know if im normal im really scared to touch a girl im a young adult and a virgin my fiancée and i want to have sex soon and this might mess everything up because she wants a baby soon as well,anxiety,only going off of the information in your question it seems like you maybe have some performance anxiety and fear disappointing your fiance  fear can be tricky in the sense that it quite often masquerades as something that seems under our control  for example your fear of touching a girl may actually be a fear of being incompetently intimate or a bad fianceits easier to deal with those fears by avoiding touch because that gives you control and how else would you deal with those fears i wonder if your fiance can be of any help to you  its scary to admit fears to people close to us but they can also offer some of the best support if thats been something youve experienced with her in the pastit sounds like you are really hard on yourself as well  its normal to have anxiety about your first time having sexthats a really special milestone  maybe its worth looking into performance anxiety tips  that can help you feel more prepared without removing the spontaneity of intimacyif it feels like nothing is working for you you could see a counselor or sex therapist to explore more of that fear  its nothing to be ashamed about because it does happen to both men and women,1,1,1176,0.6958259642510252,0.3041740357489749,F
712,907,i have ptsd the side effects are really bad and have impacts on sex anger and my relationships i even lost my job month ago    how can i get my life back,trauma,hi therei can sense the frustration in your post ptsd can and often does affect so many aspects of life there are evidence based treatments for ptsd that can help with some of the side effects you can learn to identify your triggers ground yourself and regulate your emotions better for example it is possible to recover but it will be slow and it is hard work it is important to know that you need to be gentle with yourself if you dont have one already i would suggest trying to find a therapist depending on where you live there may be some free or lowcost options available or support groups your life may not look the same but it is possible to have life after trauma,1,1,672,0.695740494459839,0.304259505540161,F
713,1872,now i have anger and trust issues how can i treat this and fix myself,domestic violenceanger managementfamily conflict,i will assume that for whatever reason you either do not want to or are not able to seek counseling for this  however i highly urge you to do so because longterm childhood abuse does have negative consequences for your life as an adult as it seems you are already aware there are confidential and free crisis hotlines that you can call that deal with sexual abuse  somemost also offer free counseling services in local areas  that would be a good place to start looking especially if cost of counseling is an issuethe important thing to know is that what happened was not your fault and that you deserve to live a happy life free of the past  having anger and trust issues after something like this is a perfectly normal reaction to what happened to you  angry  yes at your brother for what he did at your parents for not protecting you  having trouble trusting  of course  the very people who were supposed to love and protect you hurt you instead two books that might help you are codependent no more and boundaries where you end and i begin,1,1,1043,0.6956931408119742,0.3043068591880258,F
714,961,now i have anger and trust issues how can i treat this and fix myself,domesticviolence,i will assume that for whatever reason you either do not want to or are not able to seek counseling for this however i highly urge you to do so because longterm childhood abuse does have negative consequences for your life as an adult as it seems you are already aware there are confidential and free crisis hotlines that you can call that deal with sexual abuse somemost also offer free counseling services in local areas that would be a good place to start looking especially if cost of counseling is an issuethe important thing to know is that what happened was not your fault and that you deserve to live a happy life free of the past having anger and trust issues after something like this is a perfectly normal reaction to what happened to you angry yes at your brother for what he did at your parents for not protecting you having trouble trusting of course the very people who were supposed to love and protect you hurt you instead two books that might help you are codependent no more and boundaries where you end and i begin,1,1,1034,0.6956931408119742,0.3043068591880258,F
715,1549,im a teenager and ive been sneaking out of my house at night for a year now ive been caught several times i want to stop doing this but i dont know where to start how do i stop,behavioralchange,when you say youve been caught i am assuming that means your parents know youve been sneaking out  if thats the case could you ask for their help  sometimes just knowing someone else is holding you accountable really makes a difference  that could be as simple as dad checking in on you at say  am just to make sure you are where you are supposed to beif you are sneaking  out to hang out with friends find another way to connect with them  if they are truly friends they will want to support you in your resolution to stay put at night  maybe you can ask for their support by telling them to stop including you in late night plansthere is likely a reason you were sneaking out but theres a reason you want to stop too  so get support  no one changes hard habits on their ownbest of luck to you  you can do this and it will help you change other things in the future,1,1,866,0.6954608762802315,0.3045391237197686,F
716,1752,is it normal for people to cry during therapy or is it just me,counselingfundamentals,crying is a natural emotional you are not alone crying can help you to feel relieved therapy is your journey and there is no right or wrong emotion to feel while you are healing therapy is a place where you do not have to feel alone it is also a place where you address things that you have never faces or suppressed for years if you shed tears while doing that i applaud you for having the courage to be on your therapeutic journey,1,1,432,0.6946616732084256,0.3053383267915744,F
717,223,i cant seem to feel any emotion except anxiety not even for myself,depression,thank you for posting  im interested to hear some more information such as if you live by yourself or family if you go to schoolemployedunemployed and what kind of things do you like to do with friends or by yourself  often times when we are experiencing a strong emotion that we interpret as negative we put most of our focus on that negative emotion and struggle to see that we do not always feel that specific emotion  there are typically points in the day even if it is for only in  minute intervals when we do not feel that negative emotion  when we overgeneralize we use words like always or never and when we use those words and it may not be totally true we feel the negative emotion based on an inaccuracy which is not fair to you  ask yourself some of these questions am i being realistic when im overgeneralizing things have i ever noticed a short period of time that i wasnt feeling anxious  what do i notice when i am feeling anxious what am i thinking about  when was the last time i felt empathy  what was different when i was able to feel empathy  hopefully this helps get you started,1,1,1100,0.6946518764172732,0.3053481235827268,F
718,272,im depressed and recently went through a break up its like every guy i like only wants me for sex i think im ugly and sometimes i just want to die i have a son and i got really big when i was pregnant i have stretch marks on my stomach,depression,if you are currently feeling as if you want to die please call  and talk to someoneone way to work on not always thinking so negatively about yourself is to surround yourself with people who are more positive toward you do you have friends or family who are supportivecan you find one part of you that you do not think is uglyif your stretch marks are still bothering you talk with a pharmacist or your primary care physician sometimes there are creams or lotions you can use to decrease stretch marks and they should be able to guide you in the right directionyou mentioned mostly physical things here i wonder if you can find one small thing each day that is going right and build from there perhaps your son makes you smile,1,1,726,0.6944808205443964,0.3055191794556036,F
719,244,i just dont know what i want in life anymore im cant figure out what it is that is keeping me distracted and unfocused i cant put things into perspective at all im just stuck and im disappointed with my lack of accomplishments,depression,thank you for sharing it can be very disorienting not to know what you want and where you are headed sometimes we are so focused on something we havent achieved yet or on comparing ourselves to others that we lose touch with what we actually want and need at times like this its important to go back to basics try out this simple exercise take a few minutes to write down all your present responsibilities for example make meals complete homeworketc  then in the column next to it write down the things that you do for yourself to recharge yourself and to enjoy your time is your list of responsibilities way longer than your list of stuff you do for yourself it is easy to get lost in the sea of responsibilities and disconnect from what you want and need to fix that write another list of things that you enjoyed doing in the past for yourself and start incorporating them into your schedule on a regular basis this will help you reconnect with yourself and bring focus and clarity to your life,1,1,996,0.6944237217827196,0.3055762782172804,F
720,854,i was born a girl but i want to be a boy because of my religion i cant tell my family i know they wont accept me what do i do,spirituality,im so sorry to hear that you dont feel as though your family would support you in embracing your true self because this is a very complex situation i would encourage you to reach out to a local therapist who specializes in treating lgbtq clients an experienced therapist can help you to explore your feelings around your gender identity and assist in facilitating a discussion with your family or help you prepare to have that conversation on your own i would also encourage you to contact national and local resources that can be tremendous sources of support these include the followingglbt national youth talkline  trans lifeline  trevor lifeline trevorchat trevortext  text chat to  or call at the end of the day there is the family we are born with and the family that we choose give your family a chance but if they refuse to accept you know that there are people in this world who will appreciate you validate you and love you for who you are,1,1,949,0.6941505507670431,0.3058494492329568,F
721,1338,my husband and i have been together since high school we have been married going on for nearly ten years and we have three beautiful children a few weeks ago my husband decided he need some time apart and moved over to his dads for a while he comes home to see the kids and acts like there is not too much wrong can this marriage be saved or is it too late he said he would go to counseling so i dont think he has given up,marriage,while it would be impossible for me to say whether your marriage can be saved it sounds like you are both willing to give it a try and to get professional support with appropriate professional support for your relationship a lot is possible im not familiar with the resources available in jackson but im sure there are some good local couple therapists and there may be some agencies that specialize in couple counselling and family therapy so often the challenges that we have in relationships result from rather small habits in relating that lead to greater feelings of distress loneliness anger and resentment i commend your willingness to put effort into creating the strong loving relationship that you want for both of your sakes and of course for your children the following links provides more information regarding common behaviours that predict staying together or separating and also videos and other resources that can help you get started wishing you and your family all the best on your journey of healing and discovery,1,1,1033,0.6940912706540949,0.305908729345905,F
722,211,im in my early s ive worked since two months after i turned  i have plans i could become an electrician or i could operate heavy machinery i have goals but i do nothing to try to meet them because i dont feel i can i just want a better life for my fiancée and the kids than i did,depression,for starters commend yourself for being committed to working you have no idea what is going to happen in the next second so focusing on thinking you will never have a good career or amount to anything financially is creating a fictitious story  remind yourself of that every time the thought pops up  the false belief that nothing good will happen is sucking out energy you can use on pursuing your career dreams next do you know what you need to do to become an electrician or heavy machinery operator if not find out then set up a realistic schedule for yourself to accomplish the steps as you accomplish each step see your progress  notice that you are moving closer to your goal  every day remind yourself why you are pursuing this career  in fact write it down and tape it on your bathroom mirror  when you start to feel discouraged remember your goal and remind yourself that you have no idea if youll make it or not but you are going to give it everything you have to find out anything worth pursuing is going to take a lot of persistence and hard work stay with it you and your family are worth it,1,1,1105,0.6938545995243619,0.306145400475638,F
723,51,"i have so many issues to address i have a history of sexual abuse im a breast cancer survivor and i am a lifetime insomniac    i have a long history of depression and im beginning to have anxiety i have low self esteem but ive been happily married for almost  years
   ive never had counseling about any of this do i have too many issues to address in counseling",depression,a person never has too many issues to address in counseling participating in counseling with a licensed professional offers a safe place and therapeutic relationship where healing can occur a trained therapist can help a person unpack and process past andor current wounds or events which may  negatively impact day to day living they can also help make sense of thoughts and emotions that sometimes feel overwhelming and confusing  if you want to experience more emotional freedom and gain some tools to help understand and cope with depression and anxiety id encourage you to schedule an appointment with a therapist in your area,1,1,631,0.6936839250935728,0.3063160749064272,F
724,1118,my fiancée is always letting me know how i am a horribleevil person or i just dont care enough when its about her feeling or when she is having an off day,intimacy,one thing you could try is to have a conversation when neither of you is upset so that you learn what makes each of you feel cared for and valued it could be that you are showing caring in a way that doesnt quite match what she is really looking for in that moment for example having an indepth conversation could be something that you want but she may just want a hug in that moment i dont know if you heard of gary chapmans book about love languages but it may be helpful,1,1,473,0.6935331599138794,0.3064668400861206,F
725,609,my dad is always and i mean always cussing and screaming at me for no reason at all he makes me feel stupid he also compares me to my other siblings in a negative way and demeans me is this abuse,parenting,everyone deserves to be treated with dignity and respect having said that everyone gets upset once in awhile and may yell or scream which can be disrespectful you said always and i mean always and that is troubling if your dad curses and screams at you on a regular and consistent basis it can as you stated impact the way you feel about yourself while the definitions of child abuse differ from state to state talking to someone can help perhaps there is a counselor at school or another trustworthy person you could confide in to help you understand how this situation is impacting you counseling is a good option there is also help available through the national hotline at   hours a day  days a week you can call press  and talk to a counselor while being anonymous you can also check out this website httpswwwchildhelporghotlineresourceskidsi am sorry that you are going though this situation there is help available you do not have to go through this situation alone,1,1,972,0.6935136635715324,0.3064863364284675,F
726,132,"im going through some things with my feelings and myself i barely sleep and i do nothing but think about how im worthless and how i shouldnt be here
   ive never tried or contemplated suicide ive always wanted to fix my issues but i never get around to it
   how can i change my feeling of being worthless to everyone",depression,i know feeling worthless is very hard to handle  you are valid  has anyone who you value and respect said you are worthless working thru how you can begin to feel worthy within yourself to selfgenerate within yourself how valuable you are and invest less time in what others think of you no one gets to decide the sum total of your worth other than you  practicing selflove and compassion grace towards yourself and feeling confident within yourself could be a crucial step towards feeling more worthwhile list something you are good at and have been complimented on also this video  selfesteem  worthiness affirmations  remember your worth and value could be beneficial    perhaps engaging in some thoughtpattern interruption where you interrupt the thought focus redirect elsewhere somewhere more positive thinking on times events activities where you felt worthy and capable,1,1,877,0.6933819541322847,0.3066180458677153,F
727,1199,im a female in my mid s lately i tend to over drink and ive become a very angry drunk    in the past i have even cheated on my boyfriend while i was under the influence of alcohol    but now even if i dont do anything wrong and dont embarrass myself i still feel really guilty after a night of drinking i dont understand why im feeling this way does this mean i have a problem,substanceabuse,guilt is a narcissistic selfindulgent focus on me me me its best not to keep it in negative lightwhat does that mean  well it stems from mankind having an animal nature and a spiritual naturein most societies today the animal nature is looked down upon seen as egregious and something to be put awayif i may say to you it is necessary and important if you wish to end an experience called guilt to not regard your animal nature as negative but to accept that you have it and acknowledge itthe more openly a man or woman acknowledges theyre animalside the quicker one may subdue ittry giving your animal nature a name and talk to it like a cute pet oh hey there snorky  oh whats that  you want to be a wealthy famous hollywood idol  oh really  agaiiiiiiin snorky  geez youre impossible  aint you just the cutest thing,1,1,816,0.6933612086308072,0.3066387913691928,F
728,523,i think im annoying and bothersome but my girlfriend says im just fine i dont think so i think im stressing everyone else out,anxiety,i think you have identified something important here its not unusual to experience feelings that dont seem to match up with what your rational mind recognizes in this case it sounds like a part of you recognizes that the people around you do not find you annoying and bothersome despite knowing that people like you it seems that theres still a part of you that feels like youre a botherfinding a local counselor who can work with you to process those feelings might be just the help you need,1,1,492,0.6932259347738172,0.3067740652261827,F
729,19,"i have so many issues to address i have a history of sexual abuse im a breast cancer survivor and i am a lifetime insomniac    i have a long history of depression and im beginning to have anxiety i have low self esteem but ive been happily married for almost  years
   ive never had counseling about any of this do i have too many issues to address in counseling",depression,first you say i have so many issues then you say ive been happily married for almost  years  as it is past tense   most counselorstherapists have multiple education or experience in areas  it is about you  finding more about yourself  you would enjoy it cause it allows finally an investment for yourself and a guide   dont you sometimes look at your nails or hair its been a long time since you got them professional care  you been happily together with them for  years right  but how does it feel when you have someone else guide and bring new energy to your hair and nails and you feel like a million bucks and amazing when you walk out  right  something to think about  ,1,1,674,0.6932081421455478,0.3067918578544522,F
730,2670,ive gone to a couple therapy sessions so far and still everytime i walk in i get nervous and shaky  is this normal should i still be feeling like this,anxietycounseling fundamentals ,therapy can feel very weird to begin with  think about it how often do we go and tell a relative stranger our deepest darkest thoughts in the rest of our life so i think its reasonable to expect a certain level of nerves as you get used to your therapist and to the whole process of talking about yourself and vulnerable topics that said its definitely worth bringing to the attention of your therapist if you havent already to see if there is anything that they can do or that the two of you can explore together that might make the process feel less intimidating to you,1,1,571,0.6930331155252178,0.3069668844747821,F
731,341,ive gone to a couple therapy sessions so far and still everytime i walk in i get nervous and shaky is this normal should i still be feeling like this,anxiety,therapy can feel very weird to begin with  think about it how often do we go and tell a relative stranger our deepest darkest thoughts in the rest of our life so i think its reasonable to expect a certain level of nerves as you get used to your therapist and to the whole process of talking about yourself and vulnerable topics that said its definitely worth bringing to the attention of your therapist if you havent already to see if there is anything that they can do or that the two of you can explore together that might make the process feel less intimidating to you,1,1,571,0.6930331155252178,0.3069668844747821,F
732,619,"im being verbally abused on a daily basis by my parents in front of my child i feel like im trapped and i have no escape i feel like i have to listen to the horrible things they say and just take all of it
   i need some way of learning how to cope with listening to it especially since i have nowhere else to go i feel very emotionally drained how can i deal with this",parenting,i cant imagine what you are feeling but i can tell you that you are right to be concerned about your children baring witness to this abuse  this is a great teachable moment for your kids  how you handle yourself will be very important for your children to see  your reaction is what you should focus on  will you react with rage and name calling will you listen to your parents with respect and talk to them in private about how they are speaking to you in front of your kids  will you talk your kids about what is going from reading this i am assuming you live with your parents  if this is the case you have to think about what you can do to change your situation  have a plan set a goal  dont lose hope,1,1,705,0.6927853305440066,0.3072146694559934,F
733,733,im scared that i am with this man so i wont be alone he should be with somebody who deserves him if this is the case and i dont want to hurt him,selfesteem,while not wanting to be alone may not be the best reason to be in a relationship it is probably more common and normal a reason than you think  since you seem to care about your friend dont want to hurt him i imagine there are many other reasons that you are together  i suggest that you talk about this openheartedly with each other  the idea of being afraid of being alone sounds like an honest starting place  dont try to figure out whether you should be with him  just talk  the communication is likely to shine light on deepening connection for both of youin the meantime your idea that you dont deserve him is rooted in a core lie that you are telling yourself  you can read about core lies and much more in my book living yes a handbook for being human  check out wwwlivingyesorgbe easy on yourself  you are deservingmark,1,1,828,0.692691442557364,0.3073085574426359,F
734,908,i have ptsd the side effects are really bad and have impacts on sex anger and my relationships i even lost my job month ago    how can i get my life back,trauma,your feeling overwhelmed by emotion and finding it difficult to trust people  this can be a really scary feeling  it is a common reaction for individuals who have endured a traumatic experience  often the aftermath of a trauma can leave people feeling constantly on guard panicky depressed isolated and riddled with nightmares and intrusive thoughts of the incident  and while the signs and symptoms can feel complex and at times overwhelming feeling better is more than possible  give yourself credit for the courage that it takes to reach out  with trauma therapy i would expect you will begin feeling better as we implement a compassionate and clientfocused evidenced based approach together ive helped countless people to gain positive ground over their traumatic experiences in a safe supportive environment  i offer a variety of evidenced based traditional therapies as well as holistic modalities to best support you on the path to healing  we will work together as allies in your treatment  it would be an honor to work with you,1,1,1036,0.6926614685804597,0.3073385314195402,F
735,149,"im going through some things with my feelings and myself i barely sleep and i do nothing but think about how im worthless and how i shouldnt be here
   ive never tried or contemplated suicide ive always wanted to fix my issues but i never get around to it
   how can i change my feeling of being worthless to everyone",depression,you can for sure and the first step is to believe you are worthy to yourself recognizing you are in a quest is already a big first step taking the time to start figuring out who you are is definitely the next do so with self compassion and kindness know this is a process and just look forward for what you might find  i do recommend you find someone to talk to there are many options out there that can fit the situation you are in and i also recommend you start by giving yourself the importance to invest some time and effort in this quest you deserve it there are some excellent ted talks you can google great books you can read or even joining a yoga practice team or some kind of hobby may help anything that shows yourself you are worthy of this effort have patience and start the answer is out there waiting for you asking these questions already set you on the right path,1,1,880,0.6925758234298374,0.3074241765701626,F
736,2567,"my fiancé and i have been together for  years and our relationship has always been good the only issue we had was that he felt like he wasnt getting enough sexual attention from me 

i recently found out he cheated on me with another women  he says he wants his family back but im confused on what to do  is it possible for us to get past the cheating or should i just move on",intimacyrelationshipshuman sexuality,"first off lets start with really
validating the potential emotional pain you are feeling right now there is
generally no lack of uncertainty anxiety fear sadness and anger these are
all normal emotions and being allowed to feel them is the beginning of the
healing process it might be helpful to talk about these feeling with your fiancé
a friend or a counselornow to get to your primary question
can a relationship move past infidelity the short answer is yes a bit longer
of an explanation is that is sounds like you and your fiancé had pieces of a solid
foundation to base a relationship on for many couples they encounter a primary
challenge sometimes thats money or parenting and for some its sexuality if
you and your fiancé are both committed to balancing the positive aspects of your
relationship while improving the challenges than its definitely possible to
move past this this is not an easy process and for many couples takes months
or years of healing while engaging in relationship counseling good luck to you and your continues
healing and growth",1,1,1061,0.6922891823217319,0.3077108176782681,F
737,350,ive gone to a couple therapy sessions so far and still everytime i walk in i get nervous and shaky is this normal should i still be feeling like this,anxiety,normal can be an insidious word to use because it can undermine your sense of worth  it implies theres one particular way you should be behaving and can leave you feeling crappy and abnormal if youre not behaving according to that prescribed standard  instead what id recommend is to pay attention to your emotional experiences when youre attending therapy  explore your feelings and thoughts without judgement and try to reflect and understand whats going on thats causing you anxiety  once you figure out the underlying meaning of the anxiety you can figure out a way to handle it and action steps to take to diminish it,1,1,622,0.6921282562744797,0.3078717437255202,F
738,2625,ive gone to a couple therapy sessions so far and still everytime i walk in i get nervous and shaky  is this normal should i still be feeling like this,anxietycounseling fundamentals ,normal can be an insidious word to use because it can undermine your sense of worth  it implies theres one particular way you should be behaving and can leave you feeling crappy and abnormal if youre not behaving according to that prescribed standard  instead what id recommend is to pay attention to your emotional experiences when youre attending therapy  explore your feelings and thoughts without judgement and try to reflect and understand whats going on thats causing you anxiety  once you figure out the underlying meaning of the anxiety you can figure out a way to handle it and action steps to take to diminish it,1,1,622,0.6921282562744797,0.3078717437255202,F
739,336,ive gone to a couple therapy sessions so far and still everytime i walk in i get nervous and shaky is this normal should i still be feeling like this,anxiety,thank you for your question its completely normal and natural to feel nervous before a therapy session many people report having felt this way i cant say enough regarding the amount of courage it takes to reach out and attend a therapy session for many people it can take weeks months or even years of contemplating whether to see a therapist or not before actually contacting one and attending the first session it takes courage to want to work through any struggles you may be having or personal growth you aspire toward in your question you mentioned that youve gone several times and are still feeling nervous and shaky if you feel comfortable with your therapist and its a good fit for you i would suggest talking about this with your therapist you dont have to struggle each time you have your appointment together you and your therapist can work toward helping you have a different experience,1,1,899,0.6919260500151662,0.3080739499848338,F
740,2623,ive gone to a couple therapy sessions so far and still everytime i walk in i get nervous and shaky  is this normal should i still be feeling like this,anxietycounseling fundamentals ,thank you for your question its completely normal and natural to feel nervous before a therapy session many people report having felt this way i cant say enough regarding the amount of courage it takes to reach out and attend a therapy session for many people it can take weeks months or even years of contemplating whether to see a therapist or not before actually contacting one and attending the first session it takes courage to want to work through any struggles you may be having or personal growth you aspire toward in your question you mentioned that youve gone several times and are still feeling nervous and shaky if you feel comfortable with your therapist and its a good fit for you i would suggest talking about this with your therapist you dont have to struggle each time you have your appointment together you and your therapist can work toward helping you have a different experience,1,1,899,0.6919260500151662,0.3080739499848338,F
741,265,i no longer carry expressions on my face and my emotions are decreasing the more i have fights with my fiancée,depression,sometimes repressing anger can lead to depression and block all kinds of other emotions too  i would wonder about your experience with anger and if youve ever been discouraged from expressing anger  i would also wonder if you feel like you have space to express yourself in your relationship or if you feel like you really arent being heard  its hard to feel cared for and connected to someone else when you dont feel accepted by them,1,1,434,0.6916660017175758,0.3083339982824242,F
742,115,"i tried telling my husband i was depressed and he ignored me he said youre always sad or depressed and he picked up his phone and ignored me i said please dont exaggerate that isnt true and he said whatever babe you just want to be sad
   how can i get through to him so he will take me seriously",depression,this is so hard it is hard for someone to understand what depression is without having experienced it themselves unfortunately people without depression sometimes mistake it as feeling sorry for ourselves or just moping around which is not what depression is at all sometimes i think that it is easier for family members to see it as a choice than to admit that someone they love is hurting and they dont know what to do if  he is willing i wonder if there may be a depression support group in your area such as nami or dbsa where he could hear from from others living with depression and their families if not i wonder if you all might watch a documentary together such as no kidding me too or call me crazy if not that ive sometimes encouraged folk to just leave some information on depression and how family can help like a pamphlet or handout on a table or around the house we tend to get curious and read things we find on the table wishing you the best,1,1,958,0.6916582195255291,0.3083417804744709,F
743,1733,"how do you know you have the right therapist for you
 how would i know how to train my therapist to be able to give me what i need from treatment",counselingfundamentals,the most important part of therapy is finding a therapist who is the right fit and you feel you can connect to feeling comfortable with your therapist and feeling that you can be vulnerable is what will assist in helping you find what you want out of therapy it also sounds like discussing with a potential therapist your expectations for therapy also i would read up on what the therapy process is like so that you are aware of the role the therapist is supposed to play in your life as long as a therapist is ethical and not breaking any ethical practices find someone you connect with and can share with,1,1,606,0.6915632646261614,0.3084367353738386,F
744,365,i have a fear of something and i want to face that fear to overcome it but i dont know how what can i do,anxiety,hello and thank you for your question overcoming fears is something that everyone struggles with at one time or another sometimes we come across something that scares us we push through it and suddenly we arent afraid anymore but sometimes it can seem like our fears just take over and we cannot overcome them there are some options you can go to a counselor and receive some type of treatment what kind of treatment would depend on the type of fears you are experiencing for example if you have a general phobia about something they may use various techniques to help you manage it   there are different websites and even some selfhelp books that you can use to try to overcome your fears when it comes to overcoming certain fears or phobias exposure therapy wellstudied and proven to work a therapist would help you with this but some websites give instructions for how to do it yourself i am not sure how well it works when you try it by yourself but here is a link to a website that does offer some tools httppsychologytoolsanxietyhtmlsome colleagues may offer you some other types of advice be wellrobin j landwehr dbh lpcc ncc,1,1,1132,0.6915386257246476,0.3084613742753523,F
745,1622,i need help knowing how to deal with stress what can i do,stress,our body reacts to stress typically by breathing more shallowly increasing our heart rate and tensing our muscles  so one thing that i find really effective is to try to do the opposite of that which sends the signal to our mind that we are relaxed so that means taking slower fuller breaths and trying to relax any areas where we might be gripping our muscles check out meditation apps such as breathe which can talk you through a relaxing breath exercise i recommend using the app daily whether you feel stressed or not and then also using it when you re feeling particular moments of stress  that way you are practicing the skill when you feel calmwish and itll be ready and able to help you when stress hits hard,1,1,716,0.6912151317225969,0.3087848682774031,F
746,1855,after first meeting the client what is the process that a counselor facilitates,counselingfundamentals,there are probably no two therapists alike because first and foremost we are human beingsandour personalities may somewhat guide how we go about getting to know you identifying what you would like to be different in your life and developing a plan to get where you would like to be the very most important thing that will determine a successful outcome is the healthy therapeutic relationship between you and your therapist  if you dont feel safe comfortable and ready to work together then it is likely not a good fit and thats okspeak up and the therapist should assist you in finding someone you can readily work with,1,1,620,0.6910100111976663,0.3089899888023337,F
747,533,"i have lately been having lots of anxiety and selfloathing about the fact that i am a young adult virgin girl who has never had a boyfriend before it seems like everyone my age has already had boyfriends by now or are not virgins anymore and i just had my first kiss five months ago im worried that at this rate i wont have a boyfriend for a very long time the problem is that i want to lose my virginity to my first boyfriend who cares about me but at the same time i dont want to be waiting forever in order to experience sex i have already given in to bad temptations by hooking up with random strangers on social media sites and having oral sex with them luckily they were nice guys but none of them wanted a relationship with me i feel dirty by doing this but i feel pressured to do this things in order to seem normal
   most people are surprised when they find out that i am a virgin or never had a boyfriend because people think i am really good looking i am tall i play lots of sports and i get excellent grades in school i am in my first year of university right now and no guys have approached me to go out on a date or showed any interest it bothers me most of the people in my family have been in relationships at my age already i feel like i will be single forever sometimes",anxiety,i think one of the first questions that springs to mind for me is whats the rush  just because other people in your circle have had experiences that you are still warming up to does not mean that theres something wrong or something to be ashamed of  if anything i want to commend you on the selfrespect you have in wanting to wait and share this most intimate of experiences with someone that will feel the same way about it  one of the most common distortions in our thinking is when we try to directly compare ourselves to others while these people and even those in your family share a level of closeness to you they are not exactly like you  they dont see or feel things in the exact same way as you nor do they share the exact same perspective its important to be making choices for you and for your own desires and life goals  once you stop comparing your happiness you may find that you are already experiencing it and allow more of your guard to fall down,1,1,963,0.6909499041813206,0.3090500958186793,F
748,2053,"i have lately been having lots of anxiety and selfloathing about the fact that i am a young adult virgin girl who has never had a boyfriend before it seems like everyone my age has already had boyfriends by now or are not virgins anymore and i just had my first kiss five months ago im worried that at this rate i wont have a boyfriend for a very long time the problem is that i want to lose my virginity to my first boyfriend who cares about me but at the same time i dont want to be waiting forever in order to experience sex i have already given in to bad temptations by hooking up with random strangers on social media sites and having oral sex with them luckily they were nice guys but none of them wanted a relationship with me i feel dirty by doing this but i feel pressured to do this things in order to seem normal

most people are surprised when they find out that i am a virgin or never had a boyfriend because people think i am really good looking i am tall i play lots of sports and i get excellent grades in school i am in my first year of university right now and no guys have approached me to go out on a date or showed any interest it bothers me most of the people in my family have been in relationships at my age already i feel like i will be single forever sometimes",relationshipsselfesteemanxiety,i think one of the first questions that springs to mind for me is whats the rush  just because other people in your circle have had experiences that you are still warming up to does not mean that theres something wrong or something to be ashamed of  if anything i want to commend you on the selfrespect you have in wanting to wait and share this most intimate of experiences with someone that will feel the same way about it  one of the most common distortions in our thinking is when we try to directly compare ourselves to others while these people and even those in your family share a level of closeness to you they are not exactly like you  they dont see or feel things in the exact same way as you nor do they share the exact same perspective its important to be making choices for you and for your own desires and life goals  once you stop comparing your happiness you may find that you are already experiencing it and allow more of your guard to fall down,1,1,963,0.6909499041813206,0.3090500958186793,F
749,282,ive been feeling worthless unaccomplished and so frustrated i want to break things hit myself run away kick scream and cry i just want to be happy and outgoing again i want to be able to take care of my daughter and live comfortably,depression,philadelphia there is help out there for your daughters sake start somewhere feelings are only that your worst fears about who you are are only based on a few moments that havent gone well depression is so treatable but you have to seek treatment from a professionalheres a quick exercise for you to do that can show you how therapy might work fear is telling you the worst possible story of your life right so if there was an opposite storythe very best story that someone could tell about you and your lifewhat would that be who would be telling it someone who loves you someone who was around you when you were that outgoing person someone whos been watching your life from the start god write that best story i dare you to give it as much credibility as the worst one therapy is often about helping people reject their worst stories i invite you to start exploring with a qualified therapist whatever barriers stand between you and your best life i hope you reach out soon ,1,1,977,0.6908564085799349,0.3091435914200651,F
750,35,"i have so many issues to address i have a history of sexual abuse im a breast cancer survivor and i am a lifetime insomniac    i have a long history of depression and im beginning to have anxiety i have low self esteem but ive been happily married for almost  years
   ive never had counseling about any of this do i have too many issues to address in counseling",depression,it feels overwhelming right like if i have this many issues and i cant deal with them how can somebody else yet for a decent therapist your issues are totally doable it will take time therapy is not a magic cure but if you are patient with yourself you can move through each of the issues some of the issues like the sexual abuse and some of the trauma from being a breast cancer survivor can be dealt with a little more quickly using an eye movement therapy like emdr or accelerated resolution therapy some you are going to have to feel the pain and learn coping strategies know that you are not a lost cause and there are people that come in all the time with just as many issues if not more counseling can initially feel scary overwhelming and so completely vulnerable which is exceptionally difficult for sexual abuse survivors just know the hardest part is often taking that first step to get help and knowing that there is somebody willing and happy to support you as you get emotionally healthier,1,1,1003,0.690287033264955,0.309712966735045,F
751,2310,"im transgender i know i am but ive only told a few friends i know i cant tell my family because of previous conversations weve had they just wouldnt accept it
my gender dysphoria is getting really difficult to deal with on my own i need some strategies for dealing with it what should i do",human sexualitylgbtq,hi i am so glad youre reaching out  sounds like you have some solid support in some areas of your life but are still dealing with some difficult dysphoria  i think it can depend on what kind of dysphoria you have  sometimes its physical social or mental  sometimes physical dysphoria means less time around mirrors or plans to make showering less stressful music audio books distraction  sometimes online support networks can be a great source of ideas in this way for social and mental dysphoria as well  some of my clients do things that help them feel better in their bodies that dont require anyone to know hair removal binders packing hormones and other things  i recommend stopping by a website called conversations with a gender therapist there are some awesome videos there that might help you  i hope this helps some  dont forget to try to connect with other trans folks even online  it can be a great relief to know youre not alone in how youre feeling best of luck,1,1,975,0.6899891798328968,0.3100108201671032,F
752,1525,"im transgender i know i am but ive only told a few friends i know i cant tell my family because of previous conversations weve had they just wouldnt accept it
 my gender dysphoria is getting really difficult to deal with on my own i need some strategies for dealing with it what should i do",lgbtq,hi i am so glad youre reaching out  sounds like you have some solid support in some areas of your life but are still dealing with some difficult dysphoria  i think it can depend on what kind of dysphoria you have  sometimes its physical social or mental  sometimes physical dysphoria means less time around mirrors or plans to make showering less stressful music audio books distraction  sometimes online support networks can be a great source of ideas in this way for social and mental dysphoria as well  some of my clients do things that help them feel better in their bodies that dont require anyone to know hair removal binders packing hormones and other things  i recommend stopping by a website called conversations with a gender therapist there are some awesome videos there that might help you  i hope this helps some  dont forget to try to connect with other trans folks even online  it can be a great relief to know youre not alone in how youre feeling best of luck,1,1,975,0.6899891798328968,0.3100108201671032,F
753,1743,"how do you know you have the right therapist for you
 how would i know how to train my therapist to be able to give me what i need from treatment",counselingfundamentals,i believe that the right counsellor will help you feel empowered supported and understood you should feel comfortable opening up and not be concerned that they will judge you for what you say or decide to do i find this important to let my clients know during intake that they will never be judged for the decisions they decide to take while going over options in sessions together with me in terms of what you need from treatment please feel comfortable to open up to your therapist and tell them what you need from them for example do you prefer them to challenge you with questions listen to your story and ask questions throughout or near the end give you work to do outside of sessions the therapy sessions will work best for you if you can help them support you in what will work for youit can sometimes take a few trials of different therapists to find the right one so please do not give up if you feel disheartened you should feel proud of yourself for taking the first big step in asking for help that is not easy to do and you are on the right track already,1,1,1068,0.6897586501243862,0.3102413498756138,F
754,1223,my mother has alzheimers and she has become so nasty and mean to everyone and she always asks for unrealistic silly or meaningless items i get so frustrated and angry but then i feel guilty because i know it probably isnt her fault how can i cope with feeling like this,familyconflict,when you feel the frustration and anger building inside you have that be a trigger for you to remember a feeling that you want to experience instead of anger frustration and guilt for example understanding then say that word to yourself as you take deep breaths but know that this is normal for caregiversfamily members to have these reactions because it is also an emotional roller coaster for you even though it is normal it is still good to try to respond differentyl and i commend you for doing that you also may want to look for a caregiver support group which will help you hear from others who also respond this way,1,1,622,0.689756137743748,0.310243862256252,F
755,1656,"i keep having these random thoughts that i dont want things like you arent worth anything i know theyre my own thoughts but it feels like someone else is saying it
   what is wrong with me and how can i stop having these thoughts",diagnosis,there is nothing wrong with you sometimes we get intrusive thoughts that can be worrisome one things that can be helpful is to identify if there is a trigger to these thoughts  something in your life that makes these thoughts more common an experience a person a place a situation etc it will also be helpful to try and challenge this type of thinking by focusing on ways in which you are worthwhile as a person and have worth in your life cbt cognitive behavioral therapy may be particularly helpful with this also if you are open to seeing a therapist find one that does cbt you can also find resources on cbt online it focuses on stopping and challenging unhelpful and harmful thinking patterns and replacing it with more helpful and healthy thinking patterns,1,1,762,0.6887425726105373,0.3112574273894627,F
756,1659,"i keep having these random thoughts that i dont want things like you arent worth anything i know theyre my own thoughts but it feels like someone else is saying it
   what is wrong with me and how can i stop having these thoughts",diagnosis,we have thousands of thoughts a day some thoughts we choose to think and some thoughts are random as you describe we cant control the first random thought but as soon as we become aware of it we can make a conscious choice to change the thought positive affirmations are messages we intentionally read to or tell ourselves to help us counteract negative thoughts if you find yourself under stress on some days more than others you may notice an increase of these negative thoughts about yourself  to help you neutralize your negative thoughts and make it more natural to randomly think positive thoughts about yourself you might find it helpful to work with a therapist who specializes in cognitive behavioral therapy this professional can help you build insight into your errors in thinking help you develop a stress management plan and provide you with additional tools to boost your selfesteem,1,1,896,0.6887347624921771,0.3112652375078228,F
757,501,i have attentiondeficithyperactivity disorder posttraumatic stress disorder anxiety anger and memory problems i cant work i have no income im on medicine but i feel worthless i want to be normal,anxiety,i am so sorry to hear that you are struggling  it sounds like youve had a traumatic experience that has impacted your life in many ways  without knowing much about your history i wonder if the trauma you suffered has lead to the anxiety anger and memory problems you are dealing with in addition to ptsd  i would encourage you to look for a trauma therapist who offers a sliding scale or pro bono services  there may also be community mental health services in your area that offer free therapy if you are eligible for grant,1,1,524,0.6883217889271627,0.3116782110728373,F
758,18,"i have so many issues to address i have a history of sexual abuse im a breast cancer survivor and i am a lifetime insomniac    i have a long history of depression and im beginning to have anxiety i have low self esteem but ive been happily married for almost  years
   ive never had counseling about any of this do i have too many issues to address in counseling",depression,im wondering if you are thinking that youd be inconveniencing the therapist by bringing too many issues to the sessions the reality is that its actually very common for a person to come to therapy with a whole host of issues in fact its encouraged to go to therapy if there is a lot of stuff to work through you would not be inconveniencing the therapist at all and i would really like you to consider beginning therapy with a clinician that you feel comfortable with best of luck to you,1,1,487,0.6880907644836101,0.31190923551639,F
759,383,"my son was diagnosed with autism a few years ago and i stopped working so that i could take care of him i also was dealing with an abusive relationship mentally physically and emotionally now i live like a recluse and i always feel nervous around people
   how can i feel more comfortable around other people",anxiety,it might be helpful to have a good understanding of the why in terms of feeling nervous around people or the difficulty in developing more comfort if your discomfort is somehow related to your sons diagnosis or your lack of employment or an abusive relationship you were in and maybe embarrassed about that is important to understand and get clarity around when we can understand on a deep level what is happening for us ie where does fear come into this and whats it about we can give ourselves empathy everyone struggles in some aspect so to not necessarily think of yourself as pathological is a first step sometimes being around people can trigger an anxiety related to being good enough that goes back a ways in our history if any of the above is true it would need acknowledgement and care from you as opposed to shaming that experience in the hopes it would just go away because this experience is very real for you,1,1,922,0.6879572294491754,0.3120427705508247,F
760,875,"there are issues from my past that have me very heavily burdened in my heart ive been torn for so many years and i need help so i can move on with my life
   i experienced trauma when i was  years old and i did come out about it until i was 
   now i know this is whats holding me back on my happiness ive met a very loving and caring man but because im holding on to these things from my past im pushing him away
   how can i get my life back",trauma,how does holding on to this serve you not becoming married to the trauma will be key  recreating your life and what that means what you want it to be considering who you would be what would life be like had this not occurred not letting it usurp your life take your power back  releasing any feelings of resentment   shame regret going as far as to grieve and forgive what could have been and this part of your life history life story  if you are open you can write a letter saying what you are still feeling and you can choose even to write the response you would love to receive and then release it by burning it safely or throwing it away its a daily practice to find peace around this have you ever considered the emotional freedom technique eft or hot yoga,1,1,761,0.6877272391066559,0.3122727608933441,F
761,1769,is it normal for people to cry during therapy or is it just me,counselingfundamentals,theres a reason why i tell all of my clients that i have a lifetime supply of tissues in my office yes it is completely normal to cry in therapy many of us go through our days trying to hold it all together keeping our emotions inside so that we dont have a meltdown in the grocery store or a business meeting therapy is a safe place to let those feelings out which means that we see a lot of tears in our work therapy can also involve confronting difficult experiences from our lives that weve been trying to ignore or suppress which can lead to emotional outpourings a competent therapist will be able to support you safely through this process so that you can move forward with your healing we therapists are trained to bear compassionate witness to the full range of human expression so please feel free to let those tears flow in therapy,1,1,842,0.6875357775083175,0.3124642224916824,F
762,1589,i think i have depression anxiety bipolar disorder and i have anger issues i told my mom over and over again she told me she would get me a therapist but she never did i just found out that my mom cant afford a therapist for me,legalregulatory,it can be difficult to get counseling if you dont feel supported by family members  there might be a few options  if you are in school id recommend talking to a school counselor or school nurse  they often will be able to help you access free or affordable counseling resources in your community  in addition depending on where you live its also often possible to call  for referrals to free or low cost counseling services in your areaid encourage you not to give up you are on the right track,1,1,494,0.6872429049100219,0.312757095089978,F
763,1497,i havent uttered one word to my boyfriend in days now im over it and dont know how to approach the situation,relationships,in any relationship it is important to be able to say im sorry because it shows vulnerability and openness i recommend that you sit and have a discussion with him now that you are calm about why you were upset and how you would like to handle such incidents in the future if you find yourself becoming upset again i encourage you to take a  minute break and then come back to the conversation once you are no longer heated studies show that talking or discussing arguments are more effective once you have cooled down and you are more likely to hearunderstand what your partner is trying to convey,1,1,597,0.6871151163014328,0.3128848836985671,F
764,196,i have bipolar disorder paranoid personality disorder posttraumatic stress disorder anxiety and obsessivecompulsive disorder i last selfharmed a week ago when i am stressed overwhelmed hurt or angry the urge to selfharm is all i can think of i am trying to seek help,depression,seeking professional help does not mean that you will necessarily be admitted into an inpatient setting  though  to be honest that can become an option if you feel unsafe or if you are unable to plan for safety however many clients who struggle with selfharm can find help in outpatient settings  particularly those which offer a treatment called dialectical behavioral therapy dbt looking for a dbt professional or group therapy setting may be particularly helpful but a skilled professional can help you to figure out how to identify other options even when you are experiencing overwhelming emotions without knowing your location i also recommend searching to find your local helpline or suicide prevention hotline the volunteers on the other end of the line can be very helpful even if your intention is not suicide and they are likely also to be able to connect you with resources in your area calling into the helpline may also be a first step alternative to selfharming when youre feeling overwhelmed,1,1,1007,0.6870964113474998,0.3129035886525003,F
765,549,when my daughter is stressed about a silly thing from school she starts crying and freaking out she is a bright student always has a  but i am afraid she is stressing too much im afraid its going to break her i dont know if i should get her to a doctor or someone because this is not normal,parenting,being a parent is hard finding the balance between nurturing and guidance can be a difficult thing to do i find that most of us seek validation and sometimes that can be the most helpful thing when experiencing stress and anxiety saying something like gosh it sounds like xyz is really difficult to take on i cant imagine what that is like for you allowing the space for your child to communicate their thoughts and feelings seeking clarity and understanding can go miles in your daughter feeling heard and understood seeking professional help is also a good option therapy allows your child the space to work through process and find solutions to many of the struggles they are having because as we all know being a kid is hard,1,1,728,0.6868746298151331,0.3131253701848669,F
766,443,im socially awkward ive always want to be popular ive had the opportunity to be popular but every time i get it im too scared all i have to do is talk the popular people theyre really nice to me but im too scared of change i really want to work up the courage to lose my fear,anxiety,change can be uncomfortable but sometimes those uncomfortable moments are the opportunity for us to be the person we feel we really are  it sounds like you like to spend the time in your head anticipating the worst why not be in the present and encourage yourself that you can talk to people and it will be okay  by telling yourself it will not be okay or that it will go wrong you are hurting your confidence to do what you want  give yourself some credit for being awesome and tell yourself you can build new friendshipsit may be the motivation you need to move past this fear,1,1,578,0.6868066527103629,0.3131933472896371,F
767,1333,i love him but he doesnt show me love he talks badly about me to his friends,marriage,so many questions comes to mind when i read your wordsdo you love yourself  what do you love about him  what are you getting from this relationship that is good for you  what are you lacking in yourself that you allow yourself to be treated this wayi can go onif you can answer these questions maybe you will answer your own question of why are you with your husband or even better why you allow your husband to be mean show no love disrespect you  you seem to lack selfworthseek a professional to help you with this,1,1,516,0.6867574664182344,0.3132425335817655,F
768,648,she cried because she lost all trust in me now i feel disgusting and like my heart just got stabbed what do i do,parenting,hey sounds like the part of you that knows the right thing to do won here i am so proud of you for admitting that you lied to your mom sometimes lies come out of our mouths before we can even catch them because we are trying to say what the other person wants to hear i bet that as you begin to show her that you are not going to lie any more she will begin to gain trust in you again be open with your feelings with you mom  she is there to support you guide you and love you give her lots of hugs  and give yourself one too for being so brave be wise,1,1,552,0.6866069209340719,0.3133930790659281,F
769,1898,she cried because she lost all trust in me now i feel disgusting and like my heart just got stabbed what do i do,parenting,hey  sounds like the part of you that knows the right thing to do won here  i am so proud of you for admitting that you lied to your mom  sometimes lies come out of our mouths before we can even catch them because we are trying to say what the other person wants to hear  i bet that as you begin to show her that you are not going to lie any more she will begin to gain trust in you again  be open with your feelings with you mom  she is there to support you guide you and love you  give her lots of hugs  and give yourself one too for being so brave  be wise,1,1,559,0.6866069209340719,0.3133930790659281,F
770,1753,is it normal for people to cry during therapy or is it just me,counselingfundamentals,it is completely normal and can be incredibly helpful some times we just need to let things out with a good cry having a nonjudgmental open space to do that be so therapeutic it sounds like you are really putting in the work you are in need of,1,1,243,0.6865320926101127,0.3134679073898873,F
771,1312,im always listening to my husband but it feels like he never listens to me    how do i get my husband to listen to me instead of me listening to him all the time,marriage,its hard when you feel as if youre the only one thats taking the time to listen to your spouse but i would look at this as an opportunity to see if you can become aware of what exactly is happening between you when you try and talk with your husband sometimes it can be in the way dialogue is approached i would suggest paying attention to the way you begin dialogue with your husband see if blame and criticism are present when blame and criticism are included bids for connection can quickly go off track this can sometimes start off with something like why dont you you arent you dont partners can quickly go into defensive mode if they feel they are being attacked and sometimes starting off like this can feel like an attack  also become aware of the time of day or evening when you approach your husband sometimes this can make a big difference for couples as far as when they can truly be present for one another  if you find this pattern continues you might consider seeking professional help through couples therapy a trained couples therapist can help you both understand more about whats happening between you,1,1,1120,0.686507349094245,0.3134926509057549,F
772,2656,"im always listening to my husband but it feels like he never listens to me 

how do i get my husband to listen to me instead of me listening to him all the time",relationshipsmarriage,its hard when you feel as if youre the only one thats taking the time to listen to your spouse but i would look at this as an opportunity to see if you can become aware of what exactly is happening between you when you try and talk with your husband sometimes it can be in the way dialogue is approached i would suggest paying attention to the way you begin dialogue with your husband see if blame and criticism are present when blame and criticism are included bids for connection can quickly go off track this can sometimes start off with something like why dont you you arent you dont partners can quickly go into defensive mode if they feel they are being attacked and sometimes starting off like this can feel like an attack  also become aware of the time of day or evening when you approach your husband sometimes this can make a big difference for couples as far as when they can truly be present for one another  if you find this pattern continues you might consider seeking professional help through couples therapy a trained couples therapist can help you both understand more about whats happening between you,1,1,1120,0.686507349094245,0.3134926509057549,F
773,857,i was born a girl but i want to be a boy because of my religion i cant tell my family i know they wont accept me what do i do,spirituality,hello this is a really tough question and there are no easy answers to this however i can recommend that first of foremost it is important that you learn to accept yourself this is easier said than done and i can acknowledge and validate that sentiment all to well i have worked with clients such as yourself who struggle to learn how to accept themselves in the face of what appears to be insurmountable obstacles nevertheless it is possible it begins with finding a good counselor who can walk with you through this journey to selfacceptance i cannot and neither can anyone guarantee that your family will change and accept you although i have seen in my work with clients like yourself where the family has moved from intolerance to tolerance with the ultimate goal of acceptance it does not mean that some change is possible as stated earlier i highly recommend that you talk with a counselor psychologist psychotherapist etc who specializes in this area,1,1,958,0.6864550214511944,0.3135449785488056,F
774,1124,we have been together over a year we spend time together every day no matter how busy he started to be unusually fatigued and losing weight he also began to be distant and sexually selfish we had a argument and he confided he has late stage stomach cancer he wont treat it,intimacy,i wonder if both you and your boyfriend could have a conversation about what you both want wish for and desire from one another right now that doesnt necessarily mean that your partner will give everything that you ask for but this is one of the ways that he can learn more about what would help you through this and you can learn how you could support him since traditional medical treatment is not something he wantsyou may also consider using some openended questions not yes or no answers to talk about what youre feeling about both about his cancer and about your relationship both of you may discuss different ways that you would like support from one anotheri would also see if he was comfortable with you disclosing this to one or a few of your close friends with him considering doing the same so that you both have support that includes each other and also includes others because there may be days when you both have a negatively emotional day at the same time and would benefit from talking with someone elseit may also be a matter of conversation to discuss what makes you happy together and use those positive moments to help move through more difficult ones,1,1,1172,0.6864508400327505,0.3135491599672495,F
775,1369,i feel so alone i have so many people around me but it seems as they just listen and dont understand they say it will all be okay or they dont listen to me st all everyone says they are here for me but it doesnt feel like they are why do i feel so alone,relationships,you are valid do you have anyone in your life you feel you can trust and feel uplifted when you are around them  sometimes e have to create our own tribe soul family of people who fill our cup leading us to feel good about life and ourselves also filling our own cup with knowing we are valid worthy enough  the people in your life now may not be the ones who can do that for you but there are people who can it is a matter of seeking them out and finding them also in the meantime fill your own cup with the love acceptance belonging and validation you seek  i wanted to share this videoi am enough  guided meditation,1,1,618,0.6862688392979287,0.3137311607020713,F
776,1249,after i told them they yelled at me,familyconflict,i am so sorry to hear this has been your familys reaction it is truly heartbreaking to hear the important thing to remember is that your identity as bisexual is valid and you are worthy of love no matter what other people saythe other therapists below have given you some great advice on how to cope with your familys reaction and how to manage the pain you are feeling i wanted add to their responses by sharing a few resources on ways to connect with bisexual communityto know you are not alone to see yourself reflected in others to hear others stories of how they have coped these things can help you stay strong during difficult times i hope these resources can do some of that for youonline blogs resources and stories httpsbisexualorg httpswwwbinetusaorgfind a bisexual support group httpswwwbinetusaorgbigroupsintheusbisexual podcast httpswwwbinetusaorgthebicast find biaffirming professionals in your area  httpbizoneorgbapin solidaritylindsey,1,1,952,0.6861372524906288,0.3138627475093711,F
777,1894,"ive been with my boyfriend over  years he cheated on me and the woman is now pregnant he is physically and mentally abusive towards me i have attempted to talk with him in order to resolve our issues however he never wants to talk and often blames me for everything
im always there when he needs my help he tells me although i help him doesnt mean that i am a good person he always discredits me as a woman and its hurtful i spend most day crying and feeling lonely i am unhappy and unsure of what i need to do",domestic violencerelationships,that sounds like a very hurtful situation unfortunately without a batterers intervention course or a desire to change the abuse cycle is unlikely to stop i do not recommend that you try to leave on your own due that being the most dangerous time when in an abusive relationship as an abuser his goal is to control you whether its through mental or verbal means i recommend that you contact a domestic violence shelter in your area i have worked closely with harbor house of central florida and know they provide housing transportation and any other needed resources to women leaving an abusive relationship there is help out there and you are not alone if you need any additional resources in your area please dont hesitate to contact me,1,1,737,0.6860865014722723,0.3139134985277276,F
778,959,ive been with my boyfriend over  years he cheated on me and the woman is now pregnant he is physically and mentally abusive towards me i have attempted to talk with him in order to resolve our issues however he never wants to talk and often blames me for everything im always there when he needs my help he tells me although i help him doesnt mean that i am a good person he always discredits me as a woman and its hurtful i spend most day crying and feeling lonely i am unhappy and unsure of what i need to do,domesticviolence,that sounds like a very hurtful situation unfortunately without a batterers intervention course or a desire to change the abuse cycle is unlikely to stop i do not recommend that you try to leave on your own due that being the most dangerous time when in an abusive relationship as an abuser his goal is to control you whether its through mental or verbal means i recommend that you contact a domestic violence shelter in your area i have worked closely with harbor house of central florida and know they provide housing transportation and any other needed resources to women leaving an abusive relationship there is help out there and you are not alone if you need any additional resources in your area please dont hesitate to contact me,1,1,737,0.6860865014722723,0.3139134985277276,F
779,756,how do i decide if i should end my relationship with my boyfriend,relationshipdissolution,the decision to end a relationship is difficult there are a few questions you might want to ask yourself like why am i asking myself if i should end it what else am i looking for in a relationship that this one doesnt give me is my boyfriend willing to discuss my doubts and willing to work at making this relationship better is he abusive in any way these are just a few questionsto think through in order to make this decision also talk to a trusted friend and see theyre point of view of your relationship sometimes talking it over can help you think out loud and youre friend can point out details you cant thought about talking to a therapist is also a good option as a therapist can hello you figure out what you are looking for and address any issues that need to be addressed,1,1,783,0.6859849468393514,0.3140150531606486,F
780,1041,i crossdress and like to be feminine but i am attracted to women but yet that seems to bother girls i date or ask out    how can i approach them about it should i hold back and keep it a secret or should i just be upfront about it i wonder if i should stop or if i should continue to do it since it makes me happy what should i do,intimacy,if you enjoy crossdressing and it is an integral part of who you are giving it up for anyone else or to get into a relationship will only lead to resentment and resentment in a relationship usually leads to its demise so i would caution you against giving it up for someone else as you wont be happy and neither will your partner because they will be losing out on getting to know your authentic self stay true to your authentic self and balance that out with dating people who do the same and are open to exploring thoughts and feelings in a relationship you definitely get to choose the right time to share this with a partner and i encourage you if it feels safe to talk about it as soon as you can sometimes just keeping something a secret for a long time in a relationship can also lead to other issues too also if you know the other person doesnt respect this part of you if you find out early you wont waste your time and can move onto a relationship that feels more supportivei hope this makes sense and i wish you the best of luck,1,1,1039,0.6859373960215747,0.3140626039784254,F
781,1723,"how do you know you have the right therapist for you
 how would i know how to train my therapist to be able to give me what i need from treatment",counselingfundamentals,this is a great question  a good therapist should first be someone you can trust and second someone who encourages you to be honest with yourself  therapy is a time to learn new coping skills and learn more about yourself  you have the answers you need within yourself  but it sometimes takes a keen ear to lead you to those answers  this cant happen without trust and honesty you may not always leave therapy feeling energized therapy can be hard work but you should always feel you have gained something to ponder that will help you better understand yourself,1,1,561,0.6852111120617621,0.3147888879382379,F
782,395,"i recently broke up with my boyfriend after being together for over  years i truly believe i did the right thing but omehow being single now has made me very needy and unsure of myself
    i am seeing someone casually and i am losing my mind with anxiety about how he feels about me and this need for validation
   how can i learn to be content and at peace with myself regardless of my career relationship status etc",anxiety,a break up even one that you initiated may deserve some time and space to allow it to be completetheres a few ideas ill throw out there and you can choose if they stick  one is to reinvest in the friendships you have by setting up regular coffee gettogethers for example  two get out in nature  its hard to ignore how grand and patient nature is and it sometimes takes the pressure off what we should be and instead allows us to be  and the last one ill throw out there is to invest your time and energy in a project or achievement youve wanted to do for a while but that perhaps you didnt have the time to  something related to a hobby such as sports or music or related to your career  something that is for you  life knocks us off balance at times and thats ok  selfquestioning during these times can be a healthy endeavor  should you follow any of the advice on this website continue to be kind to yourself about what youre feeling and curious about why youre feeling that way,1,1,980,0.6851006337368826,0.3148993662631174,F
783,1443,i try to do everything right just so we wont argue and it doesnt help the only time he is calm is when he is drinking alcohol i get anxiety over having fights with him,relationships,because of the way that you say your boyfriend is only calm when he is drinking and you have concerns about flights it would probably be most helpful for you to speak with a local therapist so you can have specific conversations about what happens during these fightswhen you do everything right are you saying that you dont argue it sounds a bit as though you are trying to read each others mind without being able to communicate effectively i recommend working on this with a therapist though even if you end up going without your boyfriend to sessions so that you can talk about specific strategies and what you can do when he is not calm,1,1,641,0.6850099256761771,0.3149900743238228,F
784,795,"i want a secure relationship with someone that wants to be with me and who will actually put effort into it
 i seem to gravitate toward unavailable men and those that want intimacy and no relationship i let men dictate and control me because they accuse me of being controlling i let men emotionally abuse me and i am at their beck and call
 i am not comfortable being alone or doing anything by myself i feel i need the security of someone being around just to survive i know what im doing wrong and i do it anyway just hoping things will change how do i stop this behavior and thought process",relationshipdissolution,you may be interested in reading my most recent post intimacy begins with you in it i offer  expert tips to help you get started on a path of self connection and discovery this is important stuff to do in order to work through that stuff thats holding you back from the relationships you desire you may find that its especially helpful to do this work with the alliance of a skilled individual therapist,1,1,403,0.6849238198980382,0.3150761801019618,F
785,1908,"i want a secure relationship with someone that wants to be with me and who will actually put effort into it
i seem to gravitate toward unavailable men and those that want intimacy and no relationship i let men dictate and control me because they accuse me of being controlling i let men emotionally abuse me and i am at their beck and call
i am not comfortable being alone or doing anything by myself i feel i need the security of someone being around just to survive i know what im doing wrong and i do it anyway just hoping things will change how do i stop this behavior and thought process",relationship dissolution ,you may be interested in reading my most recent post intimacy begins with you in it i offer  expert tips to help you get started on a path of self connection and discovery this is important stuff to do in order to work through that stuff thats holding you back from the relationships you desire you may find that its especially helpful to do this work with the alliance of a skilled individual therapist,1,1,403,0.6849238198980382,0.3150761801019618,F
786,317,i start counselingtherapy in a few days im freaking out but my main fear is that ill cry and embarrass myself is it something to worry about,anxiety,yes if crying is how you are expressing an emotion then not only would it be normal but hopefully encouraged because its an important part of therapy to have a safe space to express your emotions we might encourage you to put words to the tears as well to help you expand on your experience and begin to make more sense of itas a therapist our job is help you open up and feel comfortable enough doing so i sincerely hope no therapist would ever shame you for whatever experience you are having in the room,1,1,506,0.6847994080659041,0.3152005919340959,F
787,435,"i just took a job that requires me to travel far away from home my family and i really need this job
   people keep telling me i have anxiety and im terrified of having an anxiety attack on the road this is all new to me what can i do",anxiety,getting a new job is both exciting and scary the bottom line is that you were hired because you can do this job take a moment to reflect on all of the hard work it took to get here next identify habits that are proven to reduce the chance of anxiety attacks and plan how you can incorporate these into your routine habits may include getting a healthy amount of sleep eating a balanced breakfast avoiding social media or meditating on the way to work when or if feelings of anxiety do start to creep in reassure yourself that this feeling is temporary and will pass when you can be mindful of your breathing and take some deep breaths in slower moments most importantly have confidence in your ability to do well after all you were hired for a reason,1,1,750,0.6845832525454195,0.3154167474545805,F
788,1042,i crossdress and like to be feminine but i am attracted to women but yet that seems to bother girls i date or ask out    how can i approach them about it should i hold back and keep it a secret or should i just be upfront about it i wonder if i should stop or if i should continue to do it since it makes me happy what should i do,intimacy,it would be my professional opinion that the desire for you to keep it a secret at all while yes i could see it as giving you a chance with a girl is something that might be more about a discomfort for you if you are comfortable with your kinks and fetishes if i may call it such not my intention to pathologize in any way though then be as open as you want to be but i also dont know that you need to be announcing it as part of your online dating profile because you do say it bothers girls i ask out which to me implies that that is what youre leading with my hope is that people dont make dating decisions based on your kinky behaviors but more likely that they would make decisions based on your own comfort and security with said kinky behaviors,1,1,751,0.6845766489585436,0.3154233510414563,F
789,1783,is it normal for people to cry during therapy or is it just me,counselingfundamentals,it is normal to cry anytime you want to sometimes the tears dont make sense to us and thats okay it is important to recognize those tears as telling you something about how you are feeling that you may be missing,1,1,212,0.6845057258114469,0.3154942741885532,F
790,181,im very depressed how do i find someone to talk to,depression,it is to your credit that you reached out for help on this platform how to find someone to talk to would depend upon your lifestyle and worldview many people reach out to their faith community and others to friends family or seek help from a psychotherapist if you live in a large metropolitan area you will have an abundance of options however if you live in a more rural area options might be limited broadly speaking if you have health insurance you can make an inquiry about providers who deliver psychotherapy in your local area you might also try exploring profiles  on psychology today to get a sense of therapists in your area available for a phone consultation i wish you all the best in your search,1,1,708,0.6843579318185901,0.3156420681814099,F
791,1772,is it normal for people to cry during therapy or is it just me,counselingfundamentals,it is quite normal as conversations we have may touch on emotions thoughts and feelings that have been covered up for a long time just as laughter which may also be present in therapy joy sadness reflections these are all emotions and insights that can occur allowing yourself to feel and express yourself in a space of safety is freeing and enlightening not all sessions can have that but those moments are wonderful and continue on ones pattern of growth grab a kleenex and let it out,1,1,486,0.6839696015024439,0.316030398497556,F
792,270,he said he would try and he never did its been nine months and this is making me worse today he said i have to respect whatever decision he makes is that true am i supposed to respect the decision to leave because he cant handle what im going through and leaves me here crying and worried every night hes constantly changing his mind on if he wants to work it out,depression,when you are at your lowest you have an opportunity to learn not just about the people around you and who you can depend on but also so much about yourself and why you have come to the place that you have take this time to do some introspection and learn yourself it will give you the power to recover from whatever it is that has broken you wed love to talk with you please contact us sometime,1,1,394,0.6837169862212329,0.3162830137787671,F
793,453,when im around people i sometimes think someone has made a comment to me or asked me to do something i will be focusing on something else and then randomly think i hear something about me i never know if it was actually said,anxiety,it sounds like you are having difficulty knowing if people are saying things to you or if you only thought someone was talking to you and this is anxiety producing its understandable that it could be confusing andor a bit scary to be unsure if people are speaking to you or not its hard to say exactly what is going on from just this description but if you can work with a competent therapist you may be able to get more insight into what is happening get clarity about your social interactions and develop some ways to deal with the anxiety,1,1,541,0.6835854691303369,0.3164145308696631,F
794,1030,my fiancé and i have been together for  years and our relationship has always been good the only issue we had was that he felt like he wasnt getting enough sexual attention from me    i recently found out he cheated on me with another women he says he wants his family back but im confused on what to do is it possible for us to get past the cheating or should i just move on,intimacy,hello im sorry that this happened to you and that you are struggling with making a decision about this in my experience a couple can absolutely overcome cheating and get back to the relationship they once had hopefully the other relationship is over and you can work on rebuilding the trust that has been broken it will be difficult for the both of you to move past this and getting professional help as you navigate rebuilding your relationship is a good idea just know that you can get past this many couples dogood luck,1,1,522,0.6835509137693314,0.3164490862306686,F
795,808,were not together but im still doing things for him and we are intimate hes not there for his son,relationshipdissolution,you didnt ask a direct question because i feel from what you wrote you already know the answer  i hate to sound harsh but i am a therapist that call it how i see it so brace yourselfyou will always continue to have problems with letting your childs father go as long as youdont love or respect yourself firstdont love and respect your sondont demand respect as a woman and mothergive up the goods regardless of what he does for you or your sondont hold your son as a priority in your lifehave self worth of a  etci have a feeling you are sayingi do love my son and hold him as a priority even if you dont do it for yourselfi would askare your actions of allowing such disrespect from his father proof of thati know what i have said may have gotten under your skini want it to because i feel that you have a conscience want to do better know you and your son deserve better and you can do better  believe in yourself and that you and your son do desire better and it starts with you setting boundaries with his father  you can do  it,1,1,1032,0.6832826267648164,0.3167173732351835,F
796,436,"i just took a job that requires me to travel far away from home my family and i really need this job
   people keep telling me i have anxiety and im terrified of having an anxiety attack on the road this is all new to me what can i do",anxiety,its understandable that you would experience anxiety as your job involves a long commute away from home one of the ways to cope with this situation might be to think about all the good that will come out of the sacrifice you are making to  help support your family financiallythere may be many other benefits you are drawing from working such as professional growth or other areas you can focus on doing a cost benefit analysis can also be helpful in identifying the advantages of this experience which may help decrease your worry as a heartmath certified practitioner i would also recommend a deep breathing technique known as heart focused breathing it is simple to do and will help you enjoy a sense of calm and ease whenever you feel you need it all the very best to you  just click here   heart focused breathing,1,1,818,0.6832001717823009,0.3167998282176992,F
797,2042,"i feel that i need to end my present relationship he lives three hours away and likes the reassurance of having someone to talk to multiple times per day and seeing me once or twice a month  i want someone who is more present and more of a life companion
lately he has had a very busy work schedule and i have only seen him a few times in the last  weeks i told him that i cant continue in this way because i constantly feel frustrated and angry and that he is not making the relationship enough of a priority i also feel it is keeping me from possibly finding the relationship i want
we have been together  years the problem is that i panic and experience anxiety and depression thinking of him with someone else and then thinking i will never meet someone i like we have gone through this cycle already  times and i feel it is unhealthy to stay in it but my aversion to the anxiety and depression i experience upon separation always leads me to reconcile",relationshipsanxiety,it sounds like you have some insight into the cycle that you describe with your current relationship and at the same time you are still feeling stuck it also sounds like the distressing feelings that you experience when you imagine what will happen for you and your current partner are pretty overwhelming a competent therapist may be able to help you work through these difficult thoughts and feelings and find a resolution to this cycle that will feel right to you,1,1,466,0.6831289883135212,0.3168710116864788,F
798,536,i feel that i need to end my present relationship he lives three hours away and likes the reassurance of having someone to talk to multiple times per day and seeing me once or twice a month i want someone who is more present and more of a life companion lately he has had a very busy work schedule and i have only seen him a few times in the last  weeks i told him that i cant continue in this way because i constantly feel frustrated and angry and that he is not making the relationship enough of a priority i also feel it is keeping me from possibly finding the relationship i want we have been together  years the problem is that i panic and experience anxiety and depression thinking of him with someone else and then thinking i will never meet someone i like we have gone through this cycle already  times and i feel it is unhealthy to stay in it but my aversion to the anxiety and depression i experience upon separation always leads me to reconcile,anxiety,it sounds like you have some insight into the cycle that you describe with your current relationship and at the same time you are still feeling stuck it also sounds like the distressing feelings that you experience when you imagine what will happen for you and your current partner are pretty overwhelming a competent therapist may be able to help you work through these difficult thoughts and feelings and find a resolution to this cycle that will feel right to you,1,1,466,0.6831289883135212,0.3168710116864788,F
799,184,im very depressed how do i find someone to talk to,depression,hang in there feeling depressed sucks but talking with someone can really help  so its awesome that youre already trying to figure out how to find that person tons of good suggestions already but to add my two cents  you can find therapists in your area and read a little bit about them to find someone you like the sound of via this website and also via wwwpsychologytodaycom if you have health insurance your insurer might be able to make recommendations as to therapists covered by your plan or if you happen to be in school the school itself should be able to connect you with either their own counselor or a center that they recommend nearby finding someone can take a few calls or a bit of research so if you need some immediate support or find yourself having thoughts of hurting yourself you can also call the great folks who run the suicide crisis line httpssuicidepreventionlifelineorg  they are great in moments of crisis,1,1,932,0.6829352621770622,0.3170647378229377,F
800,2672,im  very depressed how do i find someone to talk to,depression,hang in there feeling depressed sucks but talking with someone can really help  so its awesome that youre already trying to figure out how to find that person tons of good suggestions already but to add my two cents  you can find therapists in your area and read a little bit about them to find someone you like the sound of via this website and also via wwwpsychologytodaycom if you have health insurance your insurer might be able to make recommendations as to therapists covered by your plan or if you happen to be in school the school itself should be able to connect you with either their own counselor or a center that they recommend nearby finding someone can take a few calls or a bit of research so if you need some immediate support or find yourself having thoughts of hurting yourself you can also call the great folks who run the suicide crisis line httpssuicidepreventionlifelineorg  they are great in moments of crisis,1,1,932,0.6829352621770622,0.3170647378229377,F
801,1848,how does a person start the counseling process,counselingfundamentals,i think it is important that you are able to convey what you are looking for in a therapist even if that changes over time  you need to look at it like you are interviewing the counselor and that they will be able to provide you with the therapy you need  to many times we do not know and it ends up not being a good fit and then people are left with a bad experience and do not want to reengage  remembering you are basically hiring someone to help you so i would treat it as such do some research and be clear as to why you are coming to therapy and ask questions as how they will be able to help you,1,1,602,0.6828664054228221,0.3171335945771779,F
802,804,my fiancé and i broke up he cheated on me numerous times i kept forgiving but questioning his every move he got tired and left,relationshipdissolution,there is a grieving process after losing a relationship or any other major loss such as a job a house etc one of the things to consider is give yourself a chance to go through the tasks of mourningto accept the reality of the lossto process the pain of griefto adjust to a world without the person who has just leftto find an enduring connection with that person in the midst of embarking on a new life this could mean a lot of things but it could be holding certain memories as your ownyou may also find things that make you feel happy or comfortable its also helpful to have people who you can talk to about your feelings and people who may be able to recognize things about you that you cannot see right now such as how you are honest committed to your work a good listener etcthis takes some time try to be gentle with yourself,1,1,831,0.6828431477281165,0.3171568522718834,F
803,1512,im a girl and i cant tell whether im bisexual or gay i like girls a little more than boys but i dont really know,lgbtq,sexual orientation is not always something that is clearly definable some people look at it on a continuum where being attracted to only boys is at one end only girls is at the other and bisexual is in the middle anywhere in between those points can be any amount of attraction to boys or girlsif you dont know whether you are gay or bisexual that is okay a lot of people dont know for quite some time in addition to that after people do know who they are attracted to a lot of times they do not use the terms gay or bisexual for quite a whileits okay not to knowthink about what sorts of expectations you have for your ideal relationship some examples may include trust respect availability for conversation or connection etc whatever it is that you find important in a relationship is likely what matters mostif you are struggling with learning what it is that you would like in a relationship or any other feelings connected with what you are thinking and feeling i would suggest connecting with a local therapist so you have a place to talk about what you are experiencing,1,1,1076,0.6825926969877848,0.3174073030122152,F
804,14,"i have so many issues to address i have a history of sexual abuse im a breast cancer survivor and i am a lifetime insomniac    i have a long history of depression and im beginning to have anxiety i have low self esteem but ive been happily married for almost  years
   ive never had counseling about any of this do i have too many issues to address in counseling",depression,it sounds like you have been through a lot but in therapy theres no such thing as too many issues thats what it is there for  i want to normalize that a lot of people feel they are too much but this isnt true  a lot of the issues you mentioned are interrelated and may be affecting the other we are a whole person and our physical health affects our mental health and vice versa  sometimes when you work on one issue in therapy it can help alleviate some of the other issues  it is easy to feel overwhelmed with all you have going on but a therapist can also help prioritize some of that and find goals to focus on,1,1,614,0.6822102641984837,0.3177897358015163,F
805,303,im supposed to stay here the rest of my academic life but ive never liked it here not even before i came ive never felt like i belong ive missed my country every second in the past four months and im just miserable im gaining weight doing nothing and crying for hours straight is it time to go back home or is it just culture shock,depression,it sounds like you are feeling very unsure and out of place and the prospect of continuing to feel as you do now for the remainder of schooling seems daunting without getting to know more about you and your experiences here and at home it is hard to say what you should do however i think exploring these things with a competent therapist may help you to discover the answer,1,1,374,0.6820875857843214,0.3179124142156785,F
806,1440,when i ask him who he is talking to he tells me no one but it sounds like he is holding a conversation with someone i have even accused him of having a secret cell phone i ask so much i feel like i am losing it is he trying to make me question my sanity or is he talking to himself,relationships,a rare topic  likely extremely troublesome for you i would need to have more background information on the two of you before beginning to offer any insight feel free to email mei would also like to add that aside from the reality of whether or not these conversations are actually occurring as your partner he should be just as concerned about something that is disturbing you to this level  partners need each others trust and support no matter who is right or wrong,1,1,467,0.6818317074241764,0.3181682925758236,F
807,1924,when i ask him who he is talking to he tells me no one but it sounds like he is holding a conversation with someone i have even accused him of having a secret cell phone i ask so much i feel like i am losing it  is he trying to make me question my sanity or is he talking to himself,relationships,a rare topic  likely extremely troublesome for you i would need to have more background information on the two of you before beginning to offer any insight feel free to email mei would also like to add that aside from the reality of whether or not these conversations are actually occurring as your partner he should be just as concerned about something that is disturbing you to this level  partners need each others trust and support no matter who is right or wrong,1,1,467,0.6818317074241764,0.3181682925758236,F
808,1820,does counseling really do anything that can help people,counselingfundamentals,there are multiple ways that counseling helps people the most basic is that it gives you someone to talk to about and through what you are facing it is better than a friend because this is a space for your stuff and you get to focus on what you need and dont have to worry about the other side this is also a place where you do not have to worry about how else the other person is involved in the situation beyond this basic level a counselor will have expertise they can bring in terms of how people including you can effectively deal with this kind of situation the counselor may also be aware of connections that you would not otherwise see a good counselor will also recognize if and when you need other help or support in the situation why wouldnt you benefit from having someone walk with you in your journey to peace and wholeness,1,1,837,0.681826279024742,0.3181737209752579,F
809,271,im in my late s i never loved or have been loved i need deeper help than is offered in my small town but i cannot leave this town because of agoraphobia i find myself losing hope more and more my brain barely works anymore and my memory so small i forget in a moment i serve no purpose im incapable of work or anything of value and i never have been im a complete waste of time and resources and yet i keep trying why why does god insist that i continue to exist im not suicidal just tired,depression,the fact that youre reaching out says that there is something in you that wants this to be different and that drive might be something worth tapping into why do i keep trying is a question that might give you some insight into what it is in you that keeps you going a lot of therapistscounselors are now offering video therapy as long as youre in the same state as a therapist offering this service you could connect with someone helpful from the comfort of your home even being in your small town id recommend looking into this option because youre asking a lot of really deep questions and might benefit from having those conversations with someone who can help you find your own answers,1,1,689,0.6815236219025586,0.3184763780974414,F
810,1476,my exboyfriend and i met over a year ago we hit it off and fell in love pretty quick however he has trust issues and assumed i was cheating when i found out i was pregnant we had just broken up five months later i lost the baby and we did not speak for a few weeks now we are talking and he says he loves me but is afraid i will hurt him again i just want to know where to go with this because i love him so much and i want to get back to us being happy and a family,relationships,trust is essential in romantic relationships and it is common to have trust issues  because the stakes are so high if both of you are committed and willing to be fully honest with each other trust can be repaired and become stronger than ever i would encourage you to seek out professional help as it easy to get derailed by fear when trying to work things out in the absence of trust when fear takes over  we tend to become defensive and act in ways that makes it harder to trust one another in addition to getting professional support i would encourage you to learn more about building trust in relationships and deepening connection through accessing various online resources on relationships,1,1,695,0.6815039917416802,0.3184960082583198,F
811,967,sometime when small thing happen like losing a comb i get furious i even start throwing things do i have a problem,angermanagement,anger does have its place  when anger is experienced often or the magnitude of it does not fit the scenario such as your losing comb the question becomes what does losing that comb mean to you  in the very split second that you have realized the comb is missing there is a reaction that occurs within you accompanied by an image or thought that like lightening flashes so quickly that you may not be aware what it is  as sherry noted below awareness  awareness is fundamental  becoming aware of ourselves and what is happening internal that sparks it off  the next time you feel angry from a small thing stop and ask yourself why am i angry that this is lost  find out what you are thinking or how you are speaking to yourself  you will become aware and once you are aware steps can be taken to alter the experience for the better a professional can assist with that,1,1,866,0.6814961736764801,0.3185038263235199,F
812,863,i dont know what to say i have never really known who i am,spirituality,what exactly is it that you are looking for different people define themselves in different ways for example one person may define himself by his values and morals while another identifies herself by her personality and characteristics still another person may define himself by his interests and hobbies learning who you are as a person can take time and life experience at the same time who you are may change according to what experiences you have had and how you have dealt with them or felt about them try viewing the journey of finding yourself as exciting and ongoing allow yourself to feel emotions and learn how they relate to the experiences you have this may help you to know more about what you value what you like and dislike and what you want for yourself in life best of luck to you,1,1,797,0.681192449902644,0.3188075500973559,F
813,23,"i have so many issues to address i have a history of sexual abuse im a breast cancer survivor and i am a lifetime insomniac    i have a long history of depression and im beginning to have anxiety i have low self esteem but ive been happily married for almost  years
   ive never had counseling about any of this do i have too many issues to address in counseling",depression,if you feel like youre too much you need someone who doesnt feel like you are guess what thats what therapists are for you are not too much you dont have too much to work on you are on the right platform we are all here to help find someone and schedule a session emdrbrainspotting for trauma anxiety and lowself esteem issues etc lens low energy neurofeedback system for the insomnia or you could do a sleep study to see why you cant sleep hope this helps,1,1,456,0.6808405772030145,0.3191594227969855,F
814,1845,how does a person start the counseling process,counselingfundamentals,i always suggest that you find the right fit you have every right to interview the therapist and ask as many questions as you need it is our job as a therapist to explain our approach and philosophy this gives you a good overview of the therapist just call and say that you would like to talk to the therapist say your interested in the services but unclear about how the process works from there a seasoned therapist should be proficient in helping to guide you through the process with ease and comfort wwwlifecounselingorlandocom,1,1,532,0.6807369897185835,0.3192630102814165,F
815,692,i feel like i hate myself physically and emotionally sometimes how can i start accepting myself and be more confident,selfesteem,youve already taken the first step you want to not hate yourself selfacceptance is hard and its on a spectrum on one side we have selfhate on the other extreme selflove and then there is all this stuff in the middle it kind of looks like thisand working toward selflove often means moving around through all these becoming aware of your emotions exploring the parts of you you that easier and harder to accept selfkindness selfforgiveness selfcompassion and ultimately selflove it is a recovery process and has to be an active thing each day meeting with a counselor can give you a partner in that process your counselor can also help you to recognize pieces that may be more difficult to see from your eyes as they have an outside view and with selfacceptance confidence comes naturally although you may need to practice behaviors that show assertiveness confidence and boundaries that protect you wishing you the absolute best with this,1,1,938,0.6806215918633983,0.3193784081366017,F
816,8,"i have so many issues to address i have a history of sexual abuse im a breast cancer survivor and i am a lifetime insomniac    i have a long history of depression and im beginning to have anxiety i have low self esteem but ive been happily married for almost  years
   ive never had counseling about any of this do i have too many issues to address in counseling",depression,you have been through so much and it sounds like you have a lot of things that have complied over the years regardless of the struggles you have been through you do not have too many issues for counseling many times when someone starts out their counseling and healing journey there are multiple things they would like to address and work on if you decide to start counseling you and your therapist can decide collaboratively what you would like to process and work on first be sure to express to your counselor if any of the above experiences youve been through is causing a lot of distress  as many times the first things addressed are the ones that are presently affecting your life or you emotionally often times when we experience negative situations in our life  but do not address them they bottle up inside us and can manifest in other ways such as depression or even physical symptoms like ibs or neck pain  counseling can give these bottled up emotions and situations a release given the situation you shared not only do i not think that you have too many issues for counseling but believe that you will be a great candidate and can get a lot from it,1,1,1160,0.6804285725105119,0.3195714274894881,F
817,958,my boyfriend and i have been together for five years now throughout the entire first day that we met he and i had the opportunity to interact quite a lot and instantly sparked a deep connection with one another that same night he and a friend stayed over at my house without my moms acknowledgment and we kissed the next two days were a repetition of the first day on the third night my mother finally caught us and i was kicked out of my house i left with him of course and we went from meeting each other to being like a married couple it was very hard for us his stepdad also kicked him out of his home and we were staying at cheap hotels and friends houses with the little money we had i quit my job and dropped out of school because it was hard to do anything without a stable home there were times when we had nowhere else to go but sleep in the car outside a walmart parking lot our honeymoon stage as they call it probably only lasted one month after that it was a downward spiral we were constantly arguing about money food and our families we kept having the famous youre doing it wrongdo it this way argument after six months we moved across the country only to live the same thing and thats when the violence started one afternoon after a serious argument he got into his truck and threatened to leave me i was frightened that he would actually go through with his word given that we had just moved to a place where we knew no one he told me to let him leave or he would hit me he had once promised he would never touch me so i challenged him to do it he slapped me and ever since that time when we have serious fights he loses control and hurts me i havent had the courage to leave him and theres really nothing stopping me now i dont live with him i dont depend on him and we dont have children we both havent been able to let go of that deep connection that we still have and that has been damaged so badly he always apologizes and at the beginning he was more willing to change now he just wants me to understand why he does it and how i dont ever make the effort to try to be okay ive read enough about domestic violence to know that its not my fault that he loses control so thats not even an issue for me i know he has to change that on his own i just want to know if theres people who have gone through this and had the tables turned is there hope for a better future together,domesticviolence,hi winters i learned a long time ago that i cant ever predict who will change and who wont i meet couples who seem to have all the ingredients but cant make it work and others who have severe issues and they decide to make better decisions and things change but in reading your story the image of a slot machine came to mind youre gambling your life away on the chance that this guy will change only you can decide how many years to give it i see him giving you clear signs that he doesnt even believe in himself or want to change though what are you waiting foralthough you say you know his behaviours arent your fault something tells me that youre hoping your love for him will turn the key that unlocks something and makes him want to change it doesnt work that way just like the slot machine you have no power to change him or make this work you can only decide when youve paid too much i bet theres someone out there who loves and misses you hes not your only support,1,1,972,0.6801165817361272,0.3198834182638728,F
818,1799,is it normal for people to cry during therapy or is it just me,counselingfundamentals,yes it is normal to experience many different emotions in therapy because you are dealing with issues and situations that matter to you sometimes you may cry sometimes you may feel joy and sometimes you may feel relief sometimes you might even feel anger everything you feel in therapy can be used to help you learn more about yourself and help you grow,1,1,353,0.6800422526924415,0.3199577473075585,F
819,960,ive known my boyfriend for several years we were friends for a long time in  we started a relationship and he even asked me to move in with him since i lived out of state i planned to move in with him in  after i finished school and he found a job however during this time we had a few arguments and broke up with each other for a short period of time we decided later to make it work shortly after i found out that i was pregnant i wanted to tell him during his next visit however he never came to see me and instead asked me for money after i gave him money he quit answering my phone calls and texts    soon after i experienced a miscarriage i texted him about what had happened and he didnt seem to care i was extremely hurt by this i still decided to move back as i had originally planned he helped me with the move and replaced the money i had lent him during this time i asked if he wanted to be in this relationship because i needed to know although he says he did i hardly ever see him he never got a job which was in the original plan    after that we both started seeing other people for a short amount of time but once again got back together once we got back together i cut all ties with the former relationship i had been in i thought he had too but i found out that he did not attempt to do as i did and was still talking with another woman in fact he had even sent inappropriate pictures to her when i confronted him about this he wasnt apologetic he said that he only did it to get even with me and was actually mad at me for looking through his phone he even closed his car window on my finger and tried to throw me out of his car i dont know what to do,domesticviolence,there are plenty of red flags that you have been presented withseveral breakups not holding up his end of the bargain regarding worklack of empathy for your miscarriagelying about his involvement with another womanphysical violence which is of most concern this seems to be a very unhealthy relationship in my experience relationships such as these rarely become positive ones violence is never okay and regardless of his reasoning you looking through his phone it is indefensible you have to look at these red flags and ask yourself is this really someone i want to marry is he an asset to my life i think youll realize he is notbest of luck to you and please know that you deserve someone who treats you with kindness dignity and respect,1,1,739,0.6799581178045759,0.320041882195424,F
820,1876,"ive known my boyfriend for several years we were friends for a long time in  we started a relationship and he even asked me to move in with him since i lived out of state i planned to move in with him in  after i finished school and he found a job however during this time we had a few arguments and broke up with each other for a short period of time we decided later to make it work shortly after i found out that i was pregnant i wanted to tell him during his next visit however he never came to see me and instead asked me for money after i gave him money he quit answering my phone calls and texts 

soon after i experienced a miscarriage i texted him about what had happened and he didnt seem to care i was extremely hurt by this i still decided to move back as i had originally planned he helped me with the move and replaced the money i had lent him during this time i asked if he wanted to be in this relationship because i needed to know although he says he did i hardly ever see him he never got a job which was in the original plan  

after that we both started seeing other people for a short amount of time but once again got back together once we got back together i cut all ties with the former relationship i had been in i thought he had too but i found out that he did not attempt to do as i did and was still talking with another woman in fact he had even sent inappropriate pictures to her when i confronted him about this he wasnt apologetic he said that he only did it to get even with me and was actually mad at me for looking through his phone he even closed his car window on my finger and tried to throw me out of his car i dont know what to do",relationshipsdomestic violence,there are plenty of red flags that you have been presented withseveral breakups not holding up his end of the bargain regarding worklack of empathy for your miscarriagelying about his involvement with another womanphysical violence which is of most concern this seems to be a very unhealthy relationship in my experience relationships such as these rarely become positive ones violence is never okay and regardless of his reasoning you looking through his phone it is indefensible you have to look at these red flags and ask yourself is this really someone i want to marry is he an asset to my life i think youll realize he is notbest of luck to you and please know that you deserve someone who treats you with kindness dignity and respect,1,1,739,0.6799581178045759,0.320041882195424,F
821,1544,i suffer from checking and cleaning ocd can counseling help me to get over it,behavioralchange,absolutely  exposure techniques in counseling have shown to be extremely effective for working through compulsions  first thing i would say is to make sure you feel a good connection with your counselor and you feel its a good fit  its hard to get through that anxiety already but having a counselor that feels right for you will help to buffer that a bit and help guide you through the exposuresnot sure what kind of access you have in your area but some counselors that specialize in exposure therapy will actually come to you to support you through an exposure  its very treatable so just take it a step at a time and hang in there,1,1,634,0.6799079401006007,0.3200920598993992,F
822,752,how do i decide if i should end my relationship with my boyfriend,relationshipdissolution,this can be a very difficult question to answer without knowing anything else about the situation  it makes me wonder  what makes you feel like you should break up with him what brought up thinking about ending things it will be important to decide if the relationship is safe if it is healthy and if it makes you both happy are there reasons you are staying in the relationship that dont make you feel good it might be helpful to write things out or talk to a trusted friend about what each of your choices means what would it be like to end things what would it be like to stay are there issues that the two of you can work on to make the relationship better,1,1,660,0.6796345255095971,0.3203654744904028,F
823,727,i feel like im trying to convince myself that im okay when im not im always blocking out the bad things and forgetting i also feel like nobody cares for me and they never will i feel truly alone,selfesteem,as social creatures we humans all long for deep human connection to know that we belong and are part of something larger it is so important to us that when we feel alone  it can feel almost unbearable you are not alone in feeling alone while it can take time to build deep relationships there are moments in each day where we have the opportunity to interact with other people who may also feel lonely and scared and want to be seen and acknowledged i wonder what it might be like for you if you took on an experiment of trying to really see the people around you and make little attempts to acknowledge and connect with them  fellow humans on this journey of life a good morning at the bus stop or really looking at the person who you buy your groceries from or thanking or complimenting someone for something that you notice and appreciate while this is not a substitute for close relationships these moments of real connection with the people who we share our communities with can go a long way to realizing that we are not as alone as we may have thought,1,1,1058,0.6792149304169233,0.3207850695830767,F
824,234,i am going through a divorce he is extremely angry he refuses to physically assist me with our teenager daughter i have no extended family support often times i feel overwhelmed tired and joyless i feel out of control sad and depressed on a daily basis i am just going through the motions of life every day i am in my mids i have almost  years on my job how can i handle this,depression,you are in the midst of a really hard time and it sounds like you have no help at all  search out a local support group through community counseling type centers  if you cant find a group at least get in to see a therapist who can help you manage stress and upset better  your sadness depression and outofcontrol feelings dont mean there is something wrong with you  they just mean that your circumstances are too big for your current resources to handle so get some help take care of you and youll be able to get through this,1,1,526,0.6790678660855267,0.3209321339144733,F
825,478,i am a peaceful person but i often find myself having thoughts about killing people eventhough i like the thoughts at the time they make me cry why do i feel like this,anxiety,hello and thank you for your question clearly this is something that has you very concerned sometimes thoughts are just thoughts and they are pretty harmless many people have thoughts of killing someone but they would never actually do it they really dont even want to do it they are just having a thought other times thoughts are a sign of something more serious and we should receive help when they start to worry us i would recommend meeting with a counselor to discuss these thoughts it is usually a safe environment where you can get advice with little judgement now if you begin to start thinking about killing someone specific and making a plan to do it in reality you should call for help immediately by help i mean  or a family member or friend you would want to get help before doing something to harm yourself and others again none of this is to judge but rather to encourage you to get the help youre seeking either way when we become concerned about some aspect of our behavior seeking counseling is usually a good choice be well robin j landwehr dbh lpcc ncc,1,1,1072,0.6787969886827006,0.3212030113172994,F
826,541,i was raped repeatedly when i was younger i told my parents and action was taken but now that im an adult i suffer from extreme anxiety,anxiety,while anxiety can come about for many reasons trauma is definitely one of the factors that makes anxiety a possibility both immediately following a traumatic event and later in life when we have experienced such scary violations of our bodies  we may experience residual effects of fear for many years to come this is normal natural and in many ways helpful  at least initially this fear is in some way a sign that your bodymind is taking good care of you  trying to keep you on your toes in order to protect you from anything terrible happening to you again however as it sounds like you know anxiety feels awful and there are certainly ways of learning to reduce anxiety in order to get the tools you need to manage anxiety and also understand where it comes from and how it works in your life i would encourage you to seek professional help and check out anxiety resources online,1,1,882,0.6785642852530118,0.3214357147469881,F
827,2552,my wife is always accusing me of cheating and telling me that im doing things she finds disrespectful even when i dont mean it like that for example she gets offended when i call someone at work sweetheart  i wish i had a penny for every time she accused me of cheating on her  she doesnt and never will say she was wrong how do i get her to understand,relationshipsmarriageworkplace relationships,here is the truth you will never get her to understand because that would mean changing her and we cant change other people we can only change ourselves i would recommend to take the time to self reflect on what exactly it is that you are doing that is contributing to the mixup you both have very valid feelings and those wont magically go away until you address the root problem which could be many factors i am curious to know more about past relationships the both of you have had and how that plays a role in your current relationship many times we dont realize how past relationships truly impact our current behaviors,1,1,624,0.6782848541810926,0.3217151458189073,F
828,814,my wife is always accusing me of cheating and telling me that im doing things she finds disrespectful even when i dont mean it like that for example she gets offended when i call someone at work sweetheart i wish i had a penny for every time she accused me of cheating on her she doesnt and never will say she was wrong how do i get her to understand,workplacerelationships,here is the truth you will never get her to understand because that would mean changing her and we cant change other people we can only change ourselves i would recommend to take the time to self reflect on what exactly it is that you are doing that is contributing to the mixup you both have very valid feelings and those wont magically go away until you address the root problem which could be many factors i am curious to know more about past relationships the both of you have had and how that plays a role in your current relationship many times we dont realize how past relationships truly impact our current behaviors,1,1,624,0.6782848541810926,0.3217151458189073,F
829,1896,"about  years ago or so i was skinny but i was still ugly i really do want to change that but ive tried  times now can i try but dont stop at school i get bullied about my weight and my ugliness and i have been bullied my whole life that i believe them
how can i stop thinking about them and dont let it get in my head my parents said i dont weight that much but they do think i am fat but they tell me i am not i told my parents that i need to go to a therapist but they think i am fine and i think they dont want to deal with it",selfesteem,hey  i am so impressed with your efforts to ask questions to figure out how to change the messages that you hear and say to yourself and to get support  and it sounds like you want to make some changes in your life  take a walk over to the counseling office at school the school nurse or consider reaching out to your pediatricians office you dont have to have your parents permission to seek support for yourself  and maybe taking control of your support network will give you the strength to make even bigger decisions about your health  i am rooting for you  be wise,1,1,569,0.6778526795995201,0.3221473204004799,F
830,704,about  years ago or so i was skinny but i was still ugly i really do want to change that but ive tried  times now can i try but dont stop at school i get bullied about my weight and my ugliness and i have been bullied my whole life that i believe them how can i stop thinking about them and dont let it get in my head my parents said i dont weight that much but they do think i am fat but they tell me i am not i told my parents that i need to go to a therapist but they think i am fine and i think they dont want to deal with it,selfesteem,hey  i am so impressed with your efforts to ask questions to figure out how to change the messages that you hear and say to yourself and to get support  and it sounds like you want to make some changes in your life  take a walk over to the counseling office at school the school nurse or consider reaching out to your pediatricians office you dont have to have your parents permission to seek support for yourself  and maybe taking control of your support network will give you the strength to make even bigger decisions about your health  i am rooting for you  be wise,1,1,569,0.6778526795995201,0.3221473204004799,F
831,454,its especially bad at night time i am scared of sleeping alone,anxiety,being able to know you feel anxiety and write about it is the first step to addressing and handling itgenerally anxiety is deep fear of not being able to handle what comes up in life  somehow the person was insufficiently nurtured and so felt  insecure when very youngusually the person had to fend on at least a psychological and emotional level for themselves before reaching an age when doing so would have been reasonabletheir inner feeling of overwhelmed from when very young hasnt faced the reality that the grown person is now capable even if this takes some practice try asking yourself what you are afraid of and theorize how you would handle these situations as a grown personalso sometimes anxiety comes from feeling lonely  this loneliness is reminiscent of the loneliness that the grown person now felt when being left to take care of situations as a child which were too difficult and complex for any child to address,1,1,931,0.6778436513525121,0.3221563486474879,F
832,2769,"my fiancé and i come from a strong christian background but both went off the straight and narrow once before he is having a hard time accepting my past especially  that im not a virgin he has a hard time in general accepting himself and others 

his insecurities are hurting our relationship how can i help him let go of my past and decide to live in the present",relationshipsintimacyspirituality,you are right that his insecurities are at the root of the issue  you cannot change that for him  he will have to do the work to handle those emotions on his own  what you can do is reassure him in whatever ways possible but always recognizing that you cant fix this for him  when i work with people who struggle with their partners past experiences i always frame it like this  everything that youve experienced has resulted in you being the person you are today  the person they claim to love  if you had not gone through some of those experiences you would not be in the position youre in now ready to commit to him and know that youre satisfied with that  just as when bad things happen to us we have to find a way to appreciate the lessons learned your fiance has to accept that youre the person you are today because of what you have gone through  celebrate that you have moved through that and have landed in this perfect position with himhope that helps allison,1,1,969,0.6777352199783664,0.3222647800216336,F
833,852,my fiancé and i come from a strong christian background but both went off the straight and narrow once before he is having a hard time accepting my past especially that im not a virgin he has a hard time in general accepting himself and others    his insecurities are hurting our relationship how can i help him let go of my past and decide to live in the present,spirituality,you are right that his insecurities are at the root of the issue  you cannot change that for him  he will have to do the work to handle those emotions on his own  what you can do is reassure him in whatever ways possible but always recognizing that you cant fix this for him  when i work with people who struggle with their partners past experiences i always frame it like this  everything that youve experienced has resulted in you being the person you are today  the person they claim to love  if you had not gone through some of those experiences you would not be in the position youre in now ready to commit to him and know that youre satisfied with that  just as when bad things happen to us we have to find a way to appreciate the lessons learned your fiance has to accept that youre the person you are today because of what you have gone through  celebrate that you have moved through that and have landed in this perfect position with himhope that helps allison,1,1,969,0.6777352199783664,0.3222647800216336,F
834,1890,"i dont know whats wrong with me at times i can be really happy excited ill talk fast and i want to do things but lately ive been staying up way later and sleeping too much i dont hang out with friends i dont really have them i feel nothing worthless i want to do nothing i have no interest in anything 

all i usually do is stay in my room i want to be happy i want to be nice whats wrong with me",depression,im sorry to hear that you are feeling as if youre in a slump first of all nothing is wrong with you many people report similar symptoms have you ever talked with a physician regarding your symptoms two extreme emotions such as feeling extremely happy and then feeling extremely low for a length of time may indicate a mood disorder i think it would be best to talk with your doctor or a therapist to help pinpoint the issue causing themits possible that it could just be certain stressors in your life that are causing the two extremities but you definitely want to rule out any mental health issues if it is in fact mental health related there are many medications or therapy choices that can help thanks for reaching out i hope that you will feel back on track soon,1,1,767,0.677729930282029,0.322270069717971,F
835,313,i dont know whats wrong with me at times i can be really happy excited ill talk fast and i want to do things but lately ive been staying up way later and sleeping too much i dont hang out with friends i dont really have them i feel nothing worthless i want to do nothing i have no interest in anything    all i usually do is stay in my room i want to be happy i want to be nice whats wrong with me,depression,im sorry to hear that you are feeling as if youre in a slump first of all nothing is wrong with you many people report similar symptoms have you ever talked with a physician regarding your symptoms two extreme emotions such as feeling extremely happy and then feeling extremely low for a length of time may indicate a mood disorder i think it would be best to talk with your doctor or a therapist to help pinpoint the issue causing themits possible that it could just be certain stressors in your life that are causing the two extremities but you definitely want to rule out any mental health issues if it is in fact mental health related there are many medications or therapy choices that can help thanks for reaching out i hope that you will feel back on track soon,1,1,767,0.677729930282029,0.322270069717971,F
836,1805,is it normal for people to cry during therapy or is it just me,counselingfundamentals,"crying in
therapy is definitely normal a lot of people if not most cry in therapy why
does it happen during therapy youll explore your thoughts and emotions some
of them will be pleasant joy hope excitement etc so you will smile and
laugh others may be more unpleasant such as grief sadness or anger so you
may feel like shouting or crying its healthy to accept and feel all your
emotions and to express them in appropriate ways crying is a good way of
expressing sadness disappointment and helplessness if you try to cut off some
of the negative feelings you are likely to also cut off your
positive ones and feel numb as a result crying in therapy speaks to your
ability to relax and let go in the presence of another human being essential
for healthy relationships and it also speaks to your therapists skills at
making you feel safe and comfortable good for you its your therapy and you
can cry if you want to",1,1,913,0.6775042252722877,0.3224957747277123,F
837,1161,my husband always works he does work from home but his hours are from morning until night and he neglects his family if i have anything i want to do i have to find a babysitter but he does what he wants he rarely comes to bed when i do and we never have date nights,intimacy,hi ohio the crazy things about situations like this is that almost guaranteed while your husband is out working and away from home he feels hes doing it all for you and the kids he believes hes loving you he might feel like hes carrying his family on his shoulders your love language is differentyoud rather spend time with him or talk to himyou want to feel like hes a bigger part of the family and feel connected to him i absolutely understand that and i support you asking for thathe might very well miss that feeling of connectedness too but hes likely also feeling the weight of financial responsibility a lot of men and women dont talk about this but they feel it sometimes they feel like they cant win either way theres pressure to earn and pressure to be home he has needs too he probably wants more appreciation and less blame i urge you to talk to him about how you feel find out how hes feeling and use a professional to assist you if your communication styles arent great right now you want to spend time with him and that tells me that you have a good chance of addressing this problem successfully,1,1,1111,0.6769762867101208,0.3230237132898793,F
838,319,i start counselingtherapy in a few days im freaking out but my main fear is that ill cry and embarrass myself is it something to worry about,anxiety,people do cry in therapy sometimes but its not at all necessary to cry in order for most kinds of therapy to be helpful when you start counseling you dont yet know your counselor very well so its normal to keep your feelings in check until you feel comfortable and a bit more relaxed with your counselor and with the situation sometimes though there are emotions that have been waiting and waiting to finally find someone who will listen with a kind ear if you feel safe right away in the situation with your counselor you might just cry in spite of your fears about it your therapist is used to people expressing how they feel and will keep strict confidentiality so even though its embarrassing finally experiencing someone truly listening with empathy and kindness may just be worth it its okay too to let your counselor know right at the beginning that youre kind of freaked out about getting too emotional in front of another person,1,1,937,0.676774989220347,0.323225010779653,F
839,429,i dont understand why this is happening why do i feel this way,anxiety,the short answer i could give is that we dont know why its happening the longer answer could come from deeper exploration as to your fears or anxieties that you experience maybe just thinking of going outside but any sort of exploration about this almost has to begin with an agreement within you and all of your feelings thats its not something to be ashamed of if we are ashamed of any of our behaviors then we lose the ability to sit with them and see where they are coming from this could be something that can be worked through in therapy and specifically with a therapist who specializes in anxiety and more specifically agoraphobia,1,1,638,0.6763576197569501,0.3236423802430499,F
840,191,i suffer from adult adhd anxiety disorder and depression it has been difficult to find a doctor in my area and my primary physician wont help i am unemployed and overwhelmed what would you suggest i do,depression,my first question is what insurance do you have  sometimes counselors can create a superbill for clients who are outofnetwork basically creating a receipt for services that the insurance company will then reimburse  or maybe you could call your insurance company to see who would be innetwork for you as well  if you dont have insurance there are many counselors who consider probono work for those that have extenuating circumstances or reducedcost sessions based on your needs  other options could be connecting with organizations in your area that support mental health needs  they may have resources you are unaware of or may be able to point you toward funding though thats not always the case  not sure if a group is the right setting for you but support groups online may be beneficial just to maybe feel like you arent alone  these are typically free and pretty popular right now due to covideither way im really sorry you have to deal with all that without the help you need  keep searching and definitely dont give up hope,1,1,1032,0.6760393195402402,0.3239606804597598,F
841,762,im obsessing about a terrible breakup everything is a constant reminder how do i move on,relationshipdissolution,a large part of moving on is taking time to grieve the loss of the relationship practicing selflove and learning to selfgenerate the love acceptance and validation you were receiving from the relationship work on any feelings of abandonment and codependency or regret not feeling enough   guilt shame fears if you are open you could write a letter of what you would say then release it you could even go as far as to a write letter of what you wish would occur or what you need to hear to move on then release acceptance of what is would be crucial giving yourself the closure you deserve   i wanted to share this video in an effort to help evicting someone living in your head rent free,1,1,687,0.6760122334550056,0.3239877665449944,F
842,1060,my husband and i have been married for seven years and in that time we have only had sex four or five times others have told me that most men would have left me by now honestly i think i have a low sex drive or neither one of us actually knows what we are doing i want to be better connected with my husband,intimacy,i am sorry that you are struggling with this i would love to help i have a few questions first and i know you cant answer back unless you contact me do you use birth control is there pain during sex have you had sexual experiences before your husband have you ever experienced sexual abuse or trauma has their been any negative sexual experiences between you and your husband did you grow up in a christian home when you say you have low sex drive or you dont know what you are doingdo you ever think about sex do you ever have the urge or desire when yall have had sex do you both enjoy it do you enjoy it what are your priorities is your relationship good did you have sex before marriage and how much wow so it is hard to answer this question without knowing more information i want you to be better connected with your husband too if you dont want to seek other help my best advice would be to intentionally initiate sex once per week whether you feel like it or not if something hurts dont do it begin talking about sex regularly read more books on sex and build a knowledge about sex i can give you some good resources if you would like please dont give up but please work on this soon,1,1,1191,0.6756118743618518,0.3243881256381482,F
843,1049,i have been married for  years within the past  years we have drifted far apart we coexist together but there is very little personal interest in each other i often feel that my husband has friends at work that he is more emotional invested in than me i feel very alone and just uncared for is there anything i can do to feel reconnected,intimacy,feeling alone in your marriage is one of the most painful feelings wanting connection with your spouse yet feeling the all too familiar distance thats keeping you apart can be so hurtful but change is possible you might be able to move closer toward each other on your own but since there has been two years of distance i would suggest looking into couples therapy with a trained couples therapist they are trained in helping couples begin to examine whats been happening that has caused a drift in your marriage im also curious if there was a significant event that occurred around the time you started feeling distant if there was something that occurred during this time that is hard for you both to talk about couples therapy can help with this also it can provide a safe and supportive space for you both,1,1,809,0.6755535147385223,0.3244464852614777,F
844,2657,i have been married for  years within the past  years we have drifted far apart we coexist together but there is very little personal interest in each other i often feel that my husband has friends at work that he is more emotional invested in than me i feel very alone and just uncared for  is there anything i can do to feel reconnected,marriagerelationshipsintimacy,feeling alone in your marriage is one of the most painful feelings wanting connection with your spouse yet feeling the all too familiar distance thats keeping you apart can be so hurtful but change is possible you might be able to move closer toward each other on your own but since there has been two years of distance i would suggest looking into couples therapy with a trained couples therapist they are trained in helping couples begin to examine whats been happening that has caused a drift in your marriage im also curious if there was a significant event that occurred around the time you started feeling distant if there was something that occurred during this time that is hard for you both to talk about couples therapy can help with this also it can provide a safe and supportive space for you both,1,1,809,0.6755535147385223,0.3244464852614777,F
845,402,"when im in large crowds i get angry and i just cant deal with people i dont really like other people i prefer animals they make me nervous and scared
   i lay awake at night thinking and having conversations in my head and i almost always end up making myself feel terrible and crying i have more conversions in my head than i do with actual people    i dont know whats wrong with me and why i feel this way what should i do",anxiety,it sounds like you may be suffering from social anxiety people who are socially anxious often feel nervous and scared when they are surrounded by people especially in a social setting some people find that although they want to be social and have people to talk to they are scared of being judged feeling awkward feeling like they dont fit in etc if you want to try and get in touch with others start small some of examples can be volunteering at at an animal shelter since you prefer animals making a phone call to someone you know and feel comfortable with to reach out to  talk to people via text andor facetime take the time to talk to a therapist about your feelings this can help you sort out your anxiety and be able to overcome it,1,1,738,0.6754469850344449,0.3245530149655551,F
846,758,how do i decide if i should end my relationship with my boyfriend,relationshipdissolution,deciding to end a relationship is never easy especially if there is not any strong reason or incident standing out to help define the unhappiness in the relationship such as infidelity or abuse  all relationships go through low periods where one or both people may feel unhappy in the relationship this is normal  what i tell my clients when they are facing this decision is to spend some time and imagine your life without the person in it  what do you feel when you imagine your life without your boyfriend  do you see yourself as being happier having more freedom  when you think of life without him do you feel a weight lift off your shoulders  is it easier to breathe  dont rush into any decision about leaving the relationship  take as much time as you need to fully understand what it is you are feeling right now  ask yourself if some of the unhappiness in the relationship can change if it is likely to change  only when you are confident in your decision to leave should you then have the discussion about leaving the relationship  i hope this answer gives you some ways of thinking through how to make that very tough decision,1,1,1137,0.6753298316663197,0.3246701683336803,F
847,1437,weve been together almost three years we argue and he ends it by telling me he doesnt love me its hurtful because i am all about resolving the problem and he dwells on the issue even if i drop what hes done and just swallow my pride and say i am sorry how can this be resolved we have kids and i dont want a broken family because we cant communicate,relationships,you cant fix this by yourself but i applaud you for trying one person working hard in a relationship can make things better for a while but in the long haul you need two people giving some effort im reading between your lines here and i wonder if your need to keep the family together is getting you to apologize when youve done nothing wrong and ignore things youve felt hurt by i sense that youre doing all the workthat its not balanced i have worked with many couples and ive learned never to underestimate what kind of change is possible anything is possible but in order for change in a couple to occur you need two people who are both willing to own their choices and behaviours and who have empathy your boyfriend doesnt appear to have these components he pushes you away and blames you when hes done something hurtfulcan you be honest with yourself about whats happening i encourage you to sit down with a trusted friend or therapist and look at what you have here and what your options are i wish you well,1,1,1014,0.6752390597568421,0.3247609402431579,F
848,1967,i am currently living in a hotel and i dont have a family  i met a guy a month ago  he is a bisexual  he has a lot of gay friends on social networking sites he would not help pay for the room  when i asked for the tv remote control he threw it elsewhere and asked me to get it i slapped him and asked him to leave my room  we recently just got back together  one time i was sick  he came to visit and feed me but left no money  then he texts me and brags about his house and car knowing that i have struggles living at a hotel  he says that he has a whole house where he can put me in and orders me to text him whenever i need someone to have sex with  he left his bath soap so he could come and get it  i think that he is trying to find a way to come back  please help me  whats going on  i am a good loyal woman  why is he treating me like this,relationshipshuman sexualitylgbtq,i am less concerned about this man as bisexual and having gay friends than about how you feel is treating you  you are in a vulnerable position because of social isolation  if you have friends to talk to please reach out  while this man has money it is not his job to take care of you financially unless the two of you have decided that together  it sounds like he sometimes cares for you and other times you feel disrespected  i would suggest you look for a man that is consistent in his love and care  this is not your fault  but you are in control of removing him from you life or choosing not to because he meets some of your needs  take care,1,1,646,0.6750205281176631,0.3249794718823368,F
849,1461,i am currently living in a hotel and i dont have a family i met a guy a month ago he is a bisexual he has a lot of gay friends on social networking sites he would not help pay for the room when i asked for the tv remote control he threw it elsewhere and asked me to get it i slapped him and asked him to leave my room we recently just got back together one time i was sick he came to visit and feed me but left no money then he texts me and brags about his house and car knowing that i have struggles living at a hotel he says that he has a whole house where he can put me in and orders me to text him whenever i need someone to have sex with he left his bath soap so he could come and get it i think that he is trying to find a way to come back please help me whats going on i am a good loyal woman why is he treating me like this,relationships,i am less concerned about this man as bisexual and having gay friends than about how you feel is treating you  you are in a vulnerable position because of social isolation  if you have friends to talk to please reach out  while this man has money it is not his job to take care of you financially unless the two of you have decided that together  it sounds like he sometimes cares for you and other times you feel disrespected  i would suggest you look for a man that is consistent in his love and care  this is not your fault  but you are in control of removing him from you life or choosing not to because he meets some of your needs  take care,1,1,646,0.6750205281176631,0.3249794718823368,F
850,1434,weve been together almost three years we argue and he ends it by telling me he doesnt love me its hurtful because i am all about resolving the problem and he dwells on the issue even if i drop what hes done and just swallow my pride and say i am sorry how can this be resolved we have kids and i dont want a broken family because we cant communicate,relationships,under duress the very youngest parts of you and your boyfriend emerge so while you still look like grown ups your actions and words are motivated by very early preverbal parts of both of you in simple terms it is as if two infants somehow acquire the ability to say words but they are motivated by very basic early wounds that were created due to deficits in what was able to be done for each of you and likely understandable in terms of caregivers life experience and that still fell short of what you needed you are both still trying to get very early needs met the best advice i can offer is to try and remember this as early as possible when things start to heat up and then restrain expression that you already know leads nowhere helpful and seek out a therapist who can help you to work with these early issues and can support you to grow and develop from this stuck pointavraham cohen phd rcc ccc,1,1,903,0.6750037622648439,0.324996237735156,F
851,1680,"how do you know you have the right therapist for you
 how would i know how to train my therapist to be able to give me what i need from treatment",counselingfundamentals,you know that you have the right therapist for you if you feel comfortable confiding in them and you feel that they are able to help you feel understood and that you are gaining from their therapeutic services,1,1,209,0.6747252078318925,0.3252747921681075,F
852,927,i have been diagnosed with posttraumatic stress disorder due to my military experiences not a year ago i had a car accident could this experience add more problems,trauma,you are right on to recognize that the effects of trauma can be cumulative  it is very possible that a car accident could lead to an increase in ptsd symptoms that were related to other traumatic experiencesif you have been deployed to a combat area you are most likely eligible for free counseling services through the va vet centers  the vet center clinicians typically have a lot of experience working with military trauma heres a link to a directory of vet centershttpwwwvagovdirectoryguidevetcenteraspyour service and sacrifice is greatly appreciated,1,1,555,0.674489293074224,0.325510706925776,F
853,895,my good childhood friend died suddenly as a teenager i havent seen him in four years and havent talked to him in months yet somehow this hurts me more than i could ever imagine its been about three months since his passing and im still not sure how to cope with this,trauma,i am truly sorry for your losshis passing has triggered some uneasy emotions do you know what these emotions are as you are trying to cope be aware that coping is not processing coping means that the problem is always there and you are managing rather than healing and as you know that isnt workingemotional pain comes in waves which can also cause physical symptoms of anxiety frustration and sadness rather than coping avoiding your feelings give yourself time to process them invite your feelings in when you feel the wave of emotions focus on what is going on physically in your body with compassion and curiosity this will begin your healing process to bring you a sense of peaceremember emotions are messengers that help us develop insight into our psychological and physiological wellbeingplease contact me with any questions or more information catherine,1,1,862,0.6737815313728777,0.3262184686271223,F
854,1073,we cant hold a conversation together the blame is always pointed at me we have no intimacy,intimacy,it is hard to hold onto a partner that isnt available emotionally or is lashing out when you face any kind of coflict between youthe conditions needed for healthy intimacy can not grow when there is an absence of common ground or lack of a sense of safe space between youlearning to nurture yourself in this type of situation is vital and comes first  if there are to be better conditions to grow the kind of relationship you both feel safe and valued in it needs to be a shared missionbut healthy intimacy begins within and you can grow and thrive no matter the willingness or emotional availability of another  i recommend you find a good guide to walk this path back home to a deeper peace in you  if the relationship can be healed more will become clear as you feel more ease and harmony within yourselffor more resources related to healthy inimacy i invite you to visit httpwwwcounselingocwomencom,1,1,902,0.6737455193288066,0.3262544806711934,F
855,827,"ive worked with this guy for about three years now and i knew the first time i saw him that i was attracted over time he became a very dear friend and we talked about our relationship problems family dreams and so on there was always flirtation with us and one day pretty recently it progressed to making out we agreed to keep it quiet and we did but in the back of my mind i hoped it would become something more it didnt and three months later im still not over it
   im trying so hard to maintain the friendship because thats what he wants were no longer in the same office which i thought would help me get over these feelings but we still talk about work and hes constantly touching me so im still very drawn to him hes a hugger and such a sweet guy so i find myself fantasizing all the time about what could have been and what could still be but hes clearly not interested hes younger than me and prefers model types but i see him checking me out a lot which gives me hope how do i get him out of my system and still maintain the friendship",workplacerelationships,it sounds like you have mixed feelings and motivations  which is understandable on the one hand you want to get over him on the other you are still holding out hope for something more it will be really hard to let go of him and create friend boundaries so long as there is a part of you holding on to the idea of something more if you are being really honest with yourself you might need to acknowledge that you are not really striving to get him out of your system  that you have not really given up hope of having a relationship with him if you are wholeheartedly committed to moving past the sexual and romantic parts of your relationship and just having a friendship than refraining from all the touching would be a good place to start it is hard to just be friends when all your sex and bonding hormones are coursing through your veins,1,1,840,0.6737347538252982,0.3262652461747017,F
856,2031,"ive worked with this guy for about three years now and i knew the first time i saw him that i was attracted over time he became a very dear friend and we talked about our relationship problems family dreams and so on there was always flirtation with us and one day pretty recently it progressed to making out we agreed to keep it quiet and we did but in the back of my mind i hoped it would become something more it didnt and three months later im still not over it

im trying so hard to maintain the friendship because thats what he wants were no longer in the same office which i thought would help me get over these feelings but we still talk about work and hes constantly touching me so im still very drawn to him hes a hugger and such a sweet guy so i find myself fantasizing all the time about what could have been and what could still be but hes clearly not interested hes younger than me and prefers model types but i see him checking me out a lot which gives me hope how do i get him out of my system and still maintain the friendship",workplace relationshipssocial relationships,it sounds like you have mixed feelings and motivations  which is understandable on the one hand you want to get over him on the other you are still holding out hope for something more it will be really hard to let go of him and create friend boundaries so long as there is a part of you holding on to the idea of something more if you are being really honest with yourself you might need to acknowledge that you are not really striving to get him out of your system  that you have not really given up hope of having a relationship with him if you are wholeheartedly committed to moving past the sexual and romantic parts of your relationship and just having a friendship than refraining from all the touching would be a good place to start it is hard to just be friends when all your sex and bonding hormones are coursing through your veins,1,1,840,0.6737347538252982,0.3262652461747017,F
857,973,i get really mad easily at my parents and family,angermanagement,anger is not necessarily a bad thing if you are angry and you can talk about your feelings that would be very helpful anger usually comes along with something else like feeling sad worried overwhelmed confused and many others consider looking at what you notice in addition to anger and you may have a different starting point if you get along well with friends and dont get angry with them look at the differences do you feel criticized by your parents or family misunderstood there could be any number of thingsi wonder if you start getting angry very slowly and it builds or if it happens quickly try to keep an eye on the patterns and see if you can stop and look at what else is going on as you start to get angry anger is a real emotion in itself it almost always connects to something else as well,1,1,804,0.6734924274827083,0.3265075725172916,F
858,1832,how does a person start the counseling process,counselingfundamentals,a great place to start is at wwwpsychologytodaycom  you can search by location and identify therapists who have expertise in your area of concern  once you find a few people that fit your criteria read about them on psychology today as well as check out their website if they have one  next either call or email them to set up a time to talk for a few minutes  when you speak with them you want to know a few things do they have a decent amount of experience in your area of concern  are their fees insurance coverage and scheduling availability a good fit for you  most importantly see if you feel comfortable when you speak to them on the phone  if this person is a good match in these areas schedule an initial consultation so that you can see if you are also a good match in person,1,1,785,0.6731322767082237,0.3268677232917762,F
859,793,my husband and i are separated he says he needs some time apart he says he needs to get back the in love part of a relationship but doesnt want to lose me should i wait or start over new,relationshipdissolution,its not uncommon for relationships to go cold over time it is a matter of one or the other becoming complacent if you and your husband have been together for quite some time its likely that you are very comfortable and familiar with each other while this is a good thing in some ways it can also become boring and you run the risk of losing that in love feeling he is referring to couples simply become ambivalent for some of the couples i work with in my practice i find that helping to organize a time apart which i call a therapeutic separation can do wonders for the relationship i offer homework to be done during this time reading worksheets and individual counseling helps people learn more about themselves and what they desire out of their relationship it often times brings more appreciation for their partners when the pair comes back together we are able to push the reset button and begin a new chapter that is more fulfilling and exciting than before,1,1,964,0.6728749212176431,0.3271250787823568,F
860,273,im not the same anymore i dont know how to get back to who i am im sad and confused and angry and tired i dont sleep well,depression,being tired can really affect almost everyones ability to work through things that make them sad confused or angry among other emotions if youre having difficulty sleeping try to get into a habit of going to bed and waking up close to the same time every day also consider only using the bed for sleeping so your brain knows that its time to sleep when you are in bed if you are not sleeping while you are in bed consider getting up and reading a book or doing something to make you tired before going back to bed hopefully youll be able to establish a patternsometimes sadness and other emotions make sleeping very difficult as well try keeping track of your moods to see what is leading up to the changesif youre still struggling consider talking with a therapist about the specifics andor maybe talking with your primary care physician there are natural sleep remedies that he or she may recommend for you,1,1,908,0.6727594538345418,0.3272405461654581,F
861,242,its not entirely true to say i enjoy being sad but i always find a way to feel that way i listen to sad music read tragic stories and in a twisted way like how bad it makes me feel i focus on negative aspects of my life even if they arent legitimate or i just make it seem negative,depression,it sounds like you are noticing that you are drawn towards sad and negative content and its hard to understand why this may sound counterintuitive but sometimes we do things that on the surface may look problematic or even cause us some real problems because it serves us in some unseen way a simple example would be somebody who is addicted to a substance their addiction may be causing serious problems in their life and they may even know it but the addiction serves them by helping them to avoid painful feelings that they anticipate having if they quit using now i am not saying that what you describe is an addiction it is just a really illustrative example of the unseen benefitone thing i would be wondering about is what is the unseen benefit of seeking out sad and negative content id also be wondering what your relationship is to other feelings these are things you may benefit from exploring with a competent therapist,1,1,931,0.6725083332778498,0.3274916667221502,F
862,1573,"i have an exboyfriend who just lies about everything he is super lazy he lies to everyone that he has a good job builds trust and then start borrowing moneyand large amounts too it has come to the point where he has gone through several group of friends he is leaving a trail behind full of friends in debt because he would put on a sob story borrow money then disappear he refuses to work so he sits at home playing games all day and either lies to his mom for money or lies to his friends i used to think his lying was due to his drug habit but now im hearing from other exfriends of his that this started even before the drugs got into his life he would borrow anywhere from  to  from everyone and it would all disappear hes in debt with bills he doesnt gamble but he spends his money on random stuff
   although he has this habit of lying compulsively and spending money he seems to be a good person hell always give a homeless person all his change no matter what my brother has epilepsy and is really antisocialmy exboyfriend makes an actual effort to socialize with my brother he takes him out to the movies and plays video games with him he drives me to school and work every day and picks me upjust basically the small things that add up to the fact that hes not totally a horrible human being is he just simple a pathological liar or is there something that could possibly be deep down in there",behavioralchange,it sounds like you have some ambivalent feelings towards your exboyfriend that are difficult to sort out you notice that there are both desirable and undesirable things about him and this is true of everyone to one degree or another one question that i would have for you is are you satisfied with your relationship with him as it currently stands are you happy with the boundaries between the two of you or would you like them to be different negotiating through conflict and establishing different boundaries are definitely things you could work on with the help of a therapist another question i would have for you is what would it mean for you to find out what motivates his behavior discovering the roots of such behavior is something that he would have to work on in his own therapy and not something that you and a therapist could discover without him,1,1,858,0.672344856922343,0.327655143077657,F
863,2061,"i have an exboyfriend who just lies about everything he is super lazy he lies to everyone that he has a good job builds trust and then start borrowing moneyand large amounts too it has come to the point where he has gone through several group of friends he is leaving a trail behind full of friends in debt because he would put on a sob story borrow money then disappear he refuses to work so he sits at home playing games all day and either lies to his mom for money or lies to his friends i used to think his lying was due to his drug habit but now im hearing from other exfriends of his that this started even before the drugs got into his life he would borrow anywhere from  to  from everyone and it would all disappear hes in debt with bills he doesnt gamble but he spends his money on random stuff

although he has this habit of lying compulsively and spending money he seems to be a good person hell always give a homeless person all his change no matter what my brother has epilepsy and is really antisocialmy exboyfriend makes an actual effort to socialize with my brother he takes him out to the movies and plays video games with him he drives me to school and work every day and picks me upjust basically the small things that add up to the fact that hes not totally a horrible human being is he just simple a pathological liar or is there something that could possibly be deep down in there",behavioral change,it sounds like you have some ambivalent feelings towards your exboyfriend that are difficult to sort out you notice that there are both desirable and undesirable things about him and this is true of everyone to one degree or another one question that i would have for you is are you satisfied with your relationship with him as it currently stands are you happy with the boundaries between the two of you or would you like them to be different negotiating through conflict and establishing different boundaries are definitely things you could work on with the help of a therapist another question i would have for you is what would it mean for you to find out what motivates his behavior discovering the roots of such behavior is something that he would have to work on in his own therapy and not something that you and a therapist could discover without him,1,1,858,0.672344856922343,0.327655143077657,F
864,909,i have ptsd the side effects are really bad and have impacts on sex anger and my relationships i even lost my job month ago    how can i get my life back,trauma,slowly is the rate at which youll get back your lifebeing traumatized means not feeling safe in almost all areas of lifebe patient with yourself as you try to regain trust that people will not harm you and will be sources of satisfaction in your lifeit is possible that the trauma in your life requires such great attention on your part to your own inner emotional safety that you are better off with a less intensive job than the one you recently losttry to prioritize restoring your emotional and psychological health  with this as the top area of your attention then you may have an easier time to accept a lesser degree of involvement in your work and relationshipswhen you feel angry try to examine if underlying the anger are feelings of stress fear insecurity regarding your position in relationship to the person toward whom you feel angry   anger is often the surface reaction to more destabilizing emotions like fear and insecuritygradually by nurturing and comforting yourself living at a pace which is uniquely comfortable to what and how much you can handle youll regain your trust in both yourself and relating to others,1,1,1134,0.6720552659275425,0.3279447340724575,F
865,2777,"i have ptsd the side effects are really bad and have impacts on sex anger and my relationships  i even lost my job month ago 

how can i get my life back",trauma,slowly is the rate at which youll get back your lifebeing traumatized means not feeling safe in almost all areas of lifebe patient with yourself as you try to regain trust that people will not harm you and will be sources of satisfaction in your lifeit is possible that the trauma in your life requires such great attention on your part to your own inner emotional safety that you are better off with a less intensive job than the one you recently losttry to prioritize restoring your emotional and psychological health  with this as the top area of your attention then you may have an easier time to accept a lesser degree of involvement in your work and relationshipswhen you feel angry try to examine if underlying the anger are feelings of stress fear insecurity regarding your position in relationship to the person toward whom you feel angry   anger is often the surface reaction to more destabilizing emotions like fear and insecuritygradually by nurturing and comforting yourself living at a pace which is uniquely comfortable to what and how much you can handle youll regain your trust in both yourself and relating to others,1,1,1134,0.6720552659275425,0.3279447340724575,F
866,1995,"every once and a while i think about my exboyfriend from four years ago and my current friend its like i cant get past it and i need some kind of closure i keep thinking about how we had something but it got cut off due to parental intervention nothing was ever wrong with it now weve become friends but theres this huge sexual tension between us or at least i feel it when were physically in the same place

two summers ago we saw each other casually for a while but we never had sex then or while we were dating which was only for two months three years ago im now in my s and my current boyfriend is amazing and in his s despite the age difference i know were a really good match weve never really fought and are able to make compromises and talk everything out i tell him everything also my exboyfriend has a girlfriend now as well hes been seeing her on and off for the past two and a half years besides when they broke up and we had our casual thing that summer i told him i didnt want anything serious and broke it off only a week later he had gotten back together with his girlfriend his girlfriend is kind of mean spirited im sure she may be different around him but i worry about him committing to her in the long run theyre supposed to move in together soon but still i feel this connection with my exboyfriend and i feel like he does too 

i dont know what to do i need some closure or im not going to be able to move on from this i dont know what it is but its driving me crazy im so happy with my current boyfriend and i know he will do everything in his power to make my life beautiful and fulfilling hes such a good person i also know my exboyfriend smokes marijuana and does other things but i cant get it out of my head im trying to take a nap right now between classes but i cant sleep because my mind is racing ive never been so hung up on something for this long ever

i want to just talk it out with my exboyfriend but i dont know if thats a good idea because of the possibility that it could blow up in my face if he told his girlfriend everything could go wrong because she hates me if my current boyfriend knew he would be crushed on one hand i want my exboyfriend to say no to having feelings for me but i would be terrified of what to do if he said he has feelings too where would i go from there on the other hand i feel like i cant move forward in my relationship with my current boyfriend without closure from this sometimes i wish i could just cut off everything that had to do with my ex but i dont want to

please help me because i really have no idea what to do",relationships,if youre in a relationship and youre having strong thoughts about someone else its important to pay attention to that although you say youre happy id suggest looking really carefully at the relationship you have and whether youre getting everything you need is there a physical connection with your ex that you dont have with your current boyfriend it could be that your boyfriend is marvelous in many areas but that you just dont feel excited about him for some reason thats a pretty important element to be missingit may be that even if you are happy with your current boyfriend you still hold something special for your ex if you feel the need to see what is possible there i think you have to tell your boyfriend about that and end it with him first you cant have everythingif you truly feel that you want to be with your current boyfriend you will do well to stop thinking about and focusing on your ex because thoughts of him will interfere with the growth of your current relationship the grass isnt greener a therapist can help you to focus your energies and thoughts on the present rather than an imagined version of the past or future,1,1,1144,0.6717621028577807,0.3282378971422193,F
867,1474,"every once and a while i think about my exboyfriend from four years ago and my current friend its like i cant get past it and i need some kind of closure i keep thinking about how we had something but it got cut off due to parental intervention nothing was ever wrong with it now weve become friends but theres this huge sexual tension between us or at least i feel it when were physically in the same place
   two summers ago we saw each other casually for a while but we never had sex then or while we were dating which was only for two months three years ago im now in my s and my current boyfriend is amazing and in his s despite the age difference i know were a really good match weve never really fought and are able to make compromises and talk everything out i tell him everything also my exboyfriend has a girlfriend now as well hes been seeing her on and off for the past two and a half years besides when they broke up and we had our casual thing that summer i told him i didnt want anything serious and broke it off only a week later he had gotten back together with his girlfriend his girlfriend is kind of mean spirited im sure she may be different around him but i worry about him committing to her in the long run theyre supposed to move in together soon but still i feel this connection with my exboyfriend and i feel like he does too    i dont know what to do i need some closure or im not going to be able to move on from this i dont know what it is but its driving me crazy im so happy with my current boyfriend and i know he will do everything in his power to make my life beautiful and fulfilling hes such a good person i also know my exboyfriend smokes marijuana and does other things but i cant get it out of my head im trying to take a nap right now between classes but i cant sleep because my mind is racing ive never been so hung up on something for this long ever
   i want to just talk it out with my exboyfriend but i dont know if thats a good idea because of the possibility that it could blow up in my face if he told his girlfriend everything could go wrong because she hates me if my current boyfriend knew he would be crushed on one hand i want my exboyfriend to say no to having feelings for me but i would be terrified of what to do if he said he has feelings too where would i go from there on the other hand i feel like i cant move forward in my relationship with my current boyfriend without closure from this sometimes i wish i could just cut off everything that had to do with my ex but i dont want to
   please help me because i really have no idea what to do",relationships,if youre in a relationship and youre having strong thoughts about someone else its important to pay attention to that although you say youre happy id suggest looking really carefully at the relationship you have and whether youre getting everything you need is there a physical connection with your ex that you dont have with your current boyfriend it could be that your boyfriend is marvelous in many areas but that you just dont feel excited about him for some reason thats a pretty important element to be missingit may be that even if you are happy with your current boyfriend you still hold something special for your ex if you feel the need to see what is possible there i think you have to tell your boyfriend about that and end it with him first you cant have everythingif you truly feel that you want to be with your current boyfriend you will do well to stop thinking about and focusing on your ex because thoughts of him will interfere with the growth of your current relationship the grass isnt greener a therapist can help you to focus your energies and thoughts on the present rather than an imagined version of the past or future,1,1,1144,0.6717621028577807,0.3282378971422193,F
868,306,im going through a divorce with my wife of three years who ive known since the th grade and been involved with for seven years we just had a baby seven months ago and never got along with my mother who ive lived with for years i am now back with my mother because i have nowhere to go with this divorce looming im heart broken because i fell into a depression i havent seen my child in a while im having good and bad dreams and i feel hated can you help can you intervene can i speak with someone,depression,its hard to accept the end of a marriage when its not your choice you feel powerless abandoned and unwanted your wife has the right to decide not to be in a marriage with you and a therapist can help you accept and move through this change that has broken your heart and left you lost you dont indicate why you havent seen your child and you may want to consult with a lawyer about the laws in your area and how to gain access to your baby therapists dont intervene in these ways the marriage may be ending but your role as a loving father is only beginning  you can focus on giving your child the gift of two parents who respect each other,1,1,640,0.6716421259642459,0.3283578740357541,F
869,772,"i know that i need to get past my feelings for this person i fell in love with but ts so difficult to move on because he showed me feelings ive never felt before    i feel like i dont want to be without my genuine love for him but logically i know i need to be without him i cant discuss this with anybody in my life because the conditions surrounding our love are considered wrong by a lot of people
   how can i get myself to just move on",relationshipdissolution,what if we think about this in metaphor imagine a dirt road suddenly paved over  where before it was small once paved it was faster smoother and suddenly you the driver knew what real driving could feel like then your road got a pothole now every time you drive you hit that hole and it only seems to get worse the more you drive over it  until that hole is patched  until you choose to fill your heart with either love for another or love for yourself  you might find it challenging to keep driving on your road instead of letting go of how you felt try to hang on to that feeling just direct it inwards youve shared youre capable of feeling strongly for another surely youre worthy of that same regard all the best,1,1,716,0.6715338082956355,0.3284661917043645,F
870,1217,my mother has alzheimers and she has become so nasty and mean to everyone and she always asks for unrealistic silly or meaningless items i get so frustrated and angry but then i feel guilty because i know it probably isnt her fault how can i cope with feeling like this,familyconflict,lets acknowledge the fact that your mom has alzheimers and some who you know about her is not present sometimes thats a part of the disease we know lets also acknowledge that just because she has alzheimers doesnt mean that when that comes up for her a part of your brain does pauses or becomes something rubber so that what you experience during that time bounces off of you and doesnt get placed into your subcortical brain or deep limbic system your brain still takes in what is coming at you and that is tough you are human and you have feelings and your feelings are present  and they matter you are right it isnt her fault its a part of the disease i often work with my clients in session on the present feelings through brainbodyspotting to help cope with these feelings if you know someone who does it i would do a couple of sessions to notice the guilt when it first came up where you feel it in your body what it does or tells you or where it goes in order for us to feel better we cant avoid the experience we have to give space for it for your brain to work itself out hopefully that helps,1,1,1101,0.6713923701127981,0.3286076298872019,F
871,545,this is preventing me from getting a job i have bad relationship with my bipolar mother i am living with her but it stresses me out so much to be around her that i have locked myself in my room i have no friends or other family to help me i have no money for therapy but i think i need therapy before i can secure a job,anxiety,overwhelming fear social anxiety and depression are especially painful because they make behaving constructively a challenge  but there are also lots of examples of folks who have successfully worked their way through this  so there is hope   in addition to the suggestion to visit your doctor who may prescribe a medication to help you relax there are many social service agencies who provide free counseling or take medicaid  a good cbt therapist will help you look at your thinking so that you may see how you are distorting your thoughts  behavior is also important  despite how you may feel it is helpful to go out to do things that relax you maybe a yoga class or a meditation class  exercise diet eat well think back on the things that you used to do that helped in the past and force yourself to do these things again  i know that this seems hard but it beats the alternative doesnt it  of course i recommend you pick up a copy of my book living yes which will help you look at these and other ideas to help you out  i hope you get unstuck soon  mark wwwmarkmorrislcswcom and wwwlivingyesorg,1,1,1099,0.6713445698674798,0.3286554301325202,F
872,1345,i have a problem with binge eating especially during times of stress i binge eat and feel so overwhelmed with shame and disappointment that i end up going to the gym and trying to exercise the calories off i am in my late s and i have been dealing with this since i was a teenager are there any coping mechanisms i can use to break this cycle,eatingdisorders,in dealing with an eating disorder you are far from alone  it is more common than you might think and tied to so many variables that it is easy for an individual to become overwhelmed in trying to navigate the influences of such variables  i have been working with individuals dealing with such challenges since  and have found over the years that behavioral analysis is highly effective in helping you begin to isolate understand and then be able to address many of these variable impacting your behavioral and cognitive choices  consider finding someone trained in dialectic behavior therapy dbt  there is a large body of evidence supporting the use of this approach to alleviating many of the aspects you identified in your post as well of a wide variety of tools that you can choose from and utilize that are able to practiced and assimilated into your daily tool box of coping mechanisms that end up becoming new behaviors and ways of thinking about issues that become automatic the best possible outcome you can hope for if you want the solution to be sustainable,1,1,1069,0.6712871939108203,0.3287128060891797,F
873,940,at a friends house we had some drinks and watched some television he got up and went to bed i felt sick he came out to see if i was okay and i said no i said i wanted to go home and he told me to come lay down as i laid down on the bed he started touching me a friend called me then i able to leave,trauma,i am so sorry that this happened to you and am so glad that you were able to get away  your body is yours and yours alone  i would highly recommend that you find a therapist who specializes in treating trauma in order to help you to heal from your ordeal,1,1,254,0.6711145086133405,0.3288854913866594,F
874,1452,ive been with him for a couple months we will talk everyday and he will get mad over something i will say and not talk to me we have our great moments but i just need to focus on my personal situations and i feel he is slowing me down with that i still wanna be with him but not now,relationships,it sounds like youre pulling away instead of being honest if you really want to be with him why not now if you dont have time for a relationship why are you dating at alli dont understand the whole phasing out thing that people do these days or ghosting where you just stop talking and disappear i get the sense that this relationship isnt working for you but for some reason youre stopping yourself from being honest with yourself and him and just ending it in the early stage of a relationship the first year if it doesnt feel fabulous its a good idea to move on its not personal you dont owe this person anything they deserve someone whos totally into them and so do you and youre doing him no favors by hanging on to something thats not amazing or giving him hope that it might work better in the future sometime you dont have to slowly bow out it actually creates more hurt than gentle honesty maybe people dont know how to say itive decided not to continue with this i wish you the best life is too short,1,1,1010,0.6708974008024017,0.3291025991975983,F
875,1460,i was in a relationship with him for three years my mom doesnt like it because she thinks im making a mistake he got married a few months after we broke up and now he is divorced i forgave him for what he did in the past and he says hes sorry and he really loves me i love him too but is it bad that im giving him a second chance again,relationships,hey it might be mistake in the end but this is a risk you want to take and you get to make your own mistakes your mom wants to protect you i get that maybe she is worried youll be hurt again were you hurt in some way by him can you understand where shes coming from sometimes when were mad at our partner and we complain about them to mom its hard to know how to repair moms relationship with the partner when things are better and we reunite can you help your mom understand that you take responsibility for your part in how it went wrong that the picture you may have painted of him isnt the total picture she might need help there thank your mom for her love and care and you can also let her know clearly that you and your boyfriend are the only ones who get to decide whether youre together or not that its a risk you are going to take and that you really need her support ,1,1,878,0.6708352740980814,0.3291647259019185,F
876,1465,im a female freshman in high school and this question is for my male best friend at the start of freshman year we dated for about a week before his parents ended it because they said he is too young to date he has been dating a really sweet senior girl for a month or two i have nothing against her except for the fact that she has tims heart he is convinced that they are in love and maybe they are but i dont really believe him    lately tim had been expressing concern about what is going to happen when sally leaves for college at the end of term this year hes been asking me to help him with sally and what girls like to show her how much he loves her but hes also been thinking about breaking up with her just so they wont have to deal with it when she leaves he seems really torn up about it and i want to know what to say to him and how to help him once she leaves    he knows that i still crush on him he doesnt rub it in my face hes a good guy but i want to actually help him out and recover before we think about maybe another relationship between us how do i do that when the time comes how do i support him and show him that im here without wanting to hook up how do i make him feel better he is convinced hes never going to be able to love anyone ever again which i think is ridiculous,relationships,first off i think it is great that you are willing and able to help out your friend with issues regarding his current relationship despite the fact that you have feelings for him i think that the best thing you can do is let him know that you are there for him if he wants to talk about things you can also help by presenting options that he has and help him weigh out the pros and cons of his decision but ultimately he has to decide what to do know that you wont be able to heal the pain he feels when his girlfriend leaves but you can be a friend to him by simply listening validating his feelings and understanding regarding your question about being there for him without wanting to hook upim not sure if that is possible if you care for him on more than a friendship level then that desire will likey be there for you no matter what be careful that you take care of yourself and dont jeopardize your own happiness while trying to help him with his issues good luck to you,1,1,977,0.6706514918105363,0.3293485081894637,F
877,2080,"im a female freshman in high school and this question is for my male best friend at the start of freshman year we dated for about a week before his parents ended it because they said he is too young to date he has been dating a really sweet senior girl for a month or two i have nothing against her except for the fact that she has tims heart he is convinced that they are in love and maybe they are but i dont really believe him 

lately tim had been expressing concern about what is going to happen when sally leaves for college at the end of term this year hes been asking me to help him with sally and what girls like to show her how much he loves her but hes also been thinking about breaking up with her just so they wont have to deal with it when she leaves he seems really torn up about it and i want to know what to say to him and how to help him once she leaves 

he knows that i still crush on him he doesnt rub it in my face hes a good guy but i want to actually help him out and recover before we think about maybe another relationship between us how do i do that when the time comes how do i support him and show him that im here without wanting to hook up how do i make him feel better he is convinced hes never going to be able to love anyone ever again which i think is ridiculous",relationships,first off i think it is great that you are willing and able to help out your friend with issues regarding his current relationship despite the fact that you have feelings for him i think that the best thing you can do is let him know that you are there for him if he wants to talk about things you can also help by presenting options that he has and help him weigh out the pros and cons of his decision but ultimately he has to decide what to do know that you wont be able to heal the pain he feels when his girlfriend leaves but you can be a friend to him by simply listening validating his feelings and understanding regarding your question about being there for him without wanting to hook upim not sure if that is possible if you care for him on more than a friendship level then that desire will likey be there for you no matter what be careful that you take care of yourself and dont jeopardize your own happiness while trying to help him with his issues good luck to you,1,1,977,0.6706514918105363,0.3293485081894637,F
878,139,"im going through some things with my feelings and myself i barely sleep and i do nothing but think about how im worthless and how i shouldnt be here
   ive never tried or contemplated suicide ive always wanted to fix my issues but i never get around to it
   how can i change my feeling of being worthless to everyone",depression,i first want to let you know that you are not alone in your feelings and there is always someone there to help you can always change your feelings and change your way of thinking by being open to trying to change you can always make yourself available to learning new things or volunteering so that you can make a purpose for yourself,1,1,334,0.6705314369535411,0.3294685630464589,F
879,849,my fiancé and i come from a strong christian background but both went off the straight and narrow once before he is having a hard time accepting my past especially that im not a virgin he has a hard time in general accepting himself and others    his insecurities are hurting our relationship how can i help him let go of my past and decide to live in the present,spirituality,our actions unfortunately cannot be undone and we all do things we regret it is sometimes very hard for others to see past our worst behaviors and trying to force them to move forward or get over them doesnt usually work your fiance is probably grieving the losses and consequences that come with what have happened i know that may be hard to understand but desired a virgin for a wife then he has to grieve the loss of that dream coming true also if he is struggling with you having had sex with another person before then he will need he may not be able to accept that all of that to say as a counselor who helps people everyday with sexual relational and spiritual issues i believe it may be helpful for you to help him grieve and connect with the tragedy of your past grieve with him let him know that you hurt too and wish you could have provided that for him listen to his heart and allow him to speak his pain and after that ask him to pray with you and do devotions with you encourage him to see a therapist if yall are christians there are christian therapists who can help him uncover the blocks that may be hindering him from moving forward,1,1,1151,0.6704649199982926,0.3295350800017074,F
880,964,my roommate is a unapologetic person who doesnt care who she hurts she never apologizes to me or my family she made me lose my temper today to the point where i was using swear words in front of my mom and brother,angermanagement,you must be feeling frustrated about how to resolve this some people seem to really provoke emotional responses in us one thing to learn for a quick review of yourself when you are provoked is to pay attention to your body notice your heart rate fists clenched some warmth going through your body and these are signs that the interaction is toxic for you move out of the room say something calling to both of you and let things simmer down before responding when you are able to calm your body think of ways to bring the issue to her attention using positive words but holding your ground if she doesnt listen ask someone to come with you to talk to her about it if she still wont listen reassess your expectations of herfinally if you need to  you may have to consider changing the status of your rooming together,1,1,814,0.6702779709761009,0.3297220290238991,F
881,970,when i think of things people put me through in the past i get upset all over again and take it out on everyone ill be mad for nothing at all and have a attitude with everyone for no reason,angermanagement,it sounds like you have had difficulty in processing what happened to you in the past and because of that difficulty in moving past what happened to you when you are reminded of what happened you get angry all over again please know that it is possible to remember what happened but to also not have the same emotional response it is very common to have difficulty processing a traumatic situation that occurred in the past many people go through this a good therapy designed to assist with this type of issue is emdr try to find a therapist who is trained in emdr to help you with processing these memories so that you dont have the same emotional response every time you think about what happened best of luck to you,1,1,718,0.6700876711945144,0.3299123288054856,F
882,1290,it happens especially at me and my sister and then she gets emotional and brings up the past how should i deal with it she is always stressed about her work and doesnt put her family first,familyconflict,anger is a normal emotion and yet it is a really hard one how much is too much and how do you express it without damaging those around you yes moms get angry sometimes too easy but its their responsibility to manage their anger get their own support and put themselves in time outs when they cannot handle it well  since you are the kids you shouldnt have to fix or calm down moms anger maybe in a calmer time when you guys are being silly talk with her one on one tell her  you are feeling sad and hurt that she gets upset at you girls ask her if there is  thing you can work on this next month to help her ask her if she would work on  thing for you this month not yelling taking a time out telling you before she blows her top so you can exit the room also for you check out a library book on anger so you know how to handle yours and one on parents and anger number one to remember if you dont feel safe if she is calling you names or hurting you breaking things etc make sure you go to a trusted adultschool counselor neighbor aunt church friend as soon as possible you are much too important to be hurt and if mom is out of control someone else needs to be caring for you,1,1,1177,0.6700769611126209,0.329923038887379,F
883,1170,i just lost my grandpa and im having a rough time with it    i need some help to deal with the loss but i dont think i can pay for counseling where can i get help,griefandloss,you have my deepest condolences  it is hard to lose someone you love was close  remembering the good times and wrapping yourself in those warm memories  think of your grandpa in his totality all the things about him so you remember the entire essence of him perhaps you could write to him saying what you would want to say and maybe even going so far as to think and respond in a way that he would  feeling your feelings do not stuff them down your feelings are valid grief is handled differently experienced uniquely for each person  this thought also helps see the graphic i am adding please  take him with you in your heart as you move forward in your life also there are places to receive grief counseling at low andor reduced even for free rates  you may consider doing things in his honor being kind paying it forward starting a treeplanting drive or another event to honor him his legacy,1,1,894,0.6700564933459627,0.3299435066540373,F
884,451,when im around people i sometimes think someone has made a comment to me or asked me to do something i will be focusing on something else and then randomly think i hear something about me i never know if it was actually said,anxiety,sure can  especially social anxiety or anxiety in the form of paranoia  are there any patterns to when or where this happens most  does it ever happen with people you feel safe and comfortable with  or only when you are in an uncomfortable social setting  if you notice any patterns you can focus in on the anxiety surrounding them and build coping skills to help you get through those moments if thats what would feel helpfulyou could also seek help and talk to someone about whats happening to get a better assessment of your situation and more personalized techniques  theres many counselors out there that are great at working with anxiety,1,1,643,0.6698438939196443,0.3301561060803556,F
885,1779,is it normal for people to cry during therapy or is it just me,counselingfundamentals,it is absolutely normal to cry during a therapy session and people do it all the time for a wide variety of reasons  often in therapy youre talking about the heaviest things in your life and the emotions that surface can be beyond your control so dont try to force it let it out  if it is something that you are selfconscious about bring it up in your next session  your therapist should be able to put you at ease  therapy is not always easy and sometimes it can be downright gutwrenching its not just you,1,1,506,0.6690689507644809,0.330931049235519,F
886,899,i was raped a couple months ago since then along with other unfortunately events that have occurred i have been having trouble feeling emotions its almost as if im a sociopath lacking any feeling what can i do to change this,trauma,i dont need to tell you that this is an incredible amount of serious stuff to happen in a short period when we go through a trauma it is natural for us to shut down as a way to protect ourselves a kind of freeze response think of a possum or a gazelle these animals go so far as to physically freeze in protection our emotions do the same thing sometimes we feel shut down and that can be strangea kind of disconnection this does not mean that you are sociopath or that your feelings will never come back  the amazing thing though is that as time moves forward we naturally heal and emotions come back if you feel stuck seeking counseling is a way to help accelerate this healing and help you work through and begin healing wishing you the absolute best,1,1,753,0.6690195942287775,0.3309804057712225,F
887,1130,my boyfriend and i have been going out for about a year i suddenly find myself jealous when i see him talking to other girls i have never been this way before i dont like these feelings he said that my jealousy would cause our relationship to have problems i told him i cant help these feelings i dont know where they are coming from but this is how i feel i tried to stop but i cant i really like this guy but im afraid that im messing up the relationship its just stupid,intimacy,trust is at the top of what makes a healthy relationship  it sounds like you may benefit from personal counseling to explore where this jealousy comes from and what keeps you from having complete trust in your boyfriend  this is not stupid this is your mind telling you that there is something that needs to be worked through  sometimes we need to talk to someone like a counselor who is disconnected from our life to understand our feelings and what they mean in our relationships,1,1,481,0.6690044867784426,0.3309955132215574,F
888,995,it takes me a long time to fall asleep id estimate about two hours i often have nightmares starting with being eaten by a monster and i often wake up frightened and unable to breathe i believe i started losing sleep after breaking up with a girlfriend of  years also my fathers business went bankrupt and my mother has a chronic condition i was under a lot of stress and life lost meaning after improving my life and developing a habit of running and exercise to release stress my symptoms improved however in the past couple months i started losing sleep again and having nightmares without warning how can i solve this issue,sleepimprovement,"youre noticing that as you lie down to go to sleep there
is quite a bit going on which may be anxiety related it sounds like the
dreams and difficulty sleeping are reminiscent of previous experiences you had
around the time of your break up the difficulty with your fathers business
and your mothers health issues these connections to past events may be
important insights to continue exploring in addition to finding out more about
what your dreams may be trying to tell you there is no exact science to
dreams but many people find it fruitful to explore the content as it relates to
significant themes in their lives i think that exploring these issues further with
a therapist could help you resolve whatever is causing you the stress trouble sleeping and frightening dreams",1,1,777,0.6686023090702001,0.3313976909297998,F
889,2028,"it takes me a long time to fall asleep id estimate about two hours i often have nightmares starting with being eaten by a monster and i often wake up frightened and unable to breathe

i believe i started losing sleep after breaking up with a girlfriend of  years also my fathers business went bankrupt and my mother has a chronic condition i was under a lot of stress and life lost meaning

after improving my life and developing a habit of running and exercise to release stress my symptoms improved however in the past couple months i started losing sleep again and having nightmares without warning how can i solve this issue",sleep improvement,"youre noticing that as you lie down to go to sleep there
is quite a bit going on which may be anxiety related it sounds like the
dreams and difficulty sleeping are reminiscent of previous experiences you had
around the time of your break up the difficulty with your fathers business
and your mothers health issues these connections to past events may be
important insights to continue exploring in addition to finding out more about
what your dreams may be trying to tell you there is no exact science to
dreams but many people find it fruitful to explore the content as it relates to
significant themes in their lives i think that exploring these issues further with
a therapist could help you resolve whatever is causing you the stress trouble sleeping and frightening dreams",1,1,777,0.6686023090702001,0.3313976909297998,F
890,389,"i recently broke up with my boyfriend after being together for over  years i truly believe i did the right thing but omehow being single now has made me very needy and unsure of myself
    i am seeing someone casually and i am losing my mind with anxiety about how he feels about me and this need for validation
   how can i learn to be content and at peace with myself regardless of my career relationship status etc",anxiety,hello  what you are experiencing is entirely reasonable for someone that is still trying to adjust to a new life and also leave behind a long term relationship  it sounds like you lost touch with who you were as a person and need to start exploring that side of you again  spend time doing things that you have been putting off or did not do because you were involved  take the time to become one with yourself before you get into another serious relationship  regaining selfconfidence on yourself will help you with all other areas of life  it is time to make you a priority and to start focusing on your mental and physical well being  get connected with your community and find things you would want to do that give you purpose and lift you  before too long you will be in your way to being content and in total control of your mind and at peace  best of luck mirella,1,1,870,0.6685095672549501,0.3314904327450498,F
891,1698,"how do you know you have the right therapist for you
 how would i know how to train my therapist to be able to give me what i need from treatment",counselingfundamentals,how do you know if you have the right therapist   first you must do your homework regarding what your needs are once you determine what your needs are you can narrow your search down to gender age background what they specialize in  once you have that information you want to choose a few therapist to interview to get a feel of their communication style and if you feel safe with the therapist  sometimes you may have to meet with several therapist  before making a decision  the key is you feel emotionally and physically safe,1,1,528,0.6684101244949695,0.3315898755050305,F
892,164,im facing severe depression and anxiety and i just feel like im going through a lot this really distracts me and i cant get my mind off the things that are bothering me    how do i overcome this anxierty and depression,depression,i have been where you are i did a bunch of stuff that kept me busy and it seemed like it was working and it was i finally went and did brainspotting with a therapist and lens low energy neurofeedback system and those were the two things that were the cherry on top now i feel like i see my depression but i handle it differently same with my anxiety its there but its not there as much as it was brainspotting is a phenomenal therapy where it gets to the deep limbic system ad it helps your brain to create new paths of responding lens is all about the brain and brainwaves and how your body responds to various frequencies traditional bioneurofeedback is helpful but it takes some time before you will feel differently but lens can cut that time in half or even a quarter combining both treatments along with your effort and a therapist that you connect with will help you to overcome anxiety and depression to where you are controlling it and not the other way around hope this helps,1,1,985,0.6679881726443866,0.3320118273556134,F
893,1430,i have a lot of child custody concerns financial issues insecurities and weigh gain i also have no local family support its hard for me to stay positive i get very emotional and take it out on the people i love how can i stay strong,relationships,theres online forums and blogs some of which have interactive discussion groupsalso depending on exactly  what you mean by becoming emotional feeling overwhelmed by feelings typically happens when people feel a lot of stress and pressure in their lives   loneliness contributes to feeling overwhelmed tooyour feelings may be perfectly normalsimilarly depending on what you mean take it out on people you may be expecting too much of yourselfif youre expecting other people to listen to your upset feelings this is reasonableif youre harming them as a a result of your upset feelings this is unreasonabledepending on what exactly you are doing when you take it out you may be quite reasonable to do so,1,1,700,0.6679451573123112,0.3320548426876888,F
894,448,i am on the track and softball team my school is small so i play all four sports it offers i feel obligated to do track because im not a horrible runner and my dad wants me to the catch is is that the days before a track meet and the morning of i get sick and cry,anxiety,does anyone notice that you get sick and cry on track meet dayshave you told anyonefrom what you write as much as you would like to please your school and dad something within you doesnt quite want to fully follow throughstep one in life always is to know what you want and what your limits are   it already is difficult to avoid listening to your bodytry understanding what is difficult in telling your father that youd like doing as he wishes only are not able to do so because you are emotionally and physically distraught on the days you have trackafter finishing the season for this year with your schools track team then expect to concentrate on taking care of your own need to not do trackhopefully your father will understand and care about your problem   if he does not and track is more important than your well being then you have a different problem entirely,1,1,870,0.6672773146874662,0.3327226853125338,F
895,108,"i tried telling my husband i was depressed and he ignored me he said youre always sad or depressed and he picked up his phone and ignored me i said please dont exaggerate that isnt true and he said whatever babe you just want to be sad
   how can i get through to him so he will take me seriously",depression,are you seeing a therapist  do you take your depression seriously  the seriousness of this is gauged by how he feels about it   people typically feed off our energy  you feel you are depressed and if you want to take massive action towards your healing doing what is best for you regardless of others reactions to it will be key he may not have any firsthand experience with depression or how to handle it he could not know how he can help  regardless your mental health is key and seeking the support you need to move forward in a progressive way is essential  get the support you need and embrace he may or may not come around as you seek the support you need and deserve,1,1,673,0.6672167491500482,0.3327832508499517,F
896,2512,i know im ruining my life with a lot of the decisions i make  i consistently tell myself i need to make some serious changes in my life but i just cant seem to even though i really want to why cant i force myself to change,behavioral change,in general the reason people arent able to change is because the person feels a sense of fear to changewhat the roots are of this fear are usually easiest to identify by talking with someone whom you trust and feel safe to talk about your inner thoughts and emotionsif you havent got someone like this in your life which is common then shop around for a therapist because a therapist is someone who is professionally trained to listen in a way which helps someone know more about who they arebe patient with yourself too  change sometimes feels much scarier and is more complex than simple compared with whatever you would like to change,1,1,637,0.6671340166418855,0.3328659833581144,F
897,1565,i know im ruining my life with a lot of the decisions i make i consistently tell myself i need to make some serious changes in my life but i just cant seem to even though i really want to why cant i force myself to change,behavioralchange,in general the reason people arent able to change is because the person feels a sense of fear to changewhat the roots are of this fear are usually easiest to identify by talking with someone whom you trust and feel safe to talk about your inner thoughts and emotionsif you havent got someone like this in your life which is common then shop around for a therapist because a therapist is someone who is professionally trained to listen in a way which helps someone know more about who they arebe patient with yourself too  change sometimes feels much scarier and is more complex than simple compared with whatever you would like to change,1,1,637,0.6671340166418855,0.3328659833581144,F
898,2664,ive gone to a couple therapy sessions so far and still everytime i walk in i get nervous and shaky  is this normal should i still be feeling like this,anxietycounseling fundamentals ,it takes a lot of courage to go to therapy  i have gone myself as a counselor and know what that feeling is like this is normal but hopefully you have become more comfortable with your therapist this might be something to bring up to your therapist and openly discuss scary to do but its ok this may even relieve some of your anxiety  if it continues you may want to consider trying another therapist as this one may not be the best fit for you,1,1,444,0.6667465284466964,0.3332534715533036,F
899,342,ive gone to a couple therapy sessions so far and still everytime i walk in i get nervous and shaky is this normal should i still be feeling like this,anxiety,it takes a lot of courage to go to therapy  i have gone myself as a counselor and know what that feeling is like this is normal but hopefully you have become more comfortable with your therapist this might be something to bring up to your therapist and openly discuss scary to do but its ok this may even relieve some of your anxiety  if it continues you may want to consider trying another therapist as this one may not be the best fit for you,1,1,444,0.6667465284466964,0.3332534715533036,F
900,1228,i dont love my sister i would never wish her harm but if i could i would wish for us not to be related is this cruel why must blood mean we have to be friends am i being unreasonable and is there a way to fix this i do care about her like i do every human being but id rather be with my friends than be with her at all its not just a teenager phase i still love my mom and dad and im very close to them however its my sister i dont love or have ever really liked at all,familyconflict,not liking someone is not cruel  even if it is a family member there is nothing wrong with you for not liking your sister some people are fortunate to have siblings that they get along with really well other dont we all have different personalities and we are not going to like everyone  even if they are related in fact sometimes being related makes it harder because you know all of each others flaws and imperfections with that being said  it may be worth it to make an effort to talk about the things that get in the way of having the kind of relationship that you might ideally want with your sister sometimes it is hard to like someone if we have a lot of old frustration and resentment and being able to talk about it in a constructive and kind way can lead to more understanding and respect and sometimes actually liking each other,1,1,839,0.6667461064046946,0.3332538935953054,F
901,1825,does counseling really do anything that can help people,counselingfundamentals,you are asking a room full of counselors and so i am going to guess that we may be a bit biased  my answer is this sometimes many people benefit from counseling and when counseling works those benefits can show up through positive improvements in your moods making more choices that align with your values working through stuff and a general improved sense of self sometimes for a variety of reasons a counselor the approach they are using and the person do not match up and when that happens sometimes counseling does not help it is very important to find the right counselor for you ideally this should be someone you feel a level of trust and connection with who is also using a style that you feel confident in research has shown that these aspects what is called the therapeutic alliance along with shared goals between the client and counselor give counseling the best chance at being effective,1,1,900,0.6665953067030548,0.3334046932969452,F
902,1751,is it normal for people to cry during therapy or is it just me,counselingfundamentals,"yes it is very normal to cry in therapy often times this is
a time when you can let your guard down you can feel safe in this environment
and allow yourself to feel all your feelings feelings are valid  we often hold our feelings tears inside and
once we feel safe our bodies feel safe to release them",1,1,301,0.6659933711830812,0.3340066288169188,F
